element_id,row_type,parent_id,screen_id,screen,source_path,source_symbol_or_requirement,implementation_status,component_id,variant,states,light_dark_token_roles,layout_id,pattern_id,placement,interaction_contract,accessibility_contract,copy_key,english,romanian,spec_anchor,verification_scenario
C:D01-A01,source_action_group,,D01,Unsaved changes and save rescue,docs/product/ServiceLoop_Conceptual_App_Map_v0_1.md,C:D01-A01,implemented,C20,Keep editing / Resume recovered input,Open; staged; error; ineligible; committing; safe return,color.surfaceRaised;color.textPrimary;color.textSecondary;color.action;color.errorInk;color.destructive;color.onDestructive;color.focus,L11,P10,Explicit labelled secondary action in the matching D01 section; infrequent management variants in named More menu per screen composition.,Return to the same editor and buffer; no business mutation. Missing parent produces a safe explanation.,Use C20 role/name/state contract; include current record identity where repeated; preserve logical focus and explicit keyboard action.,action_c_d01_a01,Keep editing / Resume recovered input,Continuă editarea / Reia datele recuperate,action-c-d01-a01,"T-C-D01-A01: invoke from D01; test success, cancellation, blocked state and retry against this exact effect."
C:D01-A02,source_action_group,,D01,Unsaved changes and save rescue,docs/product/ServiceLoop_Conceptual_App_Map_v0_1.md,C:D01-A02,implemented,C06,Discard changes,Open; staged; error; ineligible; committing; safe return,color.destructive;color.onDestructive;color.errorInk;color.errorContainer;color.focus,L11,P10,Explicit labelled secondary action in the matching D01 section; infrequent management variants in named More menu per screen composition.,Discard only uncommitted input after named loss review; keep the last durable record.,Use C06 role/name/state contract; include current record identity where repeated; preserve logical focus and explicit keyboard action.,action_c_d01_a02,Discard changes,Renunță la modificări,action-c-d01-a02,"T-C-D01-A02: invoke from D01; test success, cancellation, blocked state and retry against this exact effect."
C:D01-A03,source_action_group,,D01,Unsaved changes and save rescue,docs/product/ServiceLoop_Conceptual_App_Map_v0_1.md,C:D01-A03,adopted/pending (partial control exposed),C05,Retry saving,Open; staged; error; ineligible; committing; safe return,color.action;color.onAction;color.actionPressed;color.surface;color.outlineControl;color.disabledContainer;color.disabledText;color.focus,L11,P01,Primary footer or current review/section commit named Retry saving; conditional variants never shown simultaneously as competing primary actions.,Retry the failed write and wait for actual durable acknowledgement before departure.,Use C05 role/name/state contract; include current record identity where repeated; preserve logical focus and explicit keyboard action.,action_c_d01_a03,Retry saving,Reîncearcă salvarea,action-c-d01-a03,"T-C-D01-A03: invoke from D01; test success, cancellation, blocked state and retry against this exact effect."
C:D01-A04,source_action_group,,D01,Unsaved changes and save rescue,docs/product/ServiceLoop_Conceptual_App_Map_v0_1.md,C:D01-A04,adopted/pending,C06,Leave without unsaved changes,Open; staged; error; ineligible; committing; safe return,color.destructive;color.onDestructive;color.errorInk;color.errorContainer;color.focus,L11,P10,Explicit labelled secondary action in the matching D01 section; infrequent management variants in named More menu per screen composition.,Only after save failure; explain the last confirmed checkpoint and exactly what is lost.,Use C06 role/name/state contract; include current record identity where repeated; preserve logical focus and explicit keyboard action.,action_c_d01_a04,Leave without unsaved changes,Ieși fără modificările nesalvate,action-c-d01-a04,"T-C-D01-A04: invoke from D01; test success, cancellation, blocked state and retry against this exact effect."
C:D02-A01,source_action_group,,D02,Entity selector,docs/product/ServiceLoop_Conceptual_App_Map_v0_1.md,C:D02-A01,implemented,C17,Search / Clear search,Open; staged; error; ineligible; committing; safe return,color.surface;color.textPrimary;color.textSecondary;color.icon;color.outlineDecorative;color.focus,L11,P03,List/selector controls immediately below top bar and before result count; never a status badge.,Filter eligible local records by actual identity/context; no match does not create a record.,Use C17 role/name/state contract; include current record identity where repeated; preserve logical focus and explicit keyboard action.,action_c_d02_a01,Search / Clear search,Caută / Șterge căutarea,action-c-d02-a01,"T-C-D02-A01: invoke from D02; test success, cancellation, blocked state and retry against this exact effect."
C:D02-A02,source_action_group,,D02,Entity selector,docs/product/ServiceLoop_Conceptual_App_Map_v0_1.md,C:D02-A02,implemented,C13,Select row / selection checkbox,Open; staged; error; ineligible; committing; safe return,color.action;color.onAction;color.outlineControl;color.textPrimary;color.textSecondary;color.focus;color.disabledText,L11,P04,Labelled choice/selection group named Select row / selection checkbox in D02; option toggles retain group/parent context.,Single-choice row or staged multi-selection; ineligible rows explain why. No mutation of parent yet.,Use C13 role/name/state contract; include current record identity where repeated; preserve logical focus and explicit keyboard action.,action_c_d02_a02,Select row / selection checkbox,Selectează rândul / Selectează,action-c-d02-a02,"T-C-D02-A02: invoke from D02; test success, cancellation, blocked state and retry against this exact effect."
C:D02-A03,source_action_group,,D02,Entity selector,docs/product/ServiceLoop_Conceptual_App_Map_v0_1.md,C:D02-A03,adopted/pending,C05,Use selection,Open; staged; error; ineligible; committing; safe return,color.action;color.onAction;color.actionPressed;color.surface;color.outlineControl;color.disabledContainer;color.disabledText;color.focus,L11,P01,Primary footer or current review/section commit named Use selection; conditional variants never shown simultaneously as competing primary actions.,Return valid staged selection to parent; parent Save still owns persistence.,Use C05 role/name/state contract; include current record identity where repeated; preserve logical focus and explicit keyboard action.,action_c_d02_a03,Use selection,Folosește selecția,action-c-d02-a03,"T-C-D02-A03: invoke from D02; test success, cancellation, blocked state and retry against this exact effect."
C:D02-A04,source_action_group,,D02,Entity selector,docs/product/ServiceLoop_Conceptual_App_Map_v0_1.md,C:D02-A04,adopted/pending,C07,Add customer / Add site / Add equipment / Add template,Open; staged; error; ineligible; committing; safe return,color.action;color.focus;color.disabledText;color.surface,L11,P01,Explicit labelled secondary action in the matching D02 section; infrequent management variants in named More menu per screen composition.,Open only entity editors authorized for this selector; return the saved result. Cancelling restores previous selection.,Use C07 role/name/state contract; include current record identity where repeated; preserve logical focus and explicit keyboard action.,action_c_d02_a04,Add customer / Add site / Add equipment / Add template,Adaugă client / Adaugă locație / Adaugă echipament / Adaugă șablon,action-c-d02-a04,"T-C-D02-A04: invoke from D02; test success, cancellation, blocked state and retry against this exact effect."
C:D02-A05,source_action_group,,D02,Entity selector,docs/product/ServiceLoop_Conceptual_App_Map_v0_1.md,C:D02-A05,adopted/pending,C14,Show historical/inactive,Open; staged; error; ineligible; committing; safe return,color.action;color.onAction;color.surfaceSubtle;color.outlineControl;color.textPrimary;color.textSecondary;color.errorInk;color.focus,L11,P01,Explicit labelled secondary action in the matching D02 section; infrequent management variants in named More menu per screen composition.,Only in scopes allowing historical selection; does not reactivate records or make them current eligible.,Use C14 role/name/state contract; include current record identity where repeated; preserve logical focus and explicit keyboard action.,action_c_d02_a05,Show historical/inactive,Arată înregistrările istorice/inactive,action-c-d02-a05,"T-C-D02-A05: invoke from D02; test success, cancellation, blocked state and retry against this exact effect."
C:D02-A06,source_action_group,,D02,Entity selector,docs/product/ServiceLoop_Conceptual_App_Map_v0_1.md,C:D02-A06,implemented,C07,Cancel,Open; staged; error; ineligible; committing; safe return,color.action;color.focus;color.disabledText;color.surface,L11,P01,Toolbar Back/Cancel or safe dialog dismissal; obey exact parent save contract.,Discard staged choice and return the parent's previous selection.,Use C07 role/name/state contract; include current record identity where repeated; preserve logical focus and explicit keyboard action.,action_c_d02_a06,Cancel,Renunță,action-c-d02-a06,"T-C-D02-A06: invoke from D02; test success, cancellation, blocked state and retry against this exact effect."
C:D03-A01,source_action_group,,D03,Dependency review,docs/product/ServiceLoop_Conceptual_App_Map_v0_1.md,C:D03-A01,implemented,C11,Open blocking item,Open; staged; error; ineligible; committing; safe return,color.surface;color.canvas;color.textPrimary;color.textSecondary;color.outlineDecorative;color.icon;color.focus,L11,P01,"Named relationship/result row in D03 body, after identity within its labelled section; trailing chevron only when navigable.",Open the named actual dependency; return rechecks guards without auto-resolving anything.,Use C11 role/name/state contract; include current record identity where repeated; preserve logical focus and explicit keyboard action.,action_c_d03_a01,Open blocking item,Deschide elementul care blochează,action-c-d03-a01,"T-C-D03-A01: invoke from D03; test success, cancellation, blocked state and retry against this exact effect."
C:D03-A02,source_action_group,,D03,Dependency review,docs/product/ServiceLoop_Conceptual_App_Map_v0_1.md,C:D03-A02,implemented,C06,Confirm named action,Open; staged; error; ineligible; committing; safe return,color.destructive;color.onDestructive;color.errorInk;color.errorContainer;color.focus,L11,P10,Explicit labelled secondary action in the matching D03 section; infrequent management variants in named More menu per screen composition.,Use Archive/Retire/Remove wording for this subject; commit only with current guards/reason satisfied.,Use C06 role/name/state contract; include current record identity where repeated; preserve logical focus and explicit keyboard action.,action_c_d03_a02,Confirm named action,Confirmă acțiunea indicată,action-c-d03-a02,"T-C-D03-A02: invoke from D03; test success, cancellation, blocked state and retry against this exact effect."
C:D03-A03,source_action_group,,D03,Dependency review,docs/product/ServiceLoop_Conceptual_App_Map_v0_1.md,C:D03-A03,implemented,C07,Cancel,Open; staged; error; ineligible; committing; safe return,color.action;color.focus;color.disabledText;color.surface,L11,P01,Toolbar Back/Cancel or safe dialog dismissal; obey exact parent save contract.,Close review without changes; preserve records and blockers.,Use C07 role/name/state contract; include current record identity where repeated; preserve logical focus and explicit keyboard action.,action_c_d03_a03,Cancel,Renunță,action-c-d03-a03,"T-C-D03-A03: invoke from D03; test success, cancellation, blocked state and retry against this exact effect."
C:D04-A01,source_action_group,,D04,Photo workspace,docs/product/ServiceLoop_Conceptual_App_Map_v0_1.md,C:D04-A01,implemented,C07,Take photo,Open; staged; error; ineligible; committing; safe return,color.action;color.focus;color.disabledText;color.surface,L11,P01,Explicit labelled secondary action in the matching D04 section; infrequent management variants in named More menu per screen composition.,Checkpoint original dataset/record target; launch external camera with scoped destination; validate/copy returned bytes before Saved.,Use C07 role/name/state contract; include current record identity where repeated; preserve logical focus and explicit keyboard action.,action_c_d04_a01,Take photo,Fotografiază,action-c-d04-a01,"T-C-D04-A01: invoke from D04; test success, cancellation, blocked state and retry against this exact effect."
C:D04-A02,source_action_group,,D04,Photo workspace,docs/product/ServiceLoop_Conceptual_App_Map_v0_1.md,C:D04-A02,implemented,C07,Choose photo,Open; staged; error; ineligible; committing; safe return,color.action;color.focus;color.disabledText;color.surface,L11,P01,Explicit labelled secondary action in the matching D04 section; infrequent management variants in named More menu per screen composition.,System selected-media picker; copy only chosen validated image; inaccessible source offers retry or another image.,Use C07 role/name/state contract; include current record identity where repeated; preserve logical focus and explicit keyboard action.,action_c_d04_a02,Choose photo,Alege fotografie,action-c-d04-a02,"T-C-D04-A02: invoke from D04; test success, cancellation, blocked state and retry against this exact effect."
C:D04-A03,source_action_group,,D04,Photo workspace,docs/product/ServiceLoop_Conceptual_App_Map_v0_1.md,C:D04-A03,adopted/pending,C24,View / Previous / Next / Zoom in / Zoom out / Fit,Open; staged; error; ineligible; committing; safe return,color.photoMat;color.surface;color.textPrimary;color.textSecondary;color.outlineDecorative;color.selection;color.selectionOutline,L11,P14,"Photo/evidence group of D04; thumbnail opens viewer, labelled intake/selection actions adjacent.",Inspect retained image; gestures supplement individually labelled controls. Missing bytes show File missing.,Use C24 role/name/state contract; include current record identity where repeated; preserve logical focus and explicit keyboard action.,action_c_d04_a03,View / Previous / Next / Zoom in / Zoom out / Fit,Vizualizează / Anterior / Următor / Mărește / Micșorează / Încadrează,action-c-d04-a03,"T-C-D04-A03: invoke from D04; test success, cancellation, blocked state and retry against this exact effect."
C:D04-A04,source_action_group,,D04,Photo workspace,docs/product/ServiceLoop_Conceptual_App_Map_v0_1.md,C:D04-A04,adopted/pending (partial control exposed),C08,Caption,Open; staged; error; ineligible; committing; safe return,color.surface;color.textPrimary;color.textSecondary;color.outlineControl;color.focus;color.errorInk;color.disabledContainer;color.disabledText,L11,P04,Named Caption field/selector in D04 content order; error directly below; see individual field ledger.,Plain text maximum500 under adopted contract; clearly customer-visible only when included; Save follows parent mode.,Use C08 role/name/state contract; include current record identity where repeated; preserve logical focus and explicit keyboard action.,action_c_d04_a04,Caption,Legendă,action-c-d04-a04,"T-C-D04-A04: invoke from D04; test success, cancellation, blocked state and retry against this exact effect."
C:D04-A05,source_action_group,,D04,Photo workspace,docs/product/ServiceLoop_Conceptual_App_Map_v0_1.md,C:D04-A05,adopted/pending (partial control exposed),C13,Include in customer report,Open; staged; error; ineligible; committing; safe return,color.action;color.onAction;color.outlineControl;color.textPrimary;color.textSecondary;color.focus;color.disabledText,L11,P04,Labelled choice/selection group named Include in customer report in D04; option toggles retain group/parent context.,Off for new working evidence; draft selection only; no private/access fields made selectable.,Use C13 role/name/state contract; include current record identity where repeated; preserve logical focus and explicit keyboard action.,action_c_d04_a05,Include in customer report,Include în raportul pentru client,action-c-d04-a05,"T-C-D04-A05: invoke from D04; test success, cancellation, blocked state and retry against this exact effect."
C:D04-A06,source_action_group,,D04,Photo workspace,docs/product/ServiceLoop_Conceptual_App_Map_v0_1.md,C:D04-A06,adopted/pending,C06,Remove / Replace,Open; staged; error; ineligible; committing; safe return,color.destructive;color.onDestructive;color.errorInk;color.errorContainer;color.focus,L11,P10,Explicit labelled secondary action in the matching D04 section; infrequent management variants in named More menu per screen composition.,Allowed editable context only; confirm app-copy/reference effects. Never remove gallery originals or historical retained evidence.,Use C06 role/name/state contract; include current record identity where repeated; preserve logical focus and explicit keyboard action.,action_c_d04_a06,Remove / Replace,Elimină / Înlocuiește,action-c-d04-a06,"T-C-D04-A06: invoke from D04; test success, cancellation, blocked state and retry against this exact effect."
C:D04-A07,source_action_group,,D04,Photo workspace,docs/product/ServiceLoop_Conceptual_App_Map_v0_1.md,C:D04-A07,adopted/pending,C05,Use / Done,Open; staged; error; ineligible; committing; safe return,color.action;color.onAction;color.actionPressed;color.surface;color.outlineControl;color.disabledContainer;color.disabledText;color.focus,L11,P01,Primary footer or current review/section commit named Use / Done; conditional variants never shown simultaneously as competing primary actions.,Accept verified intake or close viewer. Explicit-form parent still must Save; autosave waits for acknowledgement.,Use C05 role/name/state contract; include current record identity where repeated; preserve logical focus and explicit keyboard action.,action_c_d04_a07,Use / Done,Folosește / Gata,action-c-d04-a07,"T-C-D04-A07: invoke from D04; test success, cancellation, blocked state and retry against this exact effect."
C:D04-A08,source_action_group,,D04,Photo workspace,docs/product/ServiceLoop_Conceptual_App_Map_v0_1.md,C:D04-A08,adopted/pending,C07,Locate missing original,Open; staged; error; ineligible; committing; safe return,color.action;color.focus;color.disabledText;color.surface,L11,P01,Explicit labelled secondary action in the matching D04 section; infrequent management variants in named More menu per screen composition.,Select replacement candidate and accept as original only on stored integrity match; otherwise correction route.,Use C07 role/name/state contract; include current record identity where repeated; preserve logical focus and explicit keyboard action.,action_c_d04_a08,Locate missing original,Localizează originalul lipsă,action-c-d04-a08,"T-C-D04-A08: invoke from D04; test success, cancellation, blocked state and retry against this exact effect."
C:D05-A01,source_action_group,,D05,Contact and navigation handoff,docs/product/ServiceLoop_Conceptual_App_Map_v0_1.md,C:D05-A01,adopted/pending,C13,Recipient: Site contact / Customer contact,Open; staged; error; ineligible; committing; safe return,color.action;color.onAction;color.outlineControl;color.textPrimary;color.textSecondary;color.focus;color.disabledText,L11,P04,Labelled choice/selection group named Recipient: Site contact / Customer contact in D05; option toggles retain group/parent context.,"Choose one displayed source with actual values, not an invisible mixture of contacts.",Use C13 role/name/state contract; include current record identity where repeated; preserve logical focus and explicit keyboard action.,action_c_d05_a01,Recipient: Site contact / Customer contact,Destinatar: contactul locației / contactul clientului,action-c-d05-a01,"T-C-D05-A01: invoke from D05; test success, cancellation, blocked state and retry against this exact effect."
C:D05-A02,source_action_group,,D05,Contact and navigation handoff,docs/product/ServiceLoop_Conceptual_App_Map_v0_1.md,C:D05-A02,implemented,C07,Open dialer,Open; staged; error; ineligible; committing; safe return,color.action;color.focus;color.disabledText;color.surface,L11,P01,Explicit labelled secondary action in the matching D05 section; infrequent management variants in named More menu per screen composition.,Pass the selected number to dialer; user initiates call. No connected/contact record implied.,Use C07 role/name/state contract; include current record identity where repeated; preserve logical focus and explicit keyboard action.,action_c_d05_a02,Open dialer,Deschide aplicația Telefon,action-c-d05-a02,"T-C-D05-A02: invoke from D05; test success, cancellation, blocked state and retry against this exact effect."
C:D05-A03,source_action_group,,D05,Contact and navigation handoff,docs/product/ServiceLoop_Conceptual_App_Map_v0_1.md,C:D05-A03,implemented,C07,Compose text message,Open; staged; error; ineligible; committing; safe return,color.action;color.focus;color.disabledText;color.surface,L11,P01,Explicit labelled secondary action in the matching D05 section; infrequent management variants in named More menu per screen composition.,Open external SMS composer with reviewed minimal content; no automatic send.,Use C07 role/name/state contract; include current record identity where repeated; preserve logical focus and explicit keyboard action.,action_c_d05_a03,Compose text message,Compune mesaj text,action-c-d05-a03,"T-C-D05-A03: invoke from D05; test success, cancellation, blocked state and retry against this exact effect."
C:D05-A04,source_action_group,,D05,Contact and navigation handoff,docs/product/ServiceLoop_Conceptual_App_Map_v0_1.md,C:D05-A04,implemented,C07,Compose email,Open; staged; error; ineligible; committing; safe return,color.action;color.focus;color.disabledText;color.surface,L11,P01,Explicit labelled secondary action in the matching D05 section; infrequent management variants in named More menu per screen composition.,Open external composer with recipient/subject/body; no send/receipt assertion.,Use C07 role/name/state contract; include current record identity where repeated; preserve logical focus and explicit keyboard action.,action_c_d05_a04,Compose email,Compune e-mail,action-c-d05-a04,"T-C-D05-A04: invoke from D05; test success, cancellation, blocked state and retry against this exact effect."
C:D05-A05,source_action_group,,D05,Contact and navigation handoff,docs/product/ServiceLoop_Conceptual_App_Map_v0_1.md,C:D05-A05,implemented,C07,Open map,Open; staged; error; ineligible; committing; safe return,color.action;color.focus;color.disabledText;color.surface,L11,P01,Explicit labelled secondary action in the matching D05 section; infrequent management variants in named More menu per screen composition.,Hand off visible address; no in-app geocoding/location tracking; missing address links to edit.,Use C07 role/name/state contract; include current record identity where repeated; preserve logical focus and explicit keyboard action.,action_c_d05_a05,Open map,Deschide harta,action-c-d05-a05,"T-C-D05-A05: invoke from D05; test success, cancellation, blocked state and retry against this exact effect."
C:D05-A06,source_action_group,,D05,Contact and navigation handoff,docs/product/ServiceLoop_Conceptual_App_Map_v0_1.md,C:D05-A06,adopted/pending,C07,Copy phone / email / address / prepared message,Open; staged; error; ineligible; committing; safe return,color.action;color.focus;color.disabledText;color.surface,L11,P01,Explicit labelled secondary action in the matching D05 section; infrequent management variants in named More menu per screen composition.,Copy exactly selected visible content on explicit action; clipboard warning for sensitive content.,Use C07 role/name/state contract; include current record identity where repeated; preserve logical focus and explicit keyboard action.,action_c_d05_a06,Copy phone / email / address / prepared message,Copiază telefonul / e-mailul / adresa / mesajul,action-c-d05-a06,"T-C-D05-A06: invoke from D05; test success, cancellation, blocked state and retry against this exact effect."
C:D05-A07,source_action_group,,D05,Contact and navigation handoff,docs/product/ServiceLoop_Conceptual_App_Map_v0_1.md,C:D05-A07,implemented,C07,Record contact outcome,Open; staged; error; ineligible; committing; safe return,color.action;color.focus;color.disabledText;color.surface,L11,P01,Explicit labelled secondary action in the matching D05 section; infrequent management variants in named More menu per screen composition.,Open manual contact editor; external return never records an outcome automatically.,Use C07 role/name/state contract; include current record identity where repeated; preserve logical focus and explicit keyboard action.,action_c_d05_a07,Record contact outcome,Înregistrează rezultatul contactării,action-c-d05-a07,"T-C-D05-A07: invoke from D05; test success, cancellation, blocked state and retry against this exact effect."
C:D05-A08,source_action_group,,D05,Contact and navigation handoff,docs/product/ServiceLoop_Conceptual_App_Map_v0_1.md,C:D05-A08,adopted/pending,C07,Close,Open; staged; error; ineligible; committing; safe return,color.action;color.focus;color.disabledText;color.surface,L11,P01,Toolbar Back/Cancel or safe dialog dismissal; obey exact parent save contract.,Return to caller; no obligation/booking/follow-up changes.,Use C07 role/name/state contract; include current record identity where repeated; preserve logical focus and explicit keyboard action.,action_c_d05_a08,Close,Închide,action-c-d05-a08,"T-C-D05-A08: invoke from D05; test success, cancellation, blocked state and retry against this exact effect."
C:D06-A01,source_action_group,,D06,Reasoned date/state change,docs/product/ServiceLoop_Conceptual_App_Map_v0_1.md,C:D06-A01,implemented,C05,Confirm named change,Open; staged; error; ineligible; committing; safe return,color.action;color.onAction;color.actionPressed;color.surface;color.outlineControl;color.disabledContainer;color.disabledText;color.focus,L11,P01,Primary footer or current review/section commit named Confirm named change; conditional variants never shown simultaneously as competing primary actions.,Commit displayed before/after date or state and required reason; fulfillment is not inferred.,Use C05 role/name/state contract; include current record identity where repeated; preserve logical focus and explicit keyboard action.,action_c_d06_a01,Confirm named change,Confirmă modificarea indicată,action-c-d06-a01,"T-C-D06-A01: invoke from D06; test success, cancellation, blocked state and retry against this exact effect."
C:D06-A02,source_action_group,,D06,Reasoned date/state change,docs/product/ServiceLoop_Conceptual_App_Map_v0_1.md,C:D06-A02,adopted/pending,C13,Keep current value,Open; staged; error; ineligible; committing; safe return,color.action;color.onAction;color.outlineControl;color.textPrimary;color.textSecondary;color.focus;color.disabledText,L11,P04,Labelled choice/selection group named Keep current value in D06; option toggles retain group/parent context.,Explicitly retain existing date even when overdue; do not recalculate silently.,Use C13 role/name/state contract; include current record identity where repeated; preserve logical focus and explicit keyboard action.,action_c_d06_a02,Keep current value,Păstrează valoarea curentă,action-c-d06-a02,"T-C-D06-A02: invoke from D06; test success, cancellation, blocked state and retry against this exact effect."
C:D06-A03,source_action_group,,D06,Reasoned date/state change,docs/product/ServiceLoop_Conceptual_App_Map_v0_1.md,C:D06-A03,implemented,C07,Cancel,Open; staged; error; ineligible; committing; safe return,color.action;color.focus;color.disabledText;color.surface,L11,P01,Toolbar Back/Cancel or safe dialog dismissal; obey exact parent save contract.,No state/date/history change; discard only this uncommitted proposal.,Use C07 role/name/state contract; include current record identity where repeated; preserve logical focus and explicit keyboard action.,action_c_d06_a03,Cancel,Renunță,action-c-d06-a03,"T-C-D06-A03: invoke from D06; test success, cancellation, blocked state and retry against this exact effect."
C:D06-A04,source_action_group,,D06,Reasoned date/state change,docs/product/ServiceLoop_Conceptual_App_Map_v0_1.md,C:D06-A04,implemented,C07,Close,Open; staged; error; ineligible; committing; safe return,color.action;color.focus;color.disabledText;color.surface,L11,P01,Toolbar Back/Cancel or safe dialog dismissal; obey exact parent save contract.,Read-only historical variant only; cannot replay or undo historical transition.,Use C07 role/name/state contract; include current record identity where repeated; preserve logical focus and explicit keyboard action.,action_c_d06_a04,Close,Închide,action-c-d06-a04,"T-C-D06-A04: invoke from D06; test success, cancellation, blocked state and retry against this exact effect."
C:D07-A01,source_action_group,,D07,Close or reopen follow-up,docs/product/ServiceLoop_Conceptual_App_Map_v0_1.md,C:D07-A01,implemented,C05,Resolve,Open; staged; error; ineligible; committing; safe return,color.action;color.onAction;color.actionPressed;color.surface;color.outlineControl;color.disabledContainer;color.disabledText;color.focus,L11,P01,Primary footer or current review/section commit named Resolve; conditional variants never shown simultaneously as competing primary actions.,"Require outcome/date; standalone writes task, review-child stages until parent commit; no plan fulfillment.",Use C05 role/name/state contract; include current record identity where repeated; preserve logical focus and explicit keyboard action.,action_c_d07_a01,Resolve,Marchează ca rezolvată,action-c-d07-a01,"T-C-D07-A01: invoke from D07; test success, cancellation, blocked state and retry against this exact effect."
C:D07-A02,source_action_group,,D07,Close or reopen follow-up,docs/product/ServiceLoop_Conceptual_App_Map_v0_1.md,C:D07-A02,implemented,C06,Cancel follow-up,Open; staged; error; ineligible; committing; safe return,color.destructive;color.onDestructive;color.errorInk;color.errorContainer;color.focus,L11,P10,Explicit labelled secondary action in the matching D07 section; infrequent management variants in named More menu per screen composition.,"Reason required; cancel only this follow-up, not proof of repair or visit cancellation.",Use C06 role/name/state contract; include current record identity where repeated; preserve logical focus and explicit keyboard action.,action_c_d07_a02,Cancel follow-up,Anulează acțiunea de urmărire,action-c-d07-a02,"T-C-D07-A02: invoke from D07; test success, cancellation, blocked state and retry against this exact effect."
C:D07-A03,source_action_group,,D07,Close or reopen follow-up,docs/product/ServiceLoop_Conceptual_App_Map_v0_1.md,C:D07-A03,implemented,C05,Reopen,Open; staged; error; ineligible; committing; safe return,color.action;color.onAction;color.actionPressed;color.surface;color.outlineControl;color.disabledContainer;color.disabledText;color.focus,L11,P01,Primary footer or current review/section commit named Reopen; conditional variants never shown simultaneously as competing primary actions.,Require reason/new date and current active context; retain previous closure history.,Use C05 role/name/state contract; include current record identity where repeated; preserve logical focus and explicit keyboard action.,action_c_d07_a03,Reopen,Redeschide,action-c-d07-a03,"T-C-D07-A03: invoke from D07; test success, cancellation, blocked state and retry against this exact effect."
C:D07-A04,source_action_group,,D07,Close or reopen follow-up,docs/product/ServiceLoop_Conceptual_App_Map_v0_1.md,C:D07-A04,implemented,C07,Back,Open; staged; error; ineligible; committing; safe return,color.action;color.focus;color.disabledText;color.surface,L11,P01,Toolbar Back/Cancel or safe dialog dismissal; obey exact parent save contract.,Discard child changes or return unchanged; never close task before parent commit.,Use C07 role/name/state contract; include current record identity where repeated; preserve logical focus and explicit keyboard action.,action_c_d07_a04,Back,Înapoi,action-c-d07-a04,"T-C-D07-A04: invoke from D07; test success, cancellation, blocked state and retry against this exact effect."
C:D08-A01,source_action_group,,D08,Template item editor,docs/product/ServiceLoop_Conceptual_App_Map_v0_1.md,C:D08-A01,implemented,C13,Type,Open; staged; error; ineligible; committing; safe return,color.action;color.onAction;color.outlineControl;color.textPrimary;color.textSecondary;color.focus;color.disabledText,L11,P04,Labelled choice/selection group named Type in D08; option toggles retain group/parent context.,Choose Status/Text/Number; show applicable unit configuration; historical answers unaffected.,Use C13 role/name/state contract; include current record identity where repeated; preserve logical focus and explicit keyboard action.,action_c_d08_a01,Type,Tip,action-c-d08-a01,"T-C-D08-A01: invoke from D08; test success, cancellation, blocked state and retry against this exact effect."
C:D08-A02,source_action_group,,D08,Template item editor,docs/product/ServiceLoop_Conceptual_App_Map_v0_1.md,C:D08-A02,implemented,C14,Required response,Open; staged; error; ineligible; committing; safe return,color.action;color.onAction;color.surfaceSubtle;color.outlineControl;color.textPrimary;color.textSecondary;color.errorInk;color.focus,L11,P01,Explicit labelled secondary action in the matching D08 section; infrequent management variants in named More menu per screen composition.,"Required for Reviewed checklist, not permission to block legitimate incomplete final records.",Use C14 role/name/state contract; include current record identity where repeated; preserve logical focus and explicit keyboard action.,action_c_d08_a02,Required response,Răspuns obligatoriu,action-c-d08-a02,"T-C-D08-A02: invoke from D08; test success, cancellation, blocked state and retry against this exact effect."
C:D08-A03,source_action_group,,D08,Template item editor,docs/product/ServiceLoop_Conceptual_App_Map_v0_1.md,C:D08-A03,adopted/pending,C05,Save item,Open; staged; error; ineligible; committing; safe return,color.action;color.onAction;color.actionPressed;color.surface;color.outlineControl;color.disabledContainer;color.disabledText;color.focus,L11,P01,Primary footer or current review/section commit named Save item; conditional variants never shown simultaneously as competing primary actions.,Validate and return item to template editor buffer; parent Save publishes revision.,Use C05 role/name/state contract; include current record identity where repeated; preserve logical focus and explicit keyboard action.,action_c_d08_a03,Save item,Salvează elementul,action-c-d08-a03,"T-C-D08-A03: invoke from D08; test success, cancellation, blocked state and retry against this exact effect."
C:D08-A04,source_action_group,,D08,Template item editor,docs/product/ServiceLoop_Conceptual_App_Map_v0_1.md,C:D08-A04,adopted/pending,C07,Cancel,Open; staged; error; ineligible; committing; safe return,color.action;color.focus;color.disabledText;color.surface,L11,P01,Toolbar Back/Cancel or safe dialog dismissal; obey exact parent save contract.,"Discard this item's edits, retaining previous staged item in parent.",Use C07 role/name/state contract; include current record identity where repeated; preserve logical focus and explicit keyboard action.,action_c_d08_a04,Cancel,Renunță,action-c-d08-a04,"T-C-D08-A04: invoke from D08; test success, cancellation, blocked state and retry against this exact effect."
C:D09-A01,source_action_group,,D09,Part entry,docs/product/ServiceLoop_Conceptual_App_Map_v0_1.md,C:D09-A01,implemented,C05,Save part,Open; staged; error; ineligible; committing; safe return,color.action;color.onAction;color.actionPressed;color.surface;color.outlineControl;color.disabledContainer;color.disabledText;color.focus,L11,P01,Primary footer or current review/section commit named Save part; conditional variants never shown simultaneously as competing primary actions.,"Validate description, positive quantity up to3 decimals and unit; save to current working/correction scope only.",Use C05 role/name/state contract; include current record identity where repeated; preserve logical focus and explicit keyboard action.,action_c_d09_a01,Save part,Salvează piesa,action-c-d09-a01,"T-C-D09-A01: invoke from D09; test success, cancellation, blocked state and retry against this exact effect."
C:D09-A02,source_action_group,,D09,Part entry,docs/product/ServiceLoop_Conceptual_App_Map_v0_1.md,C:D09-A02,implemented,C06,Remove part,Open; staged; error; ineligible; committing; safe return,color.destructive;color.onDestructive;color.errorInk;color.errorContainer;color.focus,L11,P10,Explicit labelled secondary action in the matching D09 section; infrequent management variants in named More menu per screen composition.,Editable draft row only; confirm selected removal; frozen record requires correction.,Use C06 role/name/state contract; include current record identity where repeated; preserve logical focus and explicit keyboard action.,action_c_d09_a02,Remove part,Elimină piesa,action-c-d09-a02,"T-C-D09-A02: invoke from D09; test success, cancellation, blocked state and retry against this exact effect."
C:D09-A03,source_action_group,,D09,Part entry,docs/product/ServiceLoop_Conceptual_App_Map_v0_1.md,C:D09-A03,adopted/pending,C07,Cancel,Open; staged; error; ineligible; committing; safe return,color.action;color.focus;color.disabledText;color.surface,L11,P01,Toolbar Back/Cancel or safe dialog dismissal; obey exact parent save contract.,Discard this uncommitted input; leave previously saved parts intact.,Use C07 role/name/state contract; include current record identity where repeated; preserve logical focus and explicit keyboard action.,action_c_d09_a03,Cancel,Renunță,action-c-d09-a03,"T-C-D09-A03: invoke from D09; test success, cancellation, blocked state and retry against this exact effect."
C:D10-A01,source_action_group,,D10,Notification permission education,docs/product/ServiceLoop_Conceptual_App_Map_v0_1.md,C:D10-A01,implemented,C05,Enable notifications,Open; staged; error; ineligible; committing; safe return,color.action;color.onAction;color.actionPressed;color.surface;color.outlineControl;color.disabledContainer;color.disabledText;color.focus,L11,P01,Primary footer or current review/section commit named Enable notifications; conditional variants never shown simultaneously as competing primary actions.,Explain approximate delivery then request actual platform permission; denial leaves business features usable.,Use C05 role/name/state contract; include current record identity where repeated; preserve logical focus and explicit keyboard action.,action_c_d10_a01,Enable notifications,Activează notificările,action-c-d10-a01,"T-C-D10-A01: invoke from D10; test success, cancellation, blocked state and retry against this exact effect."
C:D10-A02,source_action_group,,D10,Notification permission education,docs/product/ServiceLoop_Conceptual_App_Map_v0_1.md,C:D10-A02,implemented,C07,Open Android notification settings,Open; staged; error; ineligible; committing; safe return,color.action;color.focus;color.disabledText;color.surface,L11,P01,Named top-bar action; returned destination restores invoking context.,Open correct app/channel settings and recheck actual state on resume; no presumed grant.,Use C07 role/name/state contract; include current record identity where repeated; preserve logical focus and explicit keyboard action.,action_c_d10_a02,Open Android notification settings,Deschide setările Android pentru notificări,action-c-d10-a02,"T-C-D10-A02: invoke from D10; test success, cancellation, blocked state and retry against this exact effect."
C:D10-A03,source_action_group,,D10,Notification permission education,docs/product/ServiceLoop_Conceptual_App_Map_v0_1.md,C:D10-A03,adopted/pending,C07,Not now,Open; staged; error; ineligible; committing; safe return,color.action;color.focus;color.disabledText;color.surface,L11,P01,Toolbar Back/Cancel or safe dialog dismissal; obey exact parent save contract.,Dismiss explanation without enabling; do not repeatedly force the prompt.,Use C07 role/name/state contract; include current record identity where repeated; preserve logical focus and explicit keyboard action.,action_c_d10_a03,Not now,Nu acum,action-c-d10-a03,"T-C-D10-A03: invoke from D10; test success, cancellation, blocked state and retry against this exact effect."
C:D11-A01,source_action_group,,D11,File-operation progress,docs/product/ServiceLoop_Conceptual_App_Map_v0_1.md,C:D11-A01,adopted/pending,C07,Cancel operation,Open; staged; error; ineligible; committing; safe return,color.action;color.focus;color.disabledText;color.surface,L11,P01,Explicit labelled secondary action in the matching D11 section; infrequent management variants in named More menu per screen composition.,Before irreversible final commit stop safely and clean temporary owned files; disclose external partial output.,Use C07 role/name/state contract; include current record identity where repeated; preserve logical focus and explicit keyboard action.,action_c_d11_a01,Cancel operation,Anulează operația,action-c-d11-a01,"T-C-D11-A01: invoke from D11; test success, cancellation, blocked state and retry against this exact effect."
C:D11-A02,source_action_group,,D11,File-operation progress,docs/product/ServiceLoop_Conceptual_App_Map_v0_1.md,C:D11-A02,implemented,C05,Retry,Open; staged; error; ineligible; committing; safe return,color.action;color.onAction;color.actionPressed;color.surface;color.outlineControl;color.disabledContainer;color.disabledText;color.focus,L11,P01,Primary footer or current review/section commit named Retry; conditional variants never shown simultaneously as competing primary actions.,Retry failed phase without replaying committed business effects.,Use C05 role/name/state contract; include current record identity where repeated; preserve logical focus and explicit keyboard action.,action_c_d11_a02,Retry,Reîncearcă,action-c-d11-a02,"T-C-D11-A02: invoke from D11; test success, cancellation, blocked state and retry against this exact effect."
C:D11-A03,source_action_group,,D11,File-operation progress,docs/product/ServiceLoop_Conceptual_App_Map_v0_1.md,C:D11-A03,implemented,C07,Choose another file/destination,Open; staged; error; ineligible; committing; safe return,color.action;color.focus;color.disabledText;color.surface,L11,P01,Explicit labelled secondary action in the matching D11 section; infrequent management variants in named More menu per screen composition.,Reopen appropriate system picker; cancel preserves source and previous good outputs.,Use C07 role/name/state contract; include current record identity where repeated; preserve logical focus and explicit keyboard action.,action_c_d11_a03,Choose another file/destination,Alege alt fișier/altă destinație,action-c-d11-a03,"T-C-D11-A03: invoke from D11; test success, cancellation, blocked state and retry against this exact effect."
C:D11-A04,source_action_group,,D11,File-operation progress,docs/product/ServiceLoop_Conceptual_App_Map_v0_1.md,C:D11-A04,adopted/pending,C05,Done / Return to record,Open; staged; error; ineligible; committing; safe return,color.action;color.onAction;color.actionPressed;color.surface;color.outlineControl;color.disabledContainer;color.disabledText;color.focus,L11,P01,Primary footer or current review/section commit named Done / Return to record; conditional variants never shown simultaneously as competing primary actions.,Only terminal result; name full/incomplete/unverified truthfully. Does not certify receipt.,Use C05 role/name/state contract; include current record identity where repeated; preserve logical focus and explicit keyboard action.,action_c_d11_a04,Done / Return to record,Gata / Înapoi la înregistrare,action-c-d11-a04,"T-C-D11-A04: invoke from D11; test success, cancellation, blocked state and retry against this exact effect."
C:D12-A01,source_action_group,,D12,Erase local dataset,docs/product/ServiceLoop_Conceptual_App_Map_v0_1.md,C:D12-A01,implemented,C05,Make backup first,Open; staged; error; ineligible; committing; safe return,color.action;color.onAction;color.actionPressed;color.surface;color.outlineControl;color.disabledContainer;color.disabledText;color.focus,L11,P01,Primary footer or current review/section commit named Make backup first; conditional variants never shown simultaneously as competing primary actions.,Open backup and return; failure never continues automatically to erase.,Use C05 role/name/state contract; include current record identity where repeated; preserve logical focus and explicit keyboard action.,action_c_d12_a01,Make backup first,Creează întâi o copie de siguranță,action-c-d12-a01,"T-C-D12-A01: invoke from D12; test success, cancellation, blocked state and retry against this exact effect."
C:D12-A02,source_action_group,,D12,Erase local dataset,docs/product/ServiceLoop_Conceptual_App_Map_v0_1.md,C:D12-A02,implemented,C06,Erase local data,Open; staged; error; ineligible; committing; safe return,color.destructive;color.onDestructive;color.errorInk;color.errorContainer;color.focus,L11,P10,Explicit labelled secondary action in the matching D12 section; infrequent management variants in named More menu per screen composition.,Typed ERASE plus loss acknowledgement; remove this dataset/files/settings/pending reminders only; failure restricted recovery.,Use C06 role/name/state contract; include current record identity where repeated; preserve logical focus and explicit keyboard action.,action_c_d12_a02,Erase local data,Șterge datele locale,action-c-d12-a02,"T-C-D12-A02: invoke from D12; test success, cancellation, blocked state and retry against this exact effect."
C:D12-A03,source_action_group,,D12,Erase local dataset,docs/product/ServiceLoop_Conceptual_App_Map_v0_1.md,C:D12-A03,implemented,C07,Cancel,Open; staged; error; ineligible; committing; safe return,color.action;color.focus;color.disabledText;color.surface,L11,P01,Toolbar Back/Cancel or safe dialog dismissal; obey exact parent save contract.,Leave dataset unchanged.,Use C07 role/name/state contract; include current record identity where repeated; preserve logical focus and explicit keyboard action.,action_c_d12_a03,Cancel,Renunță,action-c-d12-a03,"T-C-D12-A03: invoke from D12; test success, cancellation, blocked state and retry against this exact effect."
C:D13-A01,source_action_group,,D13,Possible duplicate,docs/product/ServiceLoop_Conceptual_App_Map_v0_1.md,C:D13-A01,adopted/pending,C11,Open existing,Open; staged; error; ineligible; committing; safe return,color.surface;color.canvas;color.textPrimary;color.textSecondary;color.outlineDecorative;color.icon;color.focus,L11,P01,"Named relationship/result row in D13 body, after identity within its labelled section; trailing chevron only when navigable.",Inspect candidate while proposed new data remains uncommitted; no automatic merge.,Use C11 role/name/state contract; include current record identity where repeated; preserve logical focus and explicit keyboard action.,action_c_d13_a01,Open existing,Deschide înregistrarea existentă,action-c-d13-a01,"T-C-D13-A01: invoke from D13; test success, cancellation, blocked state and retry against this exact effect."
C:D13-A02,source_action_group,,D13,Possible duplicate,docs/product/ServiceLoop_Conceptual_App_Map_v0_1.md,C:D13-A02,adopted/pending,C05,Create separate record,Open; staged; error; ineligible; committing; safe return,color.action;color.onAction;color.actionPressed;color.surface;color.outlineControl;color.disabledContainer;color.disabledText;color.focus,L11,P01,Primary footer or current review/section commit named Create separate record; conditional variants never shown simultaneously as competing primary actions.,Explicit possible-duplicate decision; exact conflicting CSV references cannot be overridden.,Use C05 role/name/state contract; include current record identity where repeated; preserve logical focus and explicit keyboard action.,action_c_d13_a02,Create separate record,Creează o înregistrare separată,action-c-d13-a02,"T-C-D13-A02: invoke from D13; test success, cancellation, blocked state and retry against this exact effect."
C:D13-A03,source_action_group,,D13,Possible duplicate,docs/product/ServiceLoop_Conceptual_App_Map_v0_1.md,C:D13-A03,adopted/pending,C07,Go back and edit / Cancel new record,Open; staged; error; ineligible; committing; safe return,color.action;color.focus;color.disabledText;color.surface,L11,P01,Toolbar Back/Cancel or safe dialog dismissal; obey exact parent save contract.,Correct or abandon candidate; no duplicate is committed.,Use C07 role/name/state contract; include current record identity where repeated; preserve logical focus and explicit keyboard action.,action_c_d13_a03,Go back and edit / Cancel new record,Înapoi la editare / Renunță la înregistrarea nouă,action-c-d13-a03,"T-C-D13-A03: invoke from D13; test success, cancellation, blocked state and retry against this exact effect."
C:D13-A04,source_action_group,,D13,Possible duplicate,docs/product/ServiceLoop_Conceptual_App_Map_v0_1.md,C:D13-A04,adopted/pending,C13,Skip imported row/group,Open; staged; error; ineligible; committing; safe return,color.action;color.onAction;color.outlineControl;color.textPrimary;color.textSecondary;color.focus;color.disabledText,L11,P04,Labelled choice/selection group named Skip imported row/group in D13; option toggles retain group/parent context.,Omit selected valid branch and dependent children; recompute coherent preview.,Use C13 role/name/state contract; include current record identity where repeated; preserve logical focus and explicit keyboard action.,action_c_d13_a04,Skip imported row/group,Omite rândul/grupul importat,action-c-d13-a04,"T-C-D13-A04: invoke from D13; test success, cancellation, blocked state and retry against this exact effect."
C:S01-A01,source_action_group,,S01,Welcome,docs/product/ServiceLoop_Conceptual_App_Map_v0_1.md,C:S01-A01,adopted/pending,C05,Start empty,New install; initialization failed; restore entry; successful reset,color.action;color.onAction;color.actionPressed;color.surface;color.outlineControl;color.disabledContainer;color.disabledText;color.focus,L01,P01,Primary footer or current review/section commit named Start empty; conditional variants never shown simultaneously as competing primary actions.,"Initialize empty dataset/business zone then Home; failure remains retry state, not a false empty success.",Use C05 role/name/state contract; include current record identity where repeated; preserve logical focus and explicit keyboard action.,action_c_s01_a01,Start empty,Începe fără date,action-c-s01-a01,"T-C-S01-A01: invoke from S01; test success, cancellation, blocked state and retry against this exact effect."
C:S01-A02,source_action_group,,S01,Welcome,docs/product/ServiceLoop_Conceptual_App_Map_v0_1.md,C:S01-A02,adopted/pending,C07,Import existing directory,New install; initialization failed; restore entry; successful reset,color.action;color.focus;color.disabledText;color.surface,L01,P01,Explicit labelled secondary action in the matching S01 section; infrequent management variants in named More menu per screen composition.,Open create-only directory import; initialize only when import commits.,Use C07 role/name/state contract; include current record identity where repeated; preserve logical focus and explicit keyboard action.,action_c_s01_a02,Import existing directory,Importă registrul existent,action-c-s01-a02,"T-C-S01-A02: invoke from S01; test success, cancellation, blocked state and retry against this exact effect."
C:S01-A03,source_action_group,,S01,Welcome,docs/product/ServiceLoop_Conceptual_App_Map_v0_1.md,C:S01-A03,adopted/pending,C07,Restore backup,New install; initialization failed; restore entry; successful reset,color.action;color.focus;color.disabledText;color.surface,L01,P01,Toolbar Back/Cancel or safe dialog dismissal; obey exact parent save contract.,Open empty-dataset restore; validation/cancel leaves Welcome unchanged.,Use C07 role/name/state contract; include current record identity where repeated; preserve logical focus and explicit keyboard action.,action_c_s01_a03,Restore backup,Restaurează copia de siguranță,action-c-s01-a03,"T-C-S01-A03: invoke from S01; test success, cancellation, blocked state and retry against this exact effect."
C:S01-A04,source_action_group,,S01,Welcome,docs/product/ServiceLoop_Conceptual_App_Map_v0_1.md,C:S01-A04,adopted/pending,C07,How local storage works,New install; initialization failed; restore entry; successful reset,color.action;color.focus;color.disabledText;color.surface,L01,P01,Explicit labelled secondary action in the matching S01 section; infrequent management variants in named More menu per screen composition.,"Open bundled local-storage explanation, not permission or account signup.",Use C07 role/name/state contract; include current record identity where repeated; preserve logical focus and explicit keyboard action.,action_c_s01_a04,How local storage works,Cum funcționează stocarea locală,action-c-s01-a04,"T-C-S01-A04: invoke from S01; test success, cancellation, blocked state and retry against this exact effect."
C:S02-A01,source_action_group,,S02,Home,docs/product/ServiceLoop_Conceptual_App_Map_v0_1.md,C:S02-A01,implemented,C11,Overdue services / View all,Initial load; empty business; working draft; appointments passed; refresh failed with previous data; recovery/capability notice,color.surface;color.canvas;color.textPrimary;color.textSecondary;color.outlineDecorative;color.icon;color.focus,L02,P01,"Named relationship/result row in S02 body, after identity within its labelled section; trailing chevron only when navigable.","Open Due services with due before business Today, including booked obligations; individual row opens plan.",Use C11 role/name/state contract; include current record identity where repeated; preserve logical focus and explicit keyboard action.,action_c_s02_a01,Overdue services / View all,Servicii restante / Vezi toate,action-c-s02-a01,"T-C-S02-A01: invoke from S02; test success, cancellation, blocked state and retry against this exact effect."
C:S02-A02,source_action_group,,S02,Home,docs/product/ServiceLoop_Conceptual_App_Map_v0_1.md,C:S02-A02,implemented,C11,Due soon / View all,Initial load; empty business; working draft; appointments passed; refresh failed with previous data; recovery/capability notice,color.surface;color.canvas;color.textPrimary;color.textSecondary;color.outlineDecorative;color.icon;color.focus,L02,P01,"Named relationship/result row in S02 body, after identity within its labelled section; trailing chevron only when navigable.",Open Today through configured horizon; subtitle discloses inclusive range.,Use C11 role/name/state contract; include current record identity where repeated; preserve logical focus and explicit keyboard action.,action_c_s02_a02,Due soon / View all,Servicii scadente în curând / Vezi toate,action-c-s02-a02,"T-C-S02-A02: invoke from S02; test success, cancellation, blocked state and retry against this exact effect."
C:S02-A03,source_action_group,,S02,Home,docs/product/ServiceLoop_Conceptual_App_Map_v0_1.md,C:S02-A03,adopted/pending (partial control exposed),C11,Booked visits / View all,Initial load; empty business; working draft; appointments passed; refresh failed with previous data; recovery/capability notice,color.surface;color.canvas;color.textPrimary;color.textSecondary;color.outlineDecorative;color.icon;color.focus,L02,P01,"Named relationship/result row in S02 body, after identity within its labelled section; trailing chevron only when navigable.","Upcoming booking scope; separately expose passed unresolved appointments, never auto-complete.",Use C11 role/name/state contract; include current record identity where repeated; preserve logical focus and explicit keyboard action.,action_c_s02_a03,Booked visits / View all,Vizite programate / Vezi toate,action-c-s02-a03,"T-C-S02-A03: invoke from S02; test success, cancellation, blocked state and retry against this exact effect."
C:S02-A04,source_action_group,,S02,Home,docs/product/ServiceLoop_Conceptual_App_Map_v0_1.md,C:S02-A04,adopted/pending (partial control exposed),C11,Unfinished visits / View all,Initial load; empty business; working draft; appointments passed; refresh failed with previous data; recovery/capability notice,color.surface;color.canvas;color.textPrimary;color.textSecondary;color.outlineDecorative;color.icon;color.focus,L02,P01,"Named relationship/result row in S02 body, after identity within its labelled section; trailing chevron only when navigable.",Open actual Working record; correction drafts separately labelled; no guessing a different visit.,Use C11 role/name/state contract; include current record identity where repeated; preserve logical focus and explicit keyboard action.,action_c_s02_a04,Unfinished visits / View all,Vizite nefinalizate / Vezi toate,action-c-s02-a04,"T-C-S02-A04: invoke from S02; test success, cancellation, blocked state and retry against this exact effect."
C:S02-A05,source_action_group,,S02,Home,docs/product/ServiceLoop_Conceptual_App_Map_v0_1.md,C:S02-A05,adopted/pending (partial control exposed),C11,Follow-ups / View all,Initial load; empty business; working draft; appointments passed; refresh failed with previous data; recovery/capability notice,color.surface;color.canvas;color.textPrimary;color.textSecondary;color.outlineDecorative;color.icon;color.focus,L02,P01,"Named relationship/result row in S02 body, after identity within its labelled section; trailing chevron only when navigable.",Open relevant due/open Contact or Corrective task scope; all-open route includes future tasks.,Use C11 role/name/state contract; include current record identity where repeated; preserve logical focus and explicit keyboard action.,action_c_s02_a05,Follow-ups / View all,Acțiuni de urmărire / Vezi toate,action-c-s02-a05,"T-C-S02-A05: invoke from S02; test success, cancellation, blocked state and retry against this exact effect."
C:S02-A06,source_action_group,,S02,Home,docs/product/ServiceLoop_Conceptual_App_Map_v0_1.md,C:S02-A06,implemented,C05,New visit,Initial load; empty business; working draft; appointments passed; refresh failed with previous data; recovery/capability notice,color.action;color.onAction;color.actionPressed;color.surface;color.outlineControl;color.disabledContainer;color.disabledText;color.focus,L02,P01,Primary footer or current review/section commit named New visit; conditional variants never shown simultaneously as competing primary actions.,Open setup without fabricated customer/visit; no record before explicit action.,Use C05 role/name/state contract; include current record identity where repeated; preserve logical focus and explicit keyboard action.,action_c_s02_a06,New visit,Vizită nouă,action-c-s02-a06,"T-C-S02-A06: invoke from S02; test success, cancellation, blocked state and retry against this exact effect."
C:S02-A07,source_action_group,,S02,Home,docs/product/ServiceLoop_Conceptual_App_Map_v0_1.md,C:S02-A07,implemented,C05,Add first customer,Initial load; empty business; working draft; appointments passed; refresh failed with previous data; recovery/capability notice,color.action;color.onAction;color.actionPressed;color.surface;color.outlineControl;color.disabledContainer;color.disabledText;color.focus,L02,P01,Primary footer or current review/section commit named Add first customer; conditional variants never shown simultaneously as competing primary actions.,Only empty-directory state; open editor and remove duplicate empty prompt after creation.,Use C05 role/name/state contract; include current record identity where repeated; preserve logical focus and explicit keyboard action.,action_c_s02_a07,Add first customer,Adaugă primul client,action-c-s02-a07,"T-C-S02-A07: invoke from S02; test success, cancellation, blocked state and retry against this exact effect."
C:S02-A08,source_action_group,,S02,Home,docs/product/ServiceLoop_Conceptual_App_Map_v0_1.md,C:S02-A08,implemented,C07,Search,Initial load; empty business; working draft; appointments passed; refresh failed with previous data; recovery/capability notice,color.action;color.focus;color.disabledText;color.surface,L02,P01,Named top-bar action; returned destination restores invoking context.,Open global local-data lookup; retain Home return.,Use C07 role/name/state contract; include current record identity where repeated; preserve logical focus and explicit keyboard action.,action_c_s02_a08,Search,Caută,action-c-s02-a08,"T-C-S02-A08: invoke from S02; test success, cancellation, blocked state and retry against this exact effect."
C:S02-A09,source_action_group,,S02,Home,docs/product/ServiceLoop_Conceptual_App_Map_v0_1.md,C:S02-A09,implemented,C07,Settings,Initial load; empty business; working draft; appointments passed; refresh failed with previous data; recovery/capability notice,color.action;color.focus;color.disabledText;color.surface,L02,P01,Named top-bar action; returned destination restores invoking context.,Open settings; no business-state change.,Use C07 role/name/state contract; include current record identity where repeated; preserve logical focus and explicit keyboard action.,action_c_s02_a09,Settings,Setări,action-c-s02-a09,"T-C-S02-A09: invoke from S02; test success, cancellation, blocked state and retry against this exact effect."
C:S02-A10,source_action_group,,S02,Home,docs/product/ServiceLoop_Conceptual_App_Map_v0_1.md,C:S02-A10,adopted/pending,C18,Backup/recovery notice,Initial load; empty business; working draft; appointments passed; refresh failed with previous data; recovery/capability notice,color.infoContainer;color.infoInk;color.warningContainer;color.warningInk;color.errorContainer;color.errorInk;color.successContainer;color.successInk,L02,P01,Toolbar Back/Cancel or safe dialog dismissal; obey exact parent save contract.,"Open actual recovery/backup/draft issue, never generic Everything secure.",Use C18 role/name/state contract; include current record identity where repeated; preserve logical focus and explicit keyboard action.,action_c_s02_a10,Backup/recovery notice,Atenționare copie de siguranță/recuperare,action-c-s02-a10,"T-C-S02-A10: invoke from S02; test success, cancellation, blocked state and retry against this exact effect."
C:S02-A11,source_action_group,,S02,Home,docs/product/ServiceLoop_Conceptual_App_Map_v0_1.md,C:S02-A11,adopted/pending,C07,Enable/check reminders,Initial load; empty business; working draft; appointments passed; refresh failed with previous data; recovery/capability notice,color.action;color.focus;color.disabledText;color.surface,L02,P01,Explicit labelled secondary action in the matching S02 section; infrequent management variants in named More menu per screen composition.,Open contextual permission/settings route; core lists stay accessible.,Use C07 role/name/state contract; include current record identity where repeated; preserve logical focus and explicit keyboard action.,action_c_s02_a11,Enable/check reminders,Activează/verifică mementourile,action-c-s02-a11,"T-C-S02-A11: invoke from S02; test success, cancellation, blocked state and retry against this exact effect."
C:S02-A12,source_action_group,,S02,Home,docs/product/ServiceLoop_Conceptual_App_Map_v0_1.md,C:S02-A12,implemented,C03,Work / Customers,Initial load; empty business; working draft; appointments passed; refresh failed with previous data; recovery/capability notice,color.surface;color.selection;color.action;color.textSecondary;color.focus,L02,P01,"Root bottom navigation, or separate Settings toolbar action as named; never inside unfinished editor.",Switch root and retain session filter/scroll; never discard durable Working data.,Use C03 role/name/state contract; include current record identity where repeated; preserve logical focus and explicit keyboard action.,action_c_s02_a12,Work / Customers,Lucrări / Clienți,action-c-s02-a12,"T-C-S02-A12: invoke from S02; test success, cancellation, blocked state and retry against this exact effect."
C:S03-A01,source_action_group,,S03,Work,docs/product/ServiceLoop_Conceptual_App_Map_v0_1.md,C:S03-A01,implemented,C16,Due services / Visits / Follow-ups,Each tab empty/no-match/loading/read error; overdue+booked; partial selection; historical/void visits,color.selection;color.onSelection;color.selectionOutline;color.surface;color.textPrimary;color.outlineControl;color.focus,L03,P03,List/selector controls immediately below top bar and before result count; never a status badge.,Change list family with each tab's retained session context; no mutation.,Use C16 role/name/state contract; include current record identity where repeated; preserve logical focus and explicit keyboard action.,action_c_s03_a01,Due services / Visits / Follow-ups,Servicii scadente / Vizite / Acțiuni de urmărire,action-c-s03-a01,"T-C-S03-A01: invoke from S03; test success, cancellation, blocked state and retry against this exact effect."
C:S03-A02,source_action_group,,S03,Work,docs/product/ServiceLoop_Conceptual_App_Map_v0_1.md,C:S03-A02,adopted/pending (partial control exposed),C17,Search / Clear,Each tab empty/no-match/loading/read error; overdue+booked; partial selection; historical/void visits,color.surface;color.textPrimary;color.textSecondary;color.icon;color.outlineDecorative;color.focus,L03,P03,List/selector controls immediately below top bar and before result count; never a status badge.,Filter the active list by names/references/context; no-results distinct from empty.,Use C17 role/name/state contract; include current record identity where repeated; preserve logical focus and explicit keyboard action.,action_c_s03_a02,Search / Clear,Caută / Șterge,action-c-s03-a02,"T-C-S03-A02: invoke from S03; test success, cancellation, blocked state and retry against this exact effect."
C:S03-A03,source_action_group,,S03,Work,docs/product/ServiceLoop_Conceptual_App_Map_v0_1.md,C:S03-A03,adopted/pending (partial control exposed),C16,Due filters,Each tab empty/no-match/loading/read error; overdue+booked; partial selection; historical/void visits,color.selection;color.onSelection;color.selectionOutline;color.surface;color.textPrimary;color.outlineControl;color.focus,L03,P03,List/selector controls immediately below top bar and before result count; never a status badge.,State/date/booking/customer/site/template scopes per adopted contract; staged Apply and Clear defaults.,Use C16 role/name/state contract; include current record identity where repeated; preserve logical focus and explicit keyboard action.,action_c_s03_a03,Due filters,Filtre servicii scadente,action-c-s03-a03,"T-C-S03-A03: invoke from S03; test success, cancellation, blocked state and retry against this exact effect."
C:S03-A04,source_action_group,,S03,Work,docs/product/ServiceLoop_Conceptual_App_Map_v0_1.md,C:S03-A04,adopted/pending,C21,Due sort,Each tab empty/no-match/loading/read error; overdue+booked; partial selection; historical/void visits,color.surfaceRaised;color.textPrimary;color.action;color.outlineDecorative;color.focus;color.disabledText,L03,P12,Explicit labelled secondary action in the matching S03 section; infrequent management variants in named More menu per screen composition.,"Oldest due, Customer/site, Equipment name; stable reference tie-break; view only.",Use C21 role/name/state contract; include current record identity where repeated; preserve logical focus and explicit keyboard action.,action_c_s03_a04,Due sort,Sortare servicii scadente,action-c-s03-a04,"T-C-S03-A04: invoke from S03; test success, cancellation, blocked state and retry against this exact effect."
C:S03-A05,source_action_group,,S03,Work,docs/product/ServiceLoop_Conceptual_App_Map_v0_1.md,C:S03-A05,adopted/pending (partial control exposed),C16,Visit filters,Each tab empty/no-match/loading/read error; overdue+booked; partial selection; historical/void visits,color.selection;color.onSelection;color.selectionOutline;color.surface;color.textPrimary;color.outlineControl;color.focus,L03,P03,List/selector controls immediately below top bar and before result count; never a status badge.,State/date/customer/site; include void indicator with final history; never convert passed booking.,Use C16 role/name/state contract; include current record identity where repeated; preserve logical focus and explicit keyboard action.,action_c_s03_a05,Visit filters,Filtre vizite,action-c-s03-a05,"T-C-S03-A05: invoke from S03; test success, cancellation, blocked state and retry against this exact effect."
C:S03-A06,source_action_group,,S03,Work,docs/product/ServiceLoop_Conceptual_App_Map_v0_1.md,C:S03-A06,adopted/pending,C21,Visit sort,Each tab empty/no-match/loading/read error; overdue+booked; partial selection; historical/void visits,color.surfaceRaised;color.textPrimary;color.action;color.outlineDecorative;color.focus;color.disabledText,L03,P12,Explicit labelled secondary action in the matching S03 section; infrequent management variants in named More menu per screen composition.,Specify appointment versus actual-date meaning; ascending/descending/last-edited choices.,Use C21 role/name/state contract; include current record identity where repeated; preserve logical focus and explicit keyboard action.,action_c_s03_a06,Visit sort,Sortare vizite,action-c-s03-a06,"T-C-S03-A06: invoke from S03; test success, cancellation, blocked state and retry against this exact effect."
C:S03-A07,source_action_group,,S03,Work,docs/product/ServiceLoop_Conceptual_App_Map_v0_1.md,C:S03-A07,adopted/pending (partial control exposed),C16,Follow-up filters,Each tab empty/no-match/loading/read error; overdue+booked; partial selection; historical/void visits,color.selection;color.onSelection;color.selectionOutline;color.surface;color.textPrimary;color.outlineControl;color.focus,L03,P03,List/selector controls immediately below top bar and before result count; never a status badge.,"Type/state/date/context; change visibility only, not task state.",Use C16 role/name/state contract; include current record identity where repeated; preserve logical focus and explicit keyboard action.,action_c_s03_a07,Follow-up filters,Filtre acțiuni de urmărire,action-c-s03-a07,"T-C-S03-A07: invoke from S03; test success, cancellation, blocked state and retry against this exact effect."
C:S03-A08,source_action_group,,S03,Work,docs/product/ServiceLoop_Conceptual_App_Map_v0_1.md,C:S03-A08,adopted/pending,C21,Follow-up sort,Each tab empty/no-match/loading/read error; overdue+booked; partial selection; historical/void visits,color.surfaceRaised;color.textPrimary;color.action;color.outlineDecorative;color.focus;color.disabledText,L03,P12,Explicit labelled secondary action in the matching S03 section; infrequent management variants in named More menu per screen composition.,"Due oldest, Customer/site, Recently updated; preserve records.",Use C21 role/name/state contract; include current record identity where repeated; preserve logical focus and explicit keyboard action.,action_c_s03_a08,Follow-up sort,Sortare acțiuni de urmărire,action-c-s03-a08,"T-C-S03-A08: invoke from S03; test success, cancellation, blocked state and retry against this exact effect."
C:S03-A09,source_action_group,,S03,Work,docs/product/ServiceLoop_Conceptual_App_Map_v0_1.md,C:S03-A09,adopted/pending (partial control exposed),C11,Open row / linked booking badge,Each tab empty/no-match/loading/read error; overdue+booked; partial selection; historical/void visits,color.surface;color.canvas;color.textPrimary;color.textSecondary;color.outlineDecorative;color.icon;color.focus,L03,P01,"Named relationship/result row in S03 body, after identity within its labelled section; trailing chevron only when navigable.","Route by actual current entity state; unavailable link explains, never matches by similar name.",Use C11 role/name/state contract; include current record identity where repeated; preserve logical focus and explicit keyboard action.,action_c_s03_a09,Open row / linked booking badge,Deschide rândul / vizita asociată,action-c-s03-a09,"T-C-S03-A09: invoke from S03; test success, cancellation, blocked state and retry against this exact effect."
C:S03-A10,source_action_group,,S03,Work,docs/product/ServiceLoop_Conceptual_App_Map_v0_1.md,C:S03-A10,implemented,C13,Select services,Each tab empty/no-match/loading/read error; overdue+booked; partial selection; historical/void visits,color.action;color.onAction;color.outlineControl;color.textPrimary;color.textSecondary;color.focus;color.disabledText,L03,P07,Labelled choice/selection group named Select services in S03; option toggles retain group/parent context.,One site; current unclaimed obligations only. Claimed work offers its existing visit.,Use C13 role/name/state contract; include current record identity where repeated; preserve logical focus and explicit keyboard action.,action_c_s03_a10,Select services,Selectează serviciile,action-c-s03-a10,"T-C-S03-A10: invoke from S03; test success, cancellation, blocked state and retry against this exact effect."
C:S03-A11,source_action_group,,S03,Work,docs/product/ServiceLoop_Conceptual_App_Map_v0_1.md,C:S03-A11,adopted/pending (partial control exposed),C05,Book selected / Start selected,Each tab empty/no-match/loading/read error; overdue+booked; partial selection; historical/void visits,color.action;color.onAction;color.actionPressed;color.surface;color.outlineControl;color.disabledContainer;color.disabledText;color.focus,L03,P01,Primary footer or current review/section commit named Book selected / Start selected; conditional variants never shown simultaneously as competing primary actions.,Adopted setup review with staged work; current direct commit divergence E04 is not a cosmetic fix.,Use C05 role/name/state contract; include current record identity where repeated; preserve logical focus and explicit keyboard action.,action_c_s03_a11,Book selected / Start selected,Programează selecția / Începe selecția,action-c-s03-a11,"T-C-S03-A11: invoke from S03; test success, cancellation, blocked state and retry against this exact effect."
C:S03-A12,source_action_group,,S03,Work,docs/product/ServiceLoop_Conceptual_App_Map_v0_1.md,C:S03-A12,adopted/pending,C07,Contact selected site,Each tab empty/no-match/loading/read error; overdue+booked; partial selection; historical/void visits,color.action;color.focus;color.disabledText;color.surface,L03,P01,Explicit labelled secondary action in the matching S03 section; infrequent management variants in named More menu per screen composition.,Open explicit contact handoff for same-site scope; no contact record until entered.,Use C07 role/name/state contract; include current record identity where repeated; preserve logical focus and explicit keyboard action.,action_c_s03_a12,Contact selected site,Contactează locația selectată,action-c-s03-a12,"T-C-S03-A12: invoke from S03; test success, cancellation, blocked state and retry against this exact effect."
C:S03-A13,source_action_group,,S03,Work,docs/product/ServiceLoop_Conceptual_App_Map_v0_1.md,C:S03-A13,adopted/pending (partial control exposed),C05,New visit / New follow-up,Each tab empty/no-match/loading/read error; overdue+booked; partial selection; historical/void visits,color.action;color.onAction;color.actionPressed;color.surface;color.outlineControl;color.disabledContainer;color.disabledText;color.focus,L03,P01,Primary footer or current review/section commit named New visit / New follow-up; conditional variants never shown simultaneously as competing primary actions.,Open corresponding scoped editor; no blank durable entity before save/start.,Use C05 role/name/state contract; include current record identity where repeated; preserve logical focus and explicit keyboard action.,action_c_s03_a13,New visit / New follow-up,Vizită nouă / Acțiune de urmărire nouă,action-c-s03-a13,"T-C-S03-A13: invoke from S03; test success, cancellation, blocked state and retry against this exact effect."
C:S03-A14,source_action_group,,S03,Work,docs/product/ServiceLoop_Conceptual_App_Map_v0_1.md,C:S03-A14,implemented,C03,Home / Customers / Settings,Each tab empty/no-match/loading/read error; overdue+booked; partial selection; historical/void visits,color.surface;color.selection;color.action;color.textSecondary;color.focus,L03,P01,"Root bottom navigation, or separate Settings toolbar action as named; never inside unfinished editor.",Root/context navigation with state retention and no business mutation.,Use C03 role/name/state contract; include current record identity where repeated; preserve logical focus and explicit keyboard action.,action_c_s03_a14,Home / Customers / Settings,Acasă / Clienți / Setări,action-c-s03-a14,"T-C-S03-A14: invoke from S03; test success, cancellation, blocked state and retry against this exact effect."
C:S04-A01,source_action_group,,S04,Search,docs/product/ServiceLoop_Conceptual_App_Map_v0_1.md,C:S04-A01,implemented,C17,Search text / Clear,Empty query; searching; results; no matches; read failure,color.surface;color.textPrimary;color.textSecondary;color.icon;color.outlineDecorative;color.focus,L03,P03,List/selector controls immediately below top bar and before result count; never a status badge.,"Debounced local lookup; empty query explains fields, not full history dump.",Use C17 role/name/state contract; include current record identity where repeated; preserve logical focus and explicit keyboard action.,action_c_s04_a01,Search text / Clear,Text căutare / Șterge,action-c-s04-a01,"T-C-S04-A01: invoke from S04; test success, cancellation, blocked state and retry against this exact effect."
C:S04-A02,source_action_group,,S04,Search,docs/product/ServiceLoop_Conceptual_App_Map_v0_1.md,C:S04-A02,adopted/pending,C16,Entity chips / Include inactive,Empty query; searching; results; no matches; read failure,color.selection;color.onSelection;color.selectionOutline;color.surface;color.textPrimary;color.outlineControl;color.focus,L03,P03,List/selector controls immediately below top bar and before result count; never a status badge.,Filter entity/inactive scope; no activation or merge.,Use C16 role/name/state contract; include current record identity where repeated; preserve logical focus and explicit keyboard action.,action_c_s04_a02,Entity chips / Include inactive,Tip înregistrare / Include inactive,action-c-s04-a02,"T-C-S04-A02: invoke from S04; test success, cancellation, blocked state and retry against this exact effect."
C:S04-A03,source_action_group,,S04,Search,docs/product/ServiceLoop_Conceptual_App_Map_v0_1.md,C:S04-A03,implemented,C11,Result row,Empty query; searching; results; no matches; read failure,color.surface;color.canvas;color.textPrimary;color.textSecondary;color.outlineDecorative;color.icon;color.focus,L03,P01,"Named relationship/result row in S04 body, after identity within its labelled section; trailing chevron only when navigable.",Open typed entity using stable ID; preserve actual caller route.,Use C11 role/name/state contract; include current record identity where repeated; preserve logical focus and explicit keyboard action.,action_c_s04_a03,Result row,Rezultat,action-c-s04-a03,"T-C-S04-A03: invoke from S04; test success, cancellation, blocked state and retry against this exact effect."
C:S04-A04,source_action_group,,S04,Search,docs/product/ServiceLoop_Conceptual_App_Map_v0_1.md,C:S04-A04,implemented,C07,Back,Empty query; searching; results; no matches; read failure,color.action;color.focus;color.disabledText;color.surface,L03,P01,Toolbar Back/Cancel or safe dialog dismissal; obey exact parent save contract.,Return with previous page context; query session-only.,Use C07 role/name/state contract; include current record identity where repeated; preserve logical focus and explicit keyboard action.,action_c_s04_a04,Back,Înapoi,action-c-s04-a04,"T-C-S04-A04: invoke from S04; test success, cancellation, blocked state and retry against this exact effect."
C:S05-A01,source_action_group,,S05,Customers,docs/product/ServiceLoop_Conceptual_App_Map_v0_1.md,C:S05-A01,implemented,C16,Customers / Equipment / Sites,No directory; no sites; no equipment; no matches; archived/retired; failed load,color.selection;color.onSelection;color.selectionOutline;color.surface;color.textPrimary;color.outlineControl;color.focus,L03,P03,List/selector controls immediately below top bar and before result count; never a status badge.,B-011 adds peer Sites register to original source action; selected tab retained.,Use C16 role/name/state contract; include current record identity where repeated; preserve logical focus and explicit keyboard action.,action_c_s05_a01,Customers / Equipment / Sites,Clienți / Echipamente / Locații,action-c-s05-a01,"T-C-S05-A01: invoke from S05; test success, cancellation, blocked state and retry against this exact effect."
C:S05-A02,source_action_group,,S05,Customers,docs/product/ServiceLoop_Conceptual_App_Map_v0_1.md,C:S05-A02,adopted/pending,C17,Search / Clear,No directory; no sites; no equipment; no matches; archived/retired; failed load,color.surface;color.textPrimary;color.textSecondary;color.icon;color.outlineDecorative;color.focus,L03,P03,List/selector controls immediately below top bar and before result count; never a status badge.,"Search fields appropriate to active register, including references and equipment identifiers.",Use C17 role/name/state contract; include current record identity where repeated; preserve logical focus and explicit keyboard action.,action_c_s05_a02,Search / Clear,Caută / Șterge,action-c-s05-a02,"T-C-S05-A02: invoke from S05; test success, cancellation, blocked state and retry against this exact effect."
C:S05-A03,source_action_group,,S05,Customers,docs/product/ServiceLoop_Conceptual_App_Map_v0_1.md,C:S05-A03,adopted/pending,C16,Filters,No directory; no sites; no equipment; no matches; archived/retired; failed load,color.selection;color.onSelection;color.selectionOutline;color.surface;color.textPrimary;color.outlineControl;color.focus,L03,P03,List/selector controls immediately below top bar and before result count; never a status badge.,Active/archive/in-service/retired/context/has-plan scopes; no reactivation.,Use C16 role/name/state contract; include current record identity where repeated; preserve logical focus and explicit keyboard action.,action_c_s05_a03,Filters,Filtre,action-c-s05-a03,"T-C-S05-A03: invoke from S05; test success, cancellation, blocked state and retry against this exact effect."
C:S05-A04,source_action_group,,S05,Customers,docs/product/ServiceLoop_Conceptual_App_Map_v0_1.md,C:S05-A04,adopted/pending,C21,Sort,No directory; no sites; no equipment; no matches; archived/retired; failed load,color.surfaceRaised;color.textPrimary;color.action;color.outlineDecorative;color.focus;color.disabledText,L03,P12,Explicit labelled secondary action in the matching S05 section; infrequent management variants in named More menu per screen composition.,Name/recent and equipment next-due; absent dates after dated records; stable reference tie-break.,Use C21 role/name/state contract; include current record identity where repeated; preserve logical focus and explicit keyboard action.,action_c_s05_a04,Sort,Sortare,action-c-s05-a04,"T-C-S05-A04: invoke from S05; test success, cancellation, blocked state and retry against this exact effect."
C:S05-A05,source_action_group,,S05,Customers,docs/product/ServiceLoop_Conceptual_App_Map_v0_1.md,C:S05-A05,implemented,C11,Customer / equipment / site row,No directory; no sites; no equipment; no matches; archived/retired; failed load,color.surface;color.canvas;color.textPrimary;color.textSecondary;color.outlineDecorative;color.icon;color.focus,L03,P01,"Named relationship/result row in S05 body, after identity within its labelled section; trailing chevron only when navigable.",Open correct stable-ID detail; no hidden long-press dependency.,Use C11 role/name/state contract; include current record identity where repeated; preserve logical focus and explicit keyboard action.,action_c_s05_a05,Customer / equipment / site row,Rând client / echipament / locație,action-c-s05-a05,"T-C-S05-A05: invoke from S05; test success, cancellation, blocked state and retry against this exact effect."
C:S05-A06,source_action_group,,S05,Customers,docs/product/ServiceLoop_Conceptual_App_Map_v0_1.md,C:S05-A06,implemented,C05,Add customer / Add equipment,No directory; no sites; no equipment; no matches; archived/retired; failed load,color.action;color.onAction;color.actionPressed;color.surface;color.outlineControl;color.disabledContainer;color.disabledText;color.focus,L03,P01,Primary footer or current review/section commit named Add customer / Add equipment; conditional variants never shown simultaneously as competing primary actions.,Equipment first selects actual site; cancellation creates nothing.,Use C05 role/name/state contract; include current record identity where repeated; preserve logical focus and explicit keyboard action.,action_c_s05_a06,Add customer / Add equipment,Adaugă client / Adaugă echipament,action-c-s05-a06,"T-C-S05-A06: invoke from S05; test success, cancellation, blocked state and retry against this exact effect."
C:S05-A07,source_action_group,,S05,Customers,docs/product/ServiceLoop_Conceptual_App_Map_v0_1.md,C:S05-A07,implemented,C07,Global search / Settings,No directory; no sites; no equipment; no matches; archived/retired; failed load,color.action;color.focus;color.disabledText;color.surface,L03,P01,Named top-bar action; returned destination restores invoking context.,Open supporting route and return here.,Use C07 role/name/state contract; include current record identity where repeated; preserve logical focus and explicit keyboard action.,action_c_s05_a07,Global search / Settings,Căutare globală / Setări,action-c-s05-a07,"T-C-S05-A07: invoke from S05; test success, cancellation, blocked state and retry against this exact effect."
C:S05-A08,source_action_group,,S05,Customers,docs/product/ServiceLoop_Conceptual_App_Map_v0_1.md,C:S05-A08,implemented,C03,Home / Work,No directory; no sites; no equipment; no matches; archived/retired; failed load,color.surface;color.selection;color.action;color.textSecondary;color.focus,L03,P01,"Root bottom navigation, or separate Settings toolbar action as named; never inside unfinished editor.",Switch root without business mutation.,Use C03 role/name/state contract; include current record identity where repeated; preserve logical focus and explicit keyboard action.,action_c_s05_a08,Home / Work,Acasă / Lucrări,action-c-s05-a08,"T-C-S05-A08: invoke from S05; test success, cancellation, blocked state and retry against this exact effect."
C:S06-A01,source_action_group,,S06,Customer,docs/product/ServiceLoop_Conceptual_App_Map_v0_1.md,C:S06-A01,implemented,C07,Edit customer,Active; archived; no site/equipment/contact; recent note entered in error; read failure,color.action;color.focus;color.disabledText;color.surface,L04,P01,Explicit labelled secondary action in the matching S06 section; infrequent management variants in named More menu per screen composition.,Active only; archived customer restore first; master edits never rewrite history.,Use C07 role/name/state contract; include current record identity where repeated; preserve logical focus and explicit keyboard action.,action_c_s06_a01,Edit customer,Editează clientul,action-c-s06-a01,"T-C-S06-A01: invoke from S06; test success, cancellation, blocked state and retry against this exact effect."
C:S06-A02,source_action_group,,S06,Customer,docs/product/ServiceLoop_Conceptual_App_Map_v0_1.md,C:S06-A02,implemented,C07,Contact,Active; archived; no site/equipment/contact; recent note entered in error; read failure,color.action;color.focus;color.disabledText;color.surface,L04,P01,Explicit labelled secondary action in the matching S06 section; infrequent management variants in named More menu per screen composition.,"Show available current main contact, missing fields link to editor.",Use C07 role/name/state contract; include current record identity where repeated; preserve logical focus and explicit keyboard action.,action_c_s06_a02,Contact,Contactează,action-c-s06-a02,"T-C-S06-A02: invoke from S06; test success, cancellation, blocked state and retry against this exact effect."
C:S06-A03,source_action_group,,S06,Customer,docs/product/ServiceLoop_Conceptual_App_Map_v0_1.md,C:S06-A03,implemented,C11,Site row / Add site,Active; archived; no site/equipment/contact; recent note entered in error; read failure,color.surface;color.canvas;color.textPrimary;color.textSecondary;color.outlineDecorative;color.icon;color.focus,L04,P01,"Named relationship/result row in S06 body, after identity within its labelled section; trailing chevron only when navigable.",Open existing detail or new scoped site editor; new site only when eligible.,Use C11 role/name/state contract; include current record identity where repeated; preserve logical focus and explicit keyboard action.,action_c_s06_a03,Site row / Add site,Locație / Adaugă locație,action-c-s06-a03,"T-C-S06-A03: invoke from S06; test success, cancellation, blocked state and retry against this exact effect."
C:S06-A04,source_action_group,,S06,Customer,docs/product/ServiceLoop_Conceptual_App_Map_v0_1.md,C:S06-A04,adopted/pending,C11,Equipment / Due services / Visits / Follow-ups,Active; archived; no site/equipment/contact; recent note entered in error; read failure,color.surface;color.canvas;color.textPrimary;color.textSecondary;color.outlineDecorative;color.icon;color.focus,L04,P01,"Named relationship/result row in S06 body, after identity within its labelled section; trailing chevron only when navigable.",Open explicitly customer-scoped list with clearable visible scope.,Use C11 role/name/state contract; include current record identity where repeated; preserve logical focus and explicit keyboard action.,action_c_s06_a04,Equipment / Due services / Visits / Follow-ups,Echipamente / Servicii scadente / Vizite / Acțiuni de urmărire,action-c-s06-a04,"T-C-S06-A04: invoke from S06; test success, cancellation, blocked state and retry against this exact effect."
C:S06-A05,source_action_group,,S06,Customer,docs/product/ServiceLoop_Conceptual_App_Map_v0_1.md,C:S06-A05,implemented,C11,History,Active; archived; no site/equipment/contact; recent note entered in error; read failure,color.surface;color.canvas;color.textPrimary;color.textSecondary;color.outlineDecorative;color.icon;color.focus,L04,P01,"Named relationship/result row in S06 body, after identity within its labelled section; trailing chevron only when navigable.","Show original event context, not retargeted current ownership.",Use C11 role/name/state contract; include current record identity where repeated; preserve logical focus and explicit keyboard action.,action_c_s06_a05,History,Istoric,action-c-s06-a05,"T-C-S06-A05: invoke from S06; test success, cancellation, blocked state and retry against this exact effect."
C:S06-A06,source_action_group,,S06,Customer,docs/product/ServiceLoop_Conceptual_App_Map_v0_1.md,C:S06-A06,adopted/pending (partial control exposed),C07,New visit / Record contact / Add follow-up,Active; archived; no site/equipment/contact; recent note entered in error; read failure,color.action;color.focus;color.disabledText;color.surface,L04,P01,Explicit labelled secondary action in the matching S06 section; infrequent management variants in named More menu per screen composition.,Use unambiguous default site when applicable; archived context blocks new current work.,Use C07 role/name/state contract; include current record identity where repeated; preserve logical focus and explicit keyboard action.,action_c_s06_a06,New visit / Record contact / Add follow-up,Vizită nouă / Înregistrează contactarea / Adaugă acțiune de urmărire,action-c-s06-a06,"T-C-S06-A06: invoke from S06; test success, cancellation, blocked state and retry against this exact effect."
C:S06-A07,source_action_group,,S06,Customer,docs/product/ServiceLoop_Conceptual_App_Map_v0_1.md,C:S06-A07,implemented,C34,Archive / Restore customer,Active; archived; no site/equipment/contact; recent note entered in error; read failure,color.textPrimary;color.textSecondary;color.errorInk;color.warningInk;color.action,L04,P10,"Record More → named lifecycle/destructive action; opens explicit review. On dedicated review, named confirmation is footer last.",Reasoned dependency review; no cascading child cancellation/archive.,Use C34 role/name/state contract; include current record identity where repeated; preserve logical focus and explicit keyboard action.,action_c_s06_a07,Archive / Restore customer,Arhivează / Restaurează clientul,action-c-s06-a07,"T-C-S06-A07: invoke from S06; test success, cancellation, blocked state and retry against this exact effect."
C:S06-A08,source_action_group,,S06,Customer,docs/product/ServiceLoop_Conceptual_App_Map_v0_1.md,C:S06-A08,adopted/pending,C06,Delete unused customer,Active; archived; no site/equipment/contact; recent note entered in error; read failure,color.destructive;color.onDestructive;color.errorInk;color.errorContainer;color.focus,L04,P10,"Record More → named lifecycle/destructive action; opens explicit review. On dedicated review, named confirmation is footer last.",Only explicit eligible unused record and named dependencies; otherwise Archive alternative.,Use C06 role/name/state contract; include current record identity where repeated; preserve logical focus and explicit keyboard action.,action_c_s06_a08,Delete unused customer,Șterge clientul neutilizat,action-c-s06-a08,"T-C-S06-A08: invoke from S06; test success, cancellation, blocked state and retry against this exact effect."
C:S06-A09,source_action_group,,S06,Customer,docs/product/ServiceLoop_Conceptual_App_Map_v0_1.md,C:S06-A09,adopted/pending,C05,Add first equipment,Active; archived; no site/equipment/contact; recent note entered in error; read failure,color.action;color.onAction;color.actionPressed;color.surface;color.outlineControl;color.disabledContainer;color.disabledText;color.focus,L04,P01,Primary footer or current review/section commit named Add first equipment; conditional variants never shown simultaneously as competing primary actions.,Choose real eligible site when needed; save commits only in equipment editor.,Use C05 role/name/state contract; include current record identity where repeated; preserve logical focus and explicit keyboard action.,action_c_s06_a09,Add first equipment,Adaugă primul echipament,action-c-s06-a09,"T-C-S06-A09: invoke from S06; test success, cancellation, blocked state and retry against this exact effect."
C:S07-A01,source_action_group,,S07,Customer editor,docs/product/ServiceLoop_Conceptual_App_Map_v0_1.md,C:S07-A01,adopted/pending (partial control exposed),C05,Save customer,New/edit; dirty; duplicate review; invalid required name; write failed; unavailable contact handler,color.action;color.onAction;color.actionPressed;color.surface;color.outlineControl;color.disabledContainer;color.disabledText;color.focus,L05,P01,Primary footer or current review/section commit named Save customer; conditional variants never shown simultaneously as competing primary actions.,Validate; adopted create customer+first-site atomic transaction; duplicate review; error retains buffer.,Use C05 role/name/state contract; include current record identity where repeated; preserve logical focus and explicit keyboard action.,action_c_s07_a01,Save customer,Salvează clientul,action-c-s07-a01,"T-C-S07-A01: invoke from S07; test success, cancellation, blocked state and retry against this exact effect."
C:S07-A02,source_action_group,,S07,Customer editor,docs/product/ServiceLoop_Conceptual_App_Map_v0_1.md,C:S07-A02,adopted/pending,C07,Choose phone / Choose email from contacts,New/edit; dirty; duplicate review; invalid required name; write failed; unavailable contact handler,color.action;color.focus;color.disabledText;color.surface,L05,P01,Explicit labelled secondary action in the matching S07 section; infrequent management variants in named More menu per screen composition.,Selected-data handoff only; manual entry remains; no contact-list sync.,Use C07 role/name/state contract; include current record identity where repeated; preserve logical focus and explicit keyboard action.,action_c_s07_a02,Choose phone / Choose email from contacts,Alege telefon / e-mail din contacte,action-c-s07-a02,"T-C-S07-A02: invoke from S07; test success, cancellation, blocked state and retry against this exact effect."
C:S07-A03,source_action_group,,S07,Customer editor,docs/product/ServiceLoop_Conceptual_App_Map_v0_1.md,C:S07-A03,adopted/pending,C07,Edit site details,New/edit; dirty; duplicate review; invalid required name; write failed; unavailable contact handler,color.action;color.focus;color.disabledText;color.surface,L05,P01,Explicit labelled secondary action in the matching S07 section; infrequent management variants in named More menu per screen composition.,Existing customer only; save/discard current form first; do not implicitly save two records.,Use C07 role/name/state contract; include current record identity where repeated; preserve logical focus and explicit keyboard action.,action_c_s07_a03,Edit site details,Editează datele locației,action-c-s07-a03,"T-C-S07-A03: invoke from S07; test success, cancellation, blocked state and retry against this exact effect."
C:S07-A04,source_action_group,,S07,Customer editor,docs/product/ServiceLoop_Conceptual_App_Map_v0_1.md,C:S07-A04,implemented,C07,Cancel / Back,New/edit; dirty; duplicate review; invalid required name; write failed; unavailable contact handler,color.action;color.focus;color.disabledText;color.surface,L05,P01,Toolbar Back/Cancel or safe dialog dismissal; obey exact parent save contract.,Dirty guard preserves old record; new cancelled form creates no customer/site.,Use C07 role/name/state contract; include current record identity where repeated; preserve logical focus and explicit keyboard action.,action_c_s07_a04,Cancel / Back,Renunță / Înapoi,action-c-s07-a04,"T-C-S07-A04: invoke from S07; test success, cancellation, blocked state and retry against this exact effect."
C:S08-A01,source_action_group,,S08,Site,docs/product/ServiceLoop_Conceptual_App_Map_v0_1.md,C:S08-A01,implemented,C33,Customer breadcrumb,Active/archived; missing address/contact; no equipment; default/nondefault; read failure,color.textPrimary;color.textSecondary;color.action;color.historyInk,L04,P01,"Named relationship/result row in S08 body, after identity within its labelled section; trailing chevron only when navigable.",Open current owning customer without changing ownership.,Use C33 role/name/state contract; include current record identity where repeated; preserve logical focus and explicit keyboard action.,action_c_s08_a01,Customer breadcrumb,Client,action-c-s08-a01,"T-C-S08-A01: invoke from S08; test success, cancellation, blocked state and retry against this exact effect."
C:S08-A02,source_action_group,,S08,Site,docs/product/ServiceLoop_Conceptual_App_Map_v0_1.md,C:S08-A02,implemented,C07,Edit site,Active/archived; missing address/contact; no equipment; default/nondefault; read failure,color.action;color.focus;color.disabledText;color.surface,L04,P01,Explicit labelled secondary action in the matching S08 section; infrequent management variants in named More menu per screen composition.,Eligible active site editor; history unchanged.,Use C07 role/name/state contract; include current record identity where repeated; preserve logical focus and explicit keyboard action.,action_c_s08_a02,Edit site,Editează locația,action-c-s08-a02,"T-C-S08-A02: invoke from S08; test success, cancellation, blocked state and retry against this exact effect."
C:S08-A03,source_action_group,,S08,Site,docs/product/ServiceLoop_Conceptual_App_Map_v0_1.md,C:S08-A03,adopted/pending (partial control exposed),C07,Contact / Open map,Active/archived; missing address/contact; no equipment; default/nondefault; read failure,color.action;color.focus;color.disabledText;color.surface,L04,P01,Explicit labelled secondary action in the matching S08 section; infrequent management variants in named More menu per screen composition.,Use selected actual contact/address; missing values explain and offer editor.,Use C07 role/name/state contract; include current record identity where repeated; preserve logical focus and explicit keyboard action.,action_c_s08_a03,Contact / Open map,Contactează / Deschide harta,action-c-s08-a03,"T-C-S08-A03: invoke from S08; test success, cancellation, blocked state and retry against this exact effect."
C:S08-A04,source_action_group,,S08,Site,docs/product/ServiceLoop_Conceptual_App_Map_v0_1.md,C:S08-A04,adopted/pending,C07,Make default site,Active/archived; missing address/contact; no equipment; default/nondefault; read failure,color.action;color.focus;color.disabledText;color.surface,L04,P01,Explicit labelled secondary action in the matching S08 section; infrequent management variants in named More menu per screen composition.,One active default per eligible customer; previous default remains a normal site.,Use C07 role/name/state contract; include current record identity where repeated; preserve logical focus and explicit keyboard action.,action_c_s08_a04,Make default site,Setează ca locație implicită,action-c-s08-a04,"T-C-S08-A04: invoke from S08; test success, cancellation, blocked state and retry against this exact effect."
C:S08-A05,source_action_group,,S08,Site,docs/product/ServiceLoop_Conceptual_App_Map_v0_1.md,C:S08-A05,implemented,C11,Equipment row / Add equipment,Active/archived; missing address/contact; no equipment; default/nondefault; read failure,color.surface;color.canvas;color.textPrimary;color.textSecondary;color.outlineDecorative;color.icon;color.focus,L04,P01,"Named relationship/result row in S08 body, after identity within its labelled section; trailing chevron only when navigable.",Open or create equipment at this site; retired visibility controlled explicitly.,Use C11 role/name/state contract; include current record identity where repeated; preserve logical focus and explicit keyboard action.,action_c_s08_a05,Equipment row / Add equipment,Echipament / Adaugă echipament,action-c-s08-a05,"T-C-S08-A05: invoke from S08; test success, cancellation, blocked state and retry against this exact effect."
C:S08-A06,source_action_group,,S08,Site,docs/product/ServiceLoop_Conceptual_App_Map_v0_1.md,C:S08-A06,adopted/pending,C11,Due services / Visits / Follow-ups,Active/archived; missing address/contact; no equipment; default/nondefault; read failure,color.surface;color.canvas;color.textPrimary;color.textSecondary;color.outlineDecorative;color.icon;color.focus,L04,P01,"Named relationship/result row in S08 body, after identity within its labelled section; trailing chevron only when navigable.",Scoped list with visible site context and named count units.,Use C11 role/name/state contract; include current record identity where repeated; preserve logical focus and explicit keyboard action.,action_c_s08_a06,Due services / Visits / Follow-ups,Servicii scadente / Vizite / Acțiuni de urmărire,action-c-s08-a06,"T-C-S08-A06: invoke from S08; test success, cancellation, blocked state and retry against this exact effect."
C:S08-A07,source_action_group,,S08,Site,docs/product/ServiceLoop_Conceptual_App_Map_v0_1.md,C:S08-A07,implemented,C11,History,Active/archived; missing address/contact; no equipment; default/nondefault; read failure,color.surface;color.canvas;color.textPrimary;color.textSecondary;color.outlineDecorative;color.icon;color.focus,L04,P01,"Named relationship/result row in S08 body, after identity within its labelled section; trailing chevron only when navigable.",Include visits originally here even after equipment moves.,Use C11 role/name/state contract; include current record identity where repeated; preserve logical focus and explicit keyboard action.,action_c_s08_a07,History,Istoric,action-c-s08-a07,"T-C-S08-A07: invoke from S08; test success, cancellation, blocked state and retry against this exact effect."
C:S08-A08,source_action_group,,S08,Site,docs/product/ServiceLoop_Conceptual_App_Map_v0_1.md,C:S08-A08,adopted/pending,C07,Book visit / Start visit / Record contact / Add follow-up,Active/archived; missing address/contact; no equipment; default/nondefault; read failure,color.action;color.focus;color.disabledText;color.surface,L04,P01,Explicit labelled secondary action in the matching S08 section; infrequent management variants in named More menu per screen composition.,Eligible context only; no automatic message/outcome.,Use C07 role/name/state contract; include current record identity where repeated; preserve logical focus and explicit keyboard action.,action_c_s08_a08,Book visit / Start visit / Record contact / Add follow-up,Programează vizită / Începe vizita / Înregistrează contactarea / Adaugă acțiune de urmărire,action-c-s08-a08,"T-C-S08-A08: invoke from S08; test success, cancellation, blocked state and retry against this exact effect."
C:S08-A09,source_action_group,,S08,Site,docs/product/ServiceLoop_Conceptual_App_Map_v0_1.md,C:S08-A09,implemented,C34,Archive / Restore site,Active/archived; missing address/contact; no equipment; default/nondefault; read failure,color.textPrimary;color.textSecondary;color.errorInk;color.warningInk;color.action,L04,P10,"Record More → named lifecycle/destructive action; opens explicit review. On dedicated review, named confirmation is footer last.",Named blockers and reason; no cascading cancellation.,Use C34 role/name/state contract; include current record identity where repeated; preserve logical focus and explicit keyboard action.,action_c_s08_a09,Archive / Restore site,Arhivează / Restaurează locația,action-c-s08-a09,"T-C-S08-A09: invoke from S08; test success, cancellation, blocked state and retry against this exact effect."
C:S08-A10,source_action_group,,S08,Site,docs/product/ServiceLoop_Conceptual_App_Map_v0_1.md,C:S08-A10,adopted/pending,C06,Delete unused site,Active/archived; missing address/contact; no equipment; default/nondefault; read failure,color.destructive;color.onDestructive;color.errorInk;color.errorContainer;color.focus,L04,P10,"Record More → named lifecycle/destructive action; opens explicit review. On dedicated review, named confirmation is footer last.",Unused only; explicitly resolve default-site consequence.,Use C06 role/name/state contract; include current record identity where repeated; preserve logical focus and explicit keyboard action.,action_c_s08_a10,Delete unused site,Șterge locația neutilizată,action-c-s08-a10,"T-C-S08-A10: invoke from S08; test success, cancellation, blocked state and retry against this exact effect."
C:S08-A11,source_action_group,,S08,Site,docs/product/ServiceLoop_Conceptual_App_Map_v0_1.md,C:S08-A11,adopted/pending,C14,Show retired equipment,Active/archived; missing address/contact; no equipment; default/nondefault; read failure,color.action;color.onAction;color.surfaceSubtle;color.outlineControl;color.textPrimary;color.textSecondary;color.errorInk;color.focus,L04,P01,Explicit labelled secondary action in the matching S08 section; infrequent management variants in named More menu per screen composition.,"Visibility only, never returns equipment/plans to service.",Use C14 role/name/state contract; include current record identity where repeated; preserve logical focus and explicit keyboard action.,action_c_s08_a11,Show retired equipment,Arată echipamentele retrase,action-c-s08-a11,"T-C-S08-A11: invoke from S08; test success, cancellation, blocked state and retry against this exact effect."
C:S09-A01,source_action_group,,S09,Site editor,docs/product/ServiceLoop_Conceptual_App_Map_v0_1.md,C:S09-A01,adopted/pending,C09,Select customer,New/edit; default; inherited/separate contact; duplicate name; reassignment blocked; failed save,color.surface;color.textPrimary;color.textSecondary;color.icon;color.outlineDecorative;color.outlineControl;color.focus;color.errorInk,L05,P01,Named Select customer field/selector in S09 content order; error directly below; see individual field ledger.,New or eligible unused site only; used ownership changes require separate legitimate workflow.,Use C09 role/name/state contract; include current record identity where repeated; preserve logical focus and explicit keyboard action.,action_c_s09_a01,Select customer,Selectează clientul,action-c-s09-a01,"T-C-S09-A01: invoke from S09; test success, cancellation, blocked state and retry against this exact effect."
C:S09-A02,source_action_group,,S09,Site editor,docs/product/ServiceLoop_Conceptual_App_Map_v0_1.md,C:S09-A02,adopted/pending,C14,Use customer's main contact,New/edit; default; inherited/separate contact; duplicate name; reassignment blocked; failed save,color.action;color.onAction;color.surfaceSubtle;color.outlineControl;color.textPrimary;color.textSecondary;color.errorInk;color.focus,L05,P01,Explicit labelled secondary action in the matching S09 section; infrequent management variants in named More menu per screen composition.,Choose inherited versus separate contact as adopted; source override-field model divergence E06.,Use C14 role/name/state contract; include current record identity where repeated; preserve logical focus and explicit keyboard action.,action_c_s09_a02,Use customer's main contact,Folosește contactul principal al clientului,action-c-s09-a02,"T-C-S09-A02: invoke from S09; test success, cancellation, blocked state and retry against this exact effect."
C:S09-A03,source_action_group,,S09,Site editor,docs/product/ServiceLoop_Conceptual_App_Map_v0_1.md,C:S09-A03,adopted/pending,C07,Choose phone / Choose email,New/edit; default; inherited/separate contact; duplicate name; reassignment blocked; failed save,color.action;color.focus;color.disabledText;color.surface,L05,P01,Explicit labelled secondary action in the matching S09 section; infrequent management variants in named More menu per screen composition.,"Selected-contact-data picker, not broad address-book read; cancel unchanged.",Use C07 role/name/state contract; include current record identity where repeated; preserve logical focus and explicit keyboard action.,action_c_s09_a03,Choose phone / Choose email,Alege telefonul / e-mailul,action-c-s09-a03,"T-C-S09-A03: invoke from S09; test success, cancellation, blocked state and retry against this exact effect."
C:S09-A04,source_action_group,,S09,Site editor,docs/product/ServiceLoop_Conceptual_App_Map_v0_1.md,C:S09-A04,implemented,C05,Save site,New/edit; default; inherited/separate contact; duplicate name; reassignment blocked; failed save,color.action;color.onAction;color.actionPressed;color.surface;color.outlineControl;color.disabledContainer;color.disabledText;color.focus,L05,P01,Primary footer or current review/section commit named Save site; conditional variants never shown simultaneously as competing primary actions.,Validate duplicate naming and eligibility; confirmation for allowed reassignment/default effect; no history rewrite.,Use C05 role/name/state contract; include current record identity where repeated; preserve logical focus and explicit keyboard action.,action_c_s09_a04,Save site,Salvează locația,action-c-s09-a04,"T-C-S09-A04: invoke from S09; test success, cancellation, blocked state and retry against this exact effect."
C:S09-A05,source_action_group,,S09,Site editor,docs/product/ServiceLoop_Conceptual_App_Map_v0_1.md,C:S09-A05,implemented,C07,Cancel / Back,New/edit; default; inherited/separate contact; duplicate name; reassignment blocked; failed save,color.action;color.focus;color.disabledText;color.surface,L05,P01,Toolbar Back/Cancel or safe dialog dismissal; obey exact parent save contract.,Discard only uncommitted draft after guard.,Use C07 role/name/state contract; include current record identity where repeated; preserve logical focus and explicit keyboard action.,action_c_s09_a05,Cancel / Back,Renunță / Înapoi,action-c-s09-a05,"T-C-S09-A05: invoke from S09; test success, cancellation, blocked state and retry against this exact effect."
C:S10-A01,source_action_group,,S10,Equipment,docs/product/ServiceLoop_Conceptual_App_Map_v0_1.md,C:S10-A01,implemented,C07,Edit equipment,In service/retired; unknown serial; no active plan; overdue/due/upcoming; archived parent,color.action;color.focus;color.disabledText;color.surface,L04,P01,Explicit labelled secondary action in the matching S10 section; infrequent management variants in named More menu per screen composition.,In-service eligible record only; preserve captured historical identity.,Use C07 role/name/state contract; include current record identity where repeated; preserve logical focus and explicit keyboard action.,action_c_s10_a01,Edit equipment,Editează echipamentul,action-c-s10-a01,"T-C-S10-A01: invoke from S10; test success, cancellation, blocked state and retry against this exact effect."
C:S10-A02,source_action_group,,S10,Equipment,docs/product/ServiceLoop_Conceptual_App_Map_v0_1.md,C:S10-A02,adopted/pending (partial control exposed),C33,Site/customer links,In service/retired; unknown serial; no active plan; overdue/due/upcoming; archived parent,color.textPrimary;color.textSecondary;color.action;color.historyInk,L04,P01,"Named relationship/result row in S10 body, after identity within its labelled section; trailing chevron only when navigable.",Current location explicitly distinct from historical origin.,Use C33 role/name/state contract; include current record identity where repeated; preserve logical focus and explicit keyboard action.,action_c_s10_a02,Site/customer links,Legături locație/client,action-c-s10-a02,"T-C-S10-A02: invoke from S10; test success, cancellation, blocked state and retry against this exact effect."
C:S10-A03,source_action_group,,S10,Equipment,docs/product/ServiceLoop_Conceptual_App_Map_v0_1.md,C:S10-A03,adopted/pending,C24,Photo,In service/retired; unknown serial; no active plan; overdue/due/upcoming; archived parent,color.photoMat;color.surface;color.textPrimary;color.textSecondary;color.outlineDecorative;color.selection;color.selectionOutline,L04,P14,"Photo/evidence group of S10; thumbnail opens viewer, labelled intake/selection actions adjacent.",View existing identity photograph; replace through equipment editor; missing copy explained.,Use C24 role/name/state contract; include current record identity where repeated; preserve logical focus and explicit keyboard action.,action_c_s10_a03,Photo,Fotografie,action-c-s10-a03,"T-C-S10-A03: invoke from S10; test success, cancellation, blocked state and retry against this exact effect."
C:S10-A04,source_action_group,,S10,Equipment,docs/product/ServiceLoop_Conceptual_App_Map_v0_1.md,C:S10-A04,implemented,C11,Plan row / Add service plan,In service/retired; unknown serial; no active plan; overdue/due/upcoming; archived parent,color.surface;color.canvas;color.textPrimary;color.textSecondary;color.outlineDecorative;color.icon;color.focus,L04,P01,"Named relationship/result row in S10 body, after identity within its labelled section; trailing chevron only when navigable.",One machine can have multiple plans; no auto-plan from equipment type.,Use C11 role/name/state contract; include current record identity where repeated; preserve logical focus and explicit keyboard action.,action_c_s10_a04,Plan row / Add service plan,Plan / Adaugă plan de service,action-c-s10-a04,"T-C-S10-A04: invoke from S10; test success, cancellation, blocked state and retry against this exact effect."
C:S10-A05,source_action_group,,S10,Equipment,docs/product/ServiceLoop_Conceptual_App_Map_v0_1.md,C:S10-A05,adopted/pending,C14,Show paused/ended plans,In service/retired; unknown serial; no active plan; overdue/due/upcoming; archived parent,color.action;color.onAction;color.surfaceSubtle;color.outlineControl;color.textPrimary;color.textSecondary;color.errorInk;color.focus,L04,P01,Explicit labelled secondary action in the matching S10 section; infrequent management variants in named More menu per screen composition.,Retained inactive rows only; no change in due counts.,Use C14 role/name/state contract; include current record identity where repeated; preserve logical focus and explicit keyboard action.,action_c_s10_a05,Show paused/ended plans,Arată planurile suspendate/încheiate,action-c-s10-a05,"T-C-S10-A05: invoke from S10; test success, cancellation, blocked state and retry against this exact effect."
C:S10-A06,source_action_group,,S10,Equipment,docs/product/ServiceLoop_Conceptual_App_Map_v0_1.md,C:S10-A06,adopted/pending (partial control exposed),C07,Book / Start visit / Record past visit,In service/retired; unknown serial; no active plan; overdue/due/upcoming; archived parent,color.action;color.focus;color.disabledText;color.surface,L04,P01,Explicit labelled secondary action in the matching S10 section; infrequent management variants in named More menu per screen composition.,Stage appropriate context/mode; historical inactive work does not reactivate schedule.,Use C07 role/name/state contract; include current record identity where repeated; preserve logical focus and explicit keyboard action.,action_c_s10_a06,Book / Start visit / Record past visit,Programează / Începe vizita / Înregistrează vizită trecută,action-c-s10-a06,"T-C-S10-A06: invoke from S10; test success, cancellation, blocked state and retry against this exact effect."
C:S10-A07,source_action_group,,S10,Equipment,docs/product/ServiceLoop_Conceptual_App_Map_v0_1.md,C:S10-A07,adopted/pending,C11,Follow-ups / Add corrective follow-up,In service/retired; unknown serial; no active plan; overdue/due/upcoming; archived parent,color.surface;color.canvas;color.textPrimary;color.textSecondary;color.outlineDecorative;color.icon;color.focus,L04,P01,"Named relationship/result row in S10 body, after identity within its labelled section; trailing chevron only when navigable.",Open actual scoped tasks; new corrective task needs eligible context.,Use C11 role/name/state contract; include current record identity where repeated; preserve logical focus and explicit keyboard action.,action_c_s10_a07,Follow-ups / Add corrective follow-up,Acțiuni de urmărire / Adaugă acțiune corectivă,action-c-s10-a07,"T-C-S10-A07: invoke from S10; test success, cancellation, blocked state and retry against this exact effect."
C:S10-A08,source_action_group,,S10,Equipment,docs/product/ServiceLoop_Conceptual_App_Map_v0_1.md,C:S10-A08,implemented,C11,History,In service/retired; unknown serial; no active plan; overdue/due/upcoming; archived parent,color.surface;color.canvas;color.textPrimary;color.textSecondary;color.outlineDecorative;color.icon;color.focus,L04,P01,"Named relationship/result row in S10 body, after identity within its labelled section; trailing chevron only when navigable.",All original locations with explicit origin; no relabelling past records.,Use C11 role/name/state contract; include current record identity where repeated; preserve logical focus and explicit keyboard action.,action_c_s10_a08,History,Istoric,action-c-s10-a08,"T-C-S10-A08: invoke from S10; test success, cancellation, blocked state and retry against this exact effect."
C:S10-A09,source_action_group,,S10,Equipment,docs/product/ServiceLoop_Conceptual_App_Map_v0_1.md,C:S10-A09,implemented,C34,Move equipment,In service/retired; unknown serial; no active plan; overdue/due/upcoming; archived parent,color.textPrimary;color.textSecondary;color.errorInk;color.warningInk;color.action,L04,P10,"Record More → named lifecycle/destructive action; opens explicit review. On dedicated review, named confirmation is footer last.",Separate move workflow with actual blockers including correction draft.,Use C34 role/name/state contract; include current record identity where repeated; preserve logical focus and explicit keyboard action.,action_c_s10_a09,Move equipment,Mută echipamentul,action-c-s10-a09,"T-C-S10-A09: invoke from S10; test success, cancellation, blocked state and retry against this exact effect."
C:S10-A10,source_action_group,,S10,Equipment,docs/product/ServiceLoop_Conceptual_App_Map_v0_1.md,C:S10-A10,implemented,C34,Retire / Return to service,In service/retired; unknown serial; no active plan; overdue/due/upcoming; archived parent,color.textPrimary;color.textSecondary;color.errorInk;color.warningInk;color.action,L04,P10,"Record More → named lifecycle/destructive action; opens explicit review. On dedicated review, named confirmation is footer last.",Reason/guards; return does not resurrect ended plans.,Use C34 role/name/state contract; include current record identity where repeated; preserve logical focus and explicit keyboard action.,action_c_s10_a10,Retire / Return to service,Retrage / Repune în serviciu,action-c-s10-a10,"T-C-S10-A10: invoke from S10; test success, cancellation, blocked state and retry against this exact effect."
C:S10-A11,source_action_group,,S10,Equipment,docs/product/ServiceLoop_Conceptual_App_Map_v0_1.md,C:S10-A11,adopted/pending,C06,Delete unused equipment,In service/retired; unknown serial; no active plan; overdue/due/upcoming; archived parent,color.destructive;color.onDestructive;color.errorInk;color.errorContainer;color.focus,L04,P10,"Record More → named lifecycle/destructive action; opens explicit review. On dedicated review, named confirmation is footer last.","Only unused record; otherwise Retire, never purge history.",Use C06 role/name/state contract; include current record identity where repeated; preserve logical focus and explicit keyboard action.,action_c_s10_a11,Delete unused equipment,Șterge echipamentul neutilizat,action-c-s10-a11,"T-C-S10-A11: invoke from S10; test success, cancellation, blocked state and retry against this exact effect."
C:S11-A01,source_action_group,,S11,Equipment editor,docs/product/ServiceLoop_Conceptual_App_Map_v0_1.md,C:S11-A01,implemented,C09,Choose site,New/edit; duplicate warning; no selected site; missing identifier allowed; file/write failure,color.surface;color.textPrimary;color.textSecondary;color.icon;color.outlineDecorative;color.outlineControl;color.focus;color.errorInk,L05,P01,Named Choose site field/selector in S11 content order; error directly below; see individual field ledger.,New equipment only; no choice blocks save; used equipment relocation is separate.,Use C09 role/name/state contract; include current record identity where repeated; preserve logical focus and explicit keyboard action.,action_c_s11_a01,Choose site,Alege locația,action-c-s11-a01,"T-C-S11-A01: invoke from S11; test success, cancellation, blocked state and retry against this exact effect."
C:S11-A02,source_action_group,,S11,Equipment editor,docs/product/ServiceLoop_Conceptual_App_Map_v0_1.md,C:S11-A02,adopted/pending,C24,Add/change/remove photograph,New/edit; duplicate warning; no selected site; missing identifier allowed; file/write failure,color.photoMat;color.surface;color.textPrimary;color.textSecondary;color.outlineDecorative;color.selection;color.selectionOutline,L05,P14,"Photo/evidence group of S11; thumbnail opens viewer, labelled intake/selection actions adjacent.",Stage owned image in form; discard cleans only unreferenced temporary copy.,Use C24 role/name/state contract; include current record identity where repeated; preserve logical focus and explicit keyboard action.,action_c_s11_a02,Add/change/remove photograph,Adaugă/schimbă/elimină fotografia,action-c-s11-a02,"T-C-S11-A02: invoke from S11; test success, cancellation, blocked state and retry against this exact effect."
C:S11-A03,source_action_group,,S11,Equipment editor,docs/product/ServiceLoop_Conceptual_App_Map_v0_1.md,C:S11-A03,implemented,C05,Save equipment,New/edit; duplicate warning; no selected site; missing identifier allowed; file/write failure,color.action;color.onAction;color.actionPressed;color.surface;color.outlineControl;color.disabledContainer;color.disabledText;color.focus,L05,P01,Primary footer or current review/section commit named Save equipment; conditional variants never shown simultaneously as competing primary actions.,Required name/site; identifiers may be blank; duplicate warning cannot prove identity; save atomic.,Use C05 role/name/state contract; include current record identity where repeated; preserve logical focus and explicit keyboard action.,action_c_s11_a03,Save equipment,Salvează echipamentul,action-c-s11-a03,"T-C-S11-A03: invoke from S11; test success, cancellation, blocked state and retry against this exact effect."
C:S11-A04,source_action_group,,S11,Equipment editor,docs/product/ServiceLoop_Conceptual_App_Map_v0_1.md,C:S11-A04,implemented,C07,Cancel / Back,New/edit; duplicate warning; no selected site; missing identifier allowed; file/write failure,color.action;color.focus;color.disabledText;color.surface,L05,P01,Toolbar Back/Cancel or safe dialog dismissal; obey exact parent save contract.,No partial row/permanent orphan image.,Use C07 role/name/state contract; include current record identity where repeated; preserve logical focus and explicit keyboard action.,action_c_s11_a04,Cancel / Back,Renunță / Înapoi,action-c-s11-a04,"T-C-S11-A04: invoke from S11; test success, cancellation, blocked state and retry against this exact effect."
C:S12-A01,source_action_group,,S12,Move equipment,docs/product/ServiceLoop_Conceptual_App_Map_v0_1.md,C:S12-A01,implemented,C09,Choose destination,Checking; blocked; eligible; same-site invalid; committing; failed,color.surface;color.textPrimary;color.textSecondary;color.icon;color.outlineDecorative;color.outlineControl;color.focus;color.errorInk,L07,P01,Named Choose destination field/selector in S12 content order; error directly below; see individual field ledger.,Active eligible site; same-site invalid; creating site does not move equipment.,Use C09 role/name/state contract; include current record identity where repeated; preserve logical focus and explicit keyboard action.,action_c_s12_a01,Choose destination,Alege destinația,action-c-s12-a01,"T-C-S12-A01: invoke from S12; test success, cancellation, blocked state and retry against this exact effect."
C:S12-A02,source_action_group,,S12,Move equipment,docs/product/ServiceLoop_Conceptual_App_Map_v0_1.md,C:S12-A02,implemented,C34,Inspect blockers,Checking; blocked; eligible; same-site invalid; committing; failed,color.textPrimary;color.textSecondary;color.errorInk;color.warningInk;color.action,L07,P10,"Record More → named lifecycle/destructive action; opens explicit review. On dedicated review, named confirmation is footer last.","Booked/Working/Open tasks/correction drafts resolved individually, not silently cancelled.",Use C34 role/name/state contract; include current record identity where repeated; preserve logical focus and explicit keyboard action.,action_c_s12_a02,Inspect blockers,Verifică blocajele,action-c-s12-a02,"T-C-S12-A02: invoke from S12; test success, cancellation, blocked state and retry against this exact effect."
C:S12-A03,source_action_group,,S12,Move equipment,docs/product/ServiceLoop_Conceptual_App_Map_v0_1.md,C:S12-A03,implemented,C06,Confirm move,Checking; blocked; eligible; same-site invalid; committing; failed,color.destructive;color.onDestructive;color.errorInk;color.errorContainer;color.focus,L07,P10,"Record More → named lifecycle/destructive action; opens explicit review. On dedicated review, named confirmation is footer last.",Required date/reason/acknowledgement; change current site and retain prior history plus carried plan states/dates.,Use C06 role/name/state contract; include current record identity where repeated; preserve logical focus and explicit keyboard action.,action_c_s12_a03,Confirm move,Confirmă mutarea,action-c-s12-a03,"T-C-S12-A03: invoke from S12; test success, cancellation, blocked state and retry against this exact effect."
C:S12-A04,source_action_group,,S12,Move equipment,docs/product/ServiceLoop_Conceptual_App_Map_v0_1.md,C:S12-A04,implemented,C07,Cancel,Checking; blocked; eligible; same-site invalid; committing; failed,color.action;color.focus;color.disabledText;color.surface,L07,P01,Toolbar Back/Cancel or safe dialog dismissal; obey exact parent save contract.,No move from selection or acknowledgement alone.,Use C07 role/name/state contract; include current record identity where repeated; preserve logical focus and explicit keyboard action.,action_c_s12_a04,Cancel,Renunță,action-c-s12-a04,"T-C-S12-A04: invoke from S12; test success, cancellation, blocked state and retry against this exact effect."
C:S13-A01,source_action_group,,S13,Service plan,docs/product/ServiceLoop_Conceptual_App_Map_v0_1.md,C:S13-A01,implemented,C07,Edit plan,Active/paused/ended; claimed; archived template; overdue retained on resume; read failure,color.action;color.focus;color.disabledText;color.surface,L04,P01,Explicit labelled secondary action in the matching S13 section; infrequent management variants in named More menu per screen composition.,Working claims block material changes; explain and open actual visit.,Use C07 role/name/state contract; include current record identity where repeated; preserve logical focus and explicit keyboard action.,action_c_s13_a01,Edit plan,Editează planul,action-c-s13-a01,"T-C-S13-A01: invoke from S13; test success, cancellation, blocked state and retry against this exact effect."
C:S13-A02,source_action_group,,S13,Service plan,docs/product/ServiceLoop_Conceptual_App_Map_v0_1.md,C:S13-A02,implemented,C05,Book / Start service,Active/paused/ended; claimed; archived template; overdue retained on resume; read failure,color.action;color.onAction;color.actionPressed;color.surface;color.outlineControl;color.disabledContainer;color.disabledText;color.focus,L04,P01,Primary footer or current review/section commit named Book / Start service; conditional variants never shown simultaneously as competing primary actions.,Only active unclaimed current obligation; otherwise open linked visit.,Use C05 role/name/state contract; include current record identity where repeated; preserve logical focus and explicit keyboard action.,action_c_s13_a02,Book / Start service,Programează / Începe serviciul,action-c-s13-a02,"T-C-S13-A02: invoke from S13; test success, cancellation, blocked state and retry against this exact effect."
C:S13-A03,source_action_group,,S13,Service plan,docs/product/ServiceLoop_Conceptual_App_Map_v0_1.md,C:S13-A03,adopted/pending,C11,Open linked visit,Active/paused/ended; claimed; archived template; overdue retained on resume; read failure,color.surface;color.canvas;color.textPrimary;color.textSecondary;color.outlineDecorative;color.icon;color.focus,L04,P01,"Named relationship/result row in S13 body, after identity within its labelled section; trailing chevron only when navigable.",Use captured obligation identity and actual Visit state.,Use C11 role/name/state contract; include current record identity where repeated; preserve logical focus and explicit keyboard action.,action_c_s13_a03,Open linked visit,Deschide vizita asociată,action-c-s13-a03,"T-C-S13-A03: invoke from S13; test success, cancellation, blocked state and retry against this exact effect."
C:S13-A04,source_action_group,,S13,Service plan,docs/product/ServiceLoop_Conceptual_App_Map_v0_1.md,C:S13-A04,adopted/pending,C07,Contact / Record contact / Add contact follow-up,Active/paused/ended; claimed; archived template; overdue retained on resume; read failure,color.action;color.focus;color.disabledText;color.surface,L04,P01,Explicit labelled secondary action in the matching S13 section; infrequent management variants in named More menu per screen composition.,No due-date change from communication or task creation.,Use C07 role/name/state contract; include current record identity where repeated; preserve logical focus and explicit keyboard action.,action_c_s13_a04,Contact / Record contact / Add contact follow-up,Contactează / Înregistrează contactarea / Adaugă urmărire contact,action-c-s13-a04,"T-C-S13-A04: invoke from S13; test success, cancellation, blocked state and retry against this exact effect."
C:S13-A05,source_action_group,,S13,Service plan,docs/product/ServiceLoop_Conceptual_App_Map_v0_1.md,C:S13-A05,adopted/pending,C11,Template,Active/paused/ended; claimed; archived template; overdue retained on resume; read failure,color.surface;color.canvas;color.textPrimary;color.textSecondary;color.outlineDecorative;color.icon;color.focus,L04,P01,"Named relationship/result row in S13 body, after identity within its labelled section; trailing chevron only when navigable.",Read selected template/revision; retained archived assigned template visibly identified.,Use C11 role/name/state contract; include current record identity where repeated; preserve logical focus and explicit keyboard action.,action_c_s13_a05,Template,Șablon,action-c-s13-a05,"T-C-S13-A05: invoke from S13; test success, cancellation, blocked state and retry against this exact effect."
C:S13-A06,source_action_group,,S13,Service plan,docs/product/ServiceLoop_Conceptual_App_Map_v0_1.md,C:S13-A06,implemented,C34,Pause plan,Active/paused/ended; claimed; archived template; overdue retained on resume; read failure,color.textPrimary;color.textSecondary;color.errorInk;color.warningInk;color.action,L04,P10,"Record More → named lifecycle/destructive action; opens explicit review. On dedicated review, named confirmation is footer last.",Clear claims first; required reason; retain current due date; unrelated corrective tasks stay open.,Use C34 role/name/state contract; include current record identity where repeated; preserve logical focus and explicit keyboard action.,action_c_s13_a06,Pause plan,Suspendă planul,action-c-s13-a06,"T-C-S13-A06: invoke from S13; test success, cancellation, blocked state and retry against this exact effect."
C:S13-A07,source_action_group,,S13,Service plan,docs/product/ServiceLoop_Conceptual_App_Map_v0_1.md,C:S13-A07,implemented,C34,Resume plan,Active/paused/ended; claimed; archived template; overdue retained on resume; read failure,color.textPrimary;color.textSecondary;color.errorInk;color.warningInk;color.action,L04,P10,"Record More → named lifecycle/destructive action; opens explicit review. On dedicated review, named confirmation is footer last.",Show retained due and deliberate Keep/current replacement decision; may remain overdue.,Use C34 role/name/state contract; include current record identity where repeated; preserve logical focus and explicit keyboard action.,action_c_s13_a07,Resume plan,Reia planul,action-c-s13-a07,"T-C-S13-A07: invoke from S13; test success, cancellation, blocked state and retry against this exact effect."
C:S13-A08,source_action_group,,S13,Service plan,docs/product/ServiceLoop_Conceptual_App_Map_v0_1.md,C:S13-A08,implemented,C34,End plan,Active/paused/ended; claimed; archived template; overdue retained on resume; read failure,color.textPrimary;color.textSecondary;color.errorInk;color.warningInk;color.action,L04,P10,"Record More → named lifecycle/destructive action; opens explicit review. On dedicated review, named confirmation is footer last.",Clear claims/reason; no future active obligation; not a reversible enable switch.,Use C34 role/name/state contract; include current record identity where repeated; preserve logical focus and explicit keyboard action.,action_c_s13_a08,End plan,Încheie planul,action-c-s13-a08,"T-C-S13-A08: invoke from S13; test success, cancellation, blocked state and retry against this exact effect."
C:S13-A09,source_action_group,,S13,Service plan,docs/product/ServiceLoop_Conceptual_App_Map_v0_1.md,C:S13-A09,adopted/pending,C07,Record past service,Active/paused/ended; claimed; archived template; overdue retained on resume; read failure,color.action;color.focus;color.disabledText;color.surface,L04,P01,Explicit labelled secondary action in the matching S13 section; infrequent management variants in named More menu per screen composition.,Historical default History only; no automatic advancement/resumption.,Use C07 role/name/state contract; include current record identity where repeated; preserve logical focus and explicit keyboard action.,action_c_s13_a09,Record past service,Înregistrează serviciu trecut,action-c-s13-a09,"T-C-S13-A09: invoke from S13; test success, cancellation, blocked state and retry against this exact effect."
C:S13-A10,source_action_group,,S13,Service plan,docs/product/ServiceLoop_Conceptual_App_Map_v0_1.md,C:S13-A10,adopted/pending,C06,Delete unused plan,Active/paused/ended; claimed; archived template; overdue retained on resume; read failure,color.destructive;color.onDestructive;color.errorInk;color.errorContainer;color.focus,L04,P10,"Record More → named lifecycle/destructive action; opens explicit review. On dedicated review, named confirmation is footer last.",No prior references beyond setup; otherwise End.,Use C06 role/name/state contract; include current record identity where repeated; preserve logical focus and explicit keyboard action.,action_c_s13_a10,Delete unused plan,Șterge planul neutilizat,action-c-s13-a10,"T-C-S13-A10: invoke from S13; test success, cancellation, blocked state and retry against this exact effect."
C:S13-A11,source_action_group,,S13,Service plan,docs/product/ServiceLoop_Conceptual_App_Map_v0_1.md,C:S13-A11,adopted/pending,C11,Machine / History entry,Active/paused/ended; claimed; archived template; overdue retained on resume; read failure,color.surface;color.canvas;color.textPrimary;color.textSecondary;color.outlineDecorative;color.icon;color.focus,L04,P01,"Named relationship/result row in S13 body, after identity within its labelled section; trailing chevron only when navigable.",Navigate original subject/event; no direct edit of finalized last-service value.,Use C11 role/name/state contract; include current record identity where repeated; preserve logical focus and explicit keyboard action.,action_c_s13_a11,Machine / History entry,Echipament / Înregistrare din istoric,action-c-s13-a11,"T-C-S13-A11: invoke from S13; test success, cancellation, blocked state and retry against this exact effect."
C:S14-A01,source_action_group,,S14,Service-plan editor,docs/product/ServiceLoop_Conceptual_App_Map_v0_1.md,C:S14-A01,implemented,C09,Choose/clear template,New/edit; historical setup locked after real fulfillment; working claim blocker; invalid date/overflow,color.surface;color.textPrimary;color.textSecondary;color.icon;color.outlineDecorative;color.outlineControl;color.focus;color.errorInk,L05,P01,Named Choose/clear template field/selector in S14 content order; error directly below; see individual field ledger.,Future work only; captured existing checklists unchanged.,Use C09 role/name/state contract; include current record identity where repeated; preserve logical focus and explicit keyboard action.,action_c_s14_a01,Choose/clear template,Alege/elimină șablonul,action-c-s14-a01,"T-C-S14-A01: invoke from S14; test success, cancellation, blocked state and retry against this exact effect."
C:S14-A02,source_action_group,,S14,Service-plan editor,docs/product/ServiceLoop_Conceptual_App_Map_v0_1.md,C:S14-A02,adopted/pending,C07,Use suggested due date,New/edit; historical setup locked after real fulfillment; working claim blocker; invalid date/overflow,color.action;color.focus;color.disabledText;color.surface,L05,P01,Explicit labelled secondary action in the matching S14 section; infrequent management variants in named More menu per screen composition.,Set buffer from supplied earlier date+interval; still needs Save and never creates service history.,Use C07 role/name/state contract; include current record identity where repeated; preserve logical focus and explicit keyboard action.,action_c_s14_a02,Use suggested due date,Folosește data scadentă sugerată,action-c-s14-a02,"T-C-S14-A02: invoke from S14; test success, cancellation, blocked state and retry against this exact effect."
C:S14-A03,source_action_group,,S14,Service-plan editor,docs/product/ServiceLoop_Conceptual_App_Map_v0_1.md,C:S14-A03,adopted/pending (partial control exposed),C30,Interval or due-date fields,New/edit; historical setup locked after real fulfillment; working claim blocker; invalid date/overflow,color.surfaceRaised;color.textPrimary;color.textSecondary;color.action;color.selection;color.outlineControl;color.errorInk;color.focus,L05,P13,Named Interval or due-date fields field/selector in S14 content order; error directly below; see individual field ledger.,Interval edit alone leaves due date; changed live due requires reason and before/after; reject invalid/overflow.,Use C30 role/name/state contract; include current record identity where repeated; preserve logical focus and explicit keyboard action.,action_c_s14_a03,Interval or due-date fields,Interval / Data scadentă,action-c-s14-a03,"T-C-S14-A03: invoke from S14; test success, cancellation, blocked state and retry against this exact effect."
C:S14-A04,source_action_group,,S14,Service-plan editor,docs/product/ServiceLoop_Conceptual_App_Map_v0_1.md,C:S14-A04,implemented,C05,Save plan,New/edit; historical setup locked after real fulfillment; working claim blocker; invalid date/overflow,color.action;color.onAction;color.actionPressed;color.surface;color.outlineControl;color.disabledContainer;color.disabledText;color.focus,L05,P01,Primary footer or current review/section commit named Save plan; conditional variants never shown simultaneously as competing primary actions.,Create obligation or update valid fields/history; no guessed completion. Working claim guard retained.,Use C05 role/name/state contract; include current record identity where repeated; preserve logical focus and explicit keyboard action.,action_c_s14_a04,Save plan,Salvează planul,action-c-s14-a04,"T-C-S14-A04: invoke from S14; test success, cancellation, blocked state and retry against this exact effect."
C:S14-A05,source_action_group,,S14,Service-plan editor,docs/product/ServiceLoop_Conceptual_App_Map_v0_1.md,C:S14-A05,implemented,C07,Cancel / Back,New/edit; historical setup locked after real fulfillment; working claim blocker; invalid date/overflow,color.action;color.focus;color.disabledText;color.surface,L05,P01,Toolbar Back/Cancel or safe dialog dismissal; obey exact parent save contract.,Leave previous dates/settings unchanged.,Use C07 role/name/state contract; include current record identity where repeated; preserve logical focus and explicit keyboard action.,action_c_s14_a05,Cancel / Back,Renunță / Înapoi,action-c-s14-a05,"T-C-S14-A05: invoke from S14; test success, cancellation, blocked state and retry against this exact effect."
C:S15-A01,source_action_group,,S15,Inspection templates,docs/product/ServiceLoop_Conceptual_App_Map_v0_1.md,C:S15-A01,adopted/pending,C17,Search / Clear,Empty; matches/no matches; archived; loading/error,color.surface;color.textPrimary;color.textSecondary;color.icon;color.outlineDecorative;color.focus,L03,P03,List/selector controls immediately below top bar and before result count; never a status badge.,Filter template names; empty and no match distinct.,Use C17 role/name/state contract; include current record identity where repeated; preserve logical focus and explicit keyboard action.,action_c_s15_a01,Search / Clear,Caută / Șterge,action-c-s15-a01,"T-C-S15-A01: invoke from S15; test success, cancellation, blocked state and retry against this exact effect."
C:S15-A02,source_action_group,,S15,Inspection templates,docs/product/ServiceLoop_Conceptual_App_Map_v0_1.md,C:S15-A02,adopted/pending,C16,Active / Archived / All,Empty; matches/no matches; archived; loading/error,color.selection;color.onSelection;color.selectionOutline;color.surface;color.textPrimary;color.outlineControl;color.focus,L03,P03,List/selector controls immediately below top bar and before result count; never a status badge.,"View scope only, default active.",Use C16 role/name/state contract; include current record identity where repeated; preserve logical focus and explicit keyboard action.,action_c_s15_a02,Active / Archived / All,Active / Arhivate / Toate,action-c-s15-a02,"T-C-S15-A02: invoke from S15; test success, cancellation, blocked state and retry against this exact effect."
C:S15-A03,source_action_group,,S15,Inspection templates,docs/product/ServiceLoop_Conceptual_App_Map_v0_1.md,C:S15-A03,adopted/pending,C21,Sort,Empty; matches/no matches; archived; loading/error,color.surfaceRaised;color.textPrimary;color.action;color.outlineDecorative;color.focus;color.disabledText,L03,P12,Explicit labelled secondary action in the matching S15 section; infrequent management variants in named More menu per screen composition.,Name default or recently changed; no reordering of template items.,Use C21 role/name/state contract; include current record identity where repeated; preserve logical focus and explicit keyboard action.,action_c_s15_a03,Sort,Sortare,action-c-s15-a03,"T-C-S15-A03: invoke from S15; test success, cancellation, blocked state and retry against this exact effect."
C:S15-A04,source_action_group,,S15,Inspection templates,docs/product/ServiceLoop_Conceptual_App_Map_v0_1.md,C:S15-A04,implemented,C11,Template row,Empty; matches/no matches; archived; loading/error,color.surface;color.canvas;color.textPrimary;color.textSecondary;color.outlineDecorative;color.icon;color.focus,L03,P01,"Named relationship/result row in S15 body, after identity within its labelled section; trailing chevron only when navigable.",Open actual template/revision detail.,Use C11 role/name/state contract; include current record identity where repeated; preserve logical focus and explicit keyboard action.,action_c_s15_a04,Template row,Șablon,action-c-s15-a04,"T-C-S15-A04: invoke from S15; test success, cancellation, blocked state and retry against this exact effect."
C:S15-A05,source_action_group,,S15,Inspection templates,docs/product/ServiceLoop_Conceptual_App_Map_v0_1.md,C:S15-A05,implemented,C05,New template,Empty; matches/no matches; archived; loading/error,color.action;color.onAction;color.actionPressed;color.surface;color.outlineControl;color.disabledContainer;color.disabledText;color.focus,L03,P01,Primary footer or current review/section commit named New template; conditional variants never shown simultaneously as competing primary actions.,Blank staged editor; cancel publishes nothing.,Use C05 role/name/state contract; include current record identity where repeated; preserve logical focus and explicit keyboard action.,action_c_s15_a05,New template,Șablon nou,action-c-s15-a05,"T-C-S15-A05: invoke from S15; test success, cancellation, blocked state and retry against this exact effect."
C:S16-A01,source_action_group,,S16,Template,docs/product/ServiceLoop_Conceptual_App_Map_v0_1.md,C:S16-A01,implemented,C07,Edit,Active/archived; selection mode; historical usage; failed read,color.action;color.focus;color.disabledText;color.surface,L04,P01,Explicit labelled secondary action in the matching S16 section; infrequent management variants in named More menu per screen composition.,Open next reusable revision for active template; current working/final captures unaffected.,Use C07 role/name/state contract; include current record identity where repeated; preserve logical focus and explicit keyboard action.,action_c_s16_a01,Edit,Editează,action-c-s16-a01,"T-C-S16-A01: invoke from S16; test success, cancellation, blocked state and retry against this exact effect."
C:S16-A02,source_action_group,,S16,Template,docs/product/ServiceLoop_Conceptual_App_Map_v0_1.md,C:S16-A02,adopted/pending,C07,Duplicate,Active/archived; selection mode; historical usage; failed read,color.action;color.focus;color.disabledText;color.surface,L04,P01,Explicit labelled secondary action in the matching S16 section; infrequent management variants in named More menu per screen composition.,New editor with copied config and new identity only on Save.,Use C07 role/name/state contract; include current record identity where repeated; preserve logical focus and explicit keyboard action.,action_c_s16_a02,Duplicate,Duplică,action-c-s16-a02,"T-C-S16-A02: invoke from S16; test success, cancellation, blocked state and retry against this exact effect."
C:S16-A03,source_action_group,,S16,Template,docs/product/ServiceLoop_Conceptual_App_Map_v0_1.md,C:S16-A03,adopted/pending,C11,Assigned plans,Active/archived; selection mode; historical usage; failed read,color.surface;color.canvas;color.textPrimary;color.textSecondary;color.outlineDecorative;color.icon;color.focus,L04,P01,"Named relationship/result row in S16 body, after identity within its labelled section; trailing chevron only when navigable.",Open all-state due/plan scope with template chip; no separate management subsystem.,Use C11 role/name/state contract; include current record identity where repeated; preserve logical focus and explicit keyboard action.,action_c_s16_a03,Assigned plans,Planuri asociate,action-c-s16-a03,"T-C-S16-A03: invoke from S16; test success, cancellation, blocked state and retry against this exact effect."
C:S16-A04,source_action_group,,S16,Template,docs/product/ServiceLoop_Conceptual_App_Map_v0_1.md,C:S16-A04,adopted/pending,C34,Archive / Restore template,Active/archived; selection mode; historical usage; failed read,color.textPrimary;color.textSecondary;color.errorInk;color.warningInk;color.action,L04,P10,"Record More → named lifecycle/destructive action; opens explicit review. On dedicated review, named confirmation is footer last.",Freeze/hide new choices; existing assigned frozen revision remains usable with badge.,Use C34 role/name/state contract; include current record identity where repeated; preserve logical focus and explicit keyboard action.,action_c_s16_a04,Archive / Restore template,Arhivează / Restaurează șablonul,action-c-s16-a04,"T-C-S16-A04: invoke from S16; test success, cancellation, blocked state and retry against this exact effect."
C:S16-A05,source_action_group,,S16,Template,docs/product/ServiceLoop_Conceptual_App_Map_v0_1.md,C:S16-A05,adopted/pending,C06,Delete unused template,Active/archived; selection mode; historical usage; failed read,color.destructive;color.onDestructive;color.errorInk;color.errorContainer;color.focus,L04,P10,"Record More → named lifecycle/destructive action; opens explicit review. On dedicated review, named confirmation is footer last.",Only truly unreferenced template; otherwise archive.,Use C06 role/name/state contract; include current record identity where repeated; preserve logical focus and explicit keyboard action.,action_c_s16_a05,Delete unused template,Șterge șablonul neutilizat,action-c-s16-a05,"T-C-S16-A05: invoke from S16; test success, cancellation, blocked state and retry against this exact effect."
C:S16-A06,source_action_group,,S16,Template,docs/product/ServiceLoop_Conceptual_App_Map_v0_1.md,C:S16-A06,adopted/pending,C05,Use this template,Active/archived; selection mode; historical usage; failed read,color.action;color.onAction;color.actionPressed;color.surface;color.outlineControl;color.disabledContainer;color.disabledText;color.focus,L04,P01,Primary footer or current review/section commit named Use this template; conditional variants never shown simultaneously as competing primary actions.,Selector entry only; return staged choice without publishing edits.,Use C05 role/name/state contract; include current record identity where repeated; preserve logical focus and explicit keyboard action.,action_c_s16_a06,Use this template,Folosește acest șablon,action-c-s16-a06,"T-C-S16-A06: invoke from S16; test success, cancellation, blocked state and retry against this exact effect."
C:S17-A01,source_action_group,,S17,Template editor,docs/product/ServiceLoop_Conceptual_App_Map_v0_1.md,C:S17-A01,implemented,C07,Add item,New/revision/duplicate; dirty; zero item invalid; first/last move disabled; publish failure,color.action;color.focus;color.disabledText;color.surface,L05,P01,Explicit labelled secondary action in the matching S17 section; infrequent management variants in named More menu per screen composition.,Open staged item editor; cancellation leaves template unchanged.,Use C07 role/name/state contract; include current record identity where repeated; preserve logical focus and explicit keyboard action.,action_c_s17_a01,Add item,Adaugă element,action-c-s17-a01,"T-C-S17-A01: invoke from S17; test success, cancellation, blocked state and retry against this exact effect."
C:S17-A02,source_action_group,,S17,Template editor,docs/product/ServiceLoop_Conceptual_App_Map_v0_1.md,C:S17-A02,adopted/pending,C11,Edit item,New/revision/duplicate; dirty; zero item invalid; first/last move disabled; publish failure,color.surface;color.canvas;color.textPrimary;color.textSecondary;color.outlineDecorative;color.icon;color.focus,L05,P01,"Named relationship/result row in S17 body, after identity within its labelled section; trailing chevron only when navigable.",Edit selected staged item; no revision publication until template Save.,Use C11 role/name/state contract; include current record identity where repeated; preserve logical focus and explicit keyboard action.,action_c_s17_a02,Edit item,Editează elementul,action-c-s17-a02,"T-C-S17-A02: invoke from S17; test success, cancellation, blocked state and retry against this exact effect."
C:S17-A03,source_action_group,,S17,Template editor,docs/product/ServiceLoop_Conceptual_App_Map_v0_1.md,C:S17-A03,implemented,C07,Move up / Move down,New/revision/duplicate; dirty; zero item invalid; first/last move disabled; publish failure,color.action;color.focus;color.disabledText;color.surface,L05,P01,Explicit labelled secondary action in the matching S17 section; infrequent management variants in named More menu per screen composition.,"Reorder staged list, boundary disabled; optional drag is redundant, not essential.",Use C07 role/name/state contract; include current record identity where repeated; preserve logical focus and explicit keyboard action.,action_c_s17_a03,Move up / Move down,Mută în sus / Mută în jos,action-c-s17-a03,"T-C-S17-A03: invoke from S17; test success, cancellation, blocked state and retry against this exact effect."
C:S17-A04,source_action_group,,S17,Template editor,docs/product/ServiceLoop_Conceptual_App_Map_v0_1.md,C:S17-A04,implemented,C06,Remove item,New/revision/duplicate; dirty; zero item invalid; first/last move disabled; publish failure,color.destructive;color.onDestructive;color.errorInk;color.errorContainer;color.focus,L05,P10,"Record More → named lifecycle/destructive action; opens explicit review. On dedicated review, named confirmation is footer last.",Confirm selected staged removal; retain old published revisions/answers.,Use C06 role/name/state contract; include current record identity where repeated; preserve logical focus and explicit keyboard action.,action_c_s17_a04,Remove item,Elimină elementul,action-c-s17-a04,"T-C-S17-A04: invoke from S17; test success, cancellation, blocked state and retry against this exact effect."
C:S17-A05,source_action_group,,S17,Template editor,docs/product/ServiceLoop_Conceptual_App_Map_v0_1.md,C:S17-A05,adopted/pending,C07,Preview,New/revision/duplicate; dirty; zero item invalid; first/last move disabled; publish failure,color.action;color.focus;color.disabledText;color.surface,L05,P01,Explicit labelled secondary action in the matching S17 section; infrequent management variants in named More menu per screen composition.,Read-only preview of proposed version; no publish.,Use C07 role/name/state contract; include current record identity where repeated; preserve logical focus and explicit keyboard action.,action_c_s17_a05,Preview,Previzualizează,action-c-s17-a05,"T-C-S17-A05: invoke from S17; test success, cancellation, blocked state and retry against this exact effect."
C:S17-A06,source_action_group,,S17,Template editor,docs/product/ServiceLoop_Conceptual_App_Map_v0_1.md,C:S17-A06,implemented,C05,Save template,New/revision/duplicate; dirty; zero item invalid; first/last move disabled; publish failure,color.action;color.onAction;color.actionPressed;color.surface;color.outlineControl;color.disabledContainer;color.disabledText;color.focus,L05,P01,Primary footer or current review/section commit named Save template; conditional variants never shown simultaneously as competing primary actions.,Validate name/items; publish new identity/revision; existing Working captures unchanged.,Use C05 role/name/state contract; include current record identity where repeated; preserve logical focus and explicit keyboard action.,action_c_s17_a06,Save template,Salvează șablonul,action-c-s17-a06,"T-C-S17-A06: invoke from S17; test success, cancellation, blocked state and retry against this exact effect."
C:S17-A07,source_action_group,,S17,Template editor,docs/product/ServiceLoop_Conceptual_App_Map_v0_1.md,C:S17-A07,implemented,C07,Cancel / Back,New/revision/duplicate; dirty; zero item invalid; first/last move disabled; publish failure,color.action;color.focus;color.disabledText;color.surface,L05,P01,Toolbar Back/Cancel or safe dialog dismissal; obey exact parent save contract.,Discard staged draft only; no removal of past revisions.,Use C07 role/name/state contract; include current record identity where repeated; preserve logical focus and explicit keyboard action.,action_c_s17_a07,Cancel / Back,Renunță / Înapoi,action-c-s17-a07,"T-C-S17-A07: invoke from S17; test success, cancellation, blocked state and retry against this exact effect."
C:S18-A01,source_action_group,,S18,Visit setup,docs/product/ServiceLoop_Conceptual_App_Map_v0_1.md,C:S18-A01,adopted/pending (partial control exposed),C13,Mode,New/booked edit; future/today/past; unavailable obligation; empty work; past-date warning,color.action;color.onAction;color.outlineControl;color.textPrimary;color.textSecondary;color.focus;color.disabledText,L05,P04,Labelled choice/selection group named Mode in S18; option toggles retain group/parent context.,"Book/Start/Past preserves compatible buffer, no existing-state mutation just from switching. Date-driven primary B-011.",Use C13 role/name/state contract; include current record identity where repeated; preserve logical focus and explicit keyboard action.,action_c_s18_a01,Mode,Mod,action-c-s18-a01,"T-C-S18-A01: invoke from S18; test success, cancellation, blocked state and retry against this exact effect."
C:S18-A02,source_action_group,,S18,Visit setup,docs/product/ServiceLoop_Conceptual_App_Map_v0_1.md,C:S18-A02,adopted/pending (partial control exposed),C09,Choose customer/site,New/booked edit; future/today/past; unavailable obligation; empty work; past-date warning,color.surface;color.textPrimary;color.textSecondary;color.icon;color.outlineDecorative;color.outlineControl;color.focus;color.errorInk,L05,P01,Named Choose customer/site field/selector in S18 content order; error directly below; see individual field ledger.,One actual site; changing clears incompatible work only after named confirmation.,Use C09 role/name/state contract; include current record identity where repeated; preserve logical focus and explicit keyboard action.,action_c_s18_a02,Choose customer/site,Alege clientul/locația,action-c-s18-a02,"T-C-S18-A02: invoke from S18; test success, cancellation, blocked state and retry against this exact effect."
C:S18-A03,source_action_group,,S18,Visit setup,docs/product/ServiceLoop_Conceptual_App_Map_v0_1.md,C:S18-A03,adopted/pending (partial control exposed),C19,Add/remove machine,New/booked edit; future/today/past; unavailable obligation; empty work; past-date warning,color.surfaceRaised;color.textPrimary;color.textSecondary;color.action;color.selection;color.outlineControl;color.focus,L05,P04,Explicit labelled secondary action in the matching S18 section; infrequent management variants in named More menu per screen composition.,Same-site staged equipment; removing staging changes no history.,Use C19 role/name/state contract; include current record identity where repeated; preserve logical focus and explicit keyboard action.,action_c_s18_a03,Add/remove machine,Adaugă/elimină echipament,action-c-s18-a03,"T-C-S18-A03: invoke from S18; test success, cancellation, blocked state and retry against this exact effect."
C:S18-A04,source_action_group,,S18,Visit setup,docs/product/ServiceLoop_Conceptual_App_Map_v0_1.md,C:S18-A04,adopted/pending (partial control exposed),C13,Select plan / Add one-off / Edit one-off,New/booked edit; future/today/past; unavailable obligation; empty work; past-date warning,color.action;color.onAction;color.outlineControl;color.textPrimary;color.textSecondary;color.focus;color.disabledText,L05,P04,Labelled choice/selection group named Select plan / Add one-off / Edit one-off in S18; option toggles retain group/parent context.,One plan per visit; reject claimed/invalid links instead of silently substituting obligations.,Use C13 role/name/state contract; include current record identity where repeated; preserve logical focus and explicit keyboard action.,action_c_s18_a04,Select plan / Add one-off / Edit one-off,Selectează plan / Adaugă lucrare ocazională / Editează lucrarea ocazională,action-c-s18-a04,"T-C-S18-A04: invoke from S18; test success, cancellation, blocked state and retry against this exact effect."
C:S18-A05,source_action_group,,S18,Visit setup,docs/product/ServiceLoop_Conceptual_App_Map_v0_1.md,C:S18-A05,adopted/pending,C19,Select linked follow-ups,New/booked edit; future/today/past; unavailable obligation; empty work; past-date warning,color.surfaceRaised;color.textPrimary;color.textSecondary;color.action;color.selection;color.outlineControl;color.focus,L05,P04,Explicit labelled secondary action in the matching S18 section; infrequent management variants in named More menu per screen composition.,Same-context open tasks; linkage alone never resolves/reschedules.,Use C19 role/name/state contract; include current record identity where repeated; preserve logical focus and explicit keyboard action.,action_c_s18_a05,Select linked follow-ups,Selectează acțiunile asociate,action-c-s18-a05,"T-C-S18-A05: invoke from S18; test success, cancellation, blocked state and retry against this exact effect."
C:S18-A06,source_action_group,,S18,Visit setup,docs/product/ServiceLoop_Conceptual_App_Map_v0_1.md,C:S18-A06,adopted/pending (partial control exposed),C30,Date / Time / Duration / Reminder,New/booked edit; future/today/past; unavailable obligation; empty work; past-date warning,color.surfaceRaised;color.textPrimary;color.textSecondary;color.action;color.selection;color.outlineControl;color.errorInk;color.focus,L05,P13,Named Date / Time / Duration / Reminder field/selector in S18 content order; error directly below; see individual field ledger.,Stage valid actual/appointment fields; existing reschedule reason; explicit ambiguous/nonexistent local-time handling.,Use C30 role/name/state contract; include current record identity where repeated; preserve logical focus and explicit keyboard action.,action_c_s18_a06,Date / Time / Duration / Reminder,Dată / Oră / Durată / Memento,action-c-s18-a06,"T-C-S18-A06: invoke from S18; test success, cancellation, blocked state and retry against this exact effect."
C:S18-A07,source_action_group,,S18,Visit setup,docs/product/ServiceLoop_Conceptual_App_Map_v0_1.md,C:S18-A07,adopted/pending (partial control exposed),C05,Book visit / Save booking,New/booked edit; future/today/past; unavailable obligation; empty work; past-date warning,color.action;color.onAction;color.actionPressed;color.surface;color.outlineControl;color.disabledContainer;color.disabledText;color.focus,L05,P01,Primary footer or current review/section commit named Book visit / Save booking; conditional variants never shown simultaneously as competing primary actions.,Revalidate claims and timing atomically; overlap warning permits deliberate continue. E04 current wiring gap.,Use C05 role/name/state contract; include current record identity where repeated; preserve logical focus and explicit keyboard action.,action_c_s18_a07,Book visit / Save booking,Programează vizita / Salvează programarea,action-c-s18-a07,"T-C-S18-A07: invoke from S18; test success, cancellation, blocked state and retry against this exact effect."
C:S18-A08,source_action_group,,S18,Visit setup,docs/product/ServiceLoop_Conceptual_App_Map_v0_1.md,C:S18-A08,implemented,C05,Start visit,New/booked edit; future/today/past; unavailable obligation; empty work; past-date warning,color.action;color.onAction;color.actionPressed;color.surface;color.outlineControl;color.disabledContainer;color.disabledText;color.focus,L05,P01,Primary footer or current review/section commit named Start visit; conditional variants never shown simultaneously as competing primary actions.,Create Working snapshots and reserve only eligible current obligations; no half-started state.,Use C05 role/name/state contract; include current record identity where repeated; preserve logical focus and explicit keyboard action.,action_c_s18_a08,Start visit,Începe vizita,action-c-s18-a08,"T-C-S18-A08: invoke from S18; test success, cancellation, blocked state and retry against this exact effect."
C:S18-A09,source_action_group,,S18,Visit setup,docs/product/ServiceLoop_Conceptual_App_Map_v0_1.md,C:S18-A09,implemented,C05,Create historical draft,New/booked edit; future/today/past; unavailable obligation; empty work; past-date warning,color.action;color.onAction;color.actionPressed;color.surface;color.outlineControl;color.disabledContainer;color.disabledText;color.focus,L05,P01,Primary footer or current review/section commit named Create historical draft; conditional variants never shown simultaneously as competing primary actions.,"Nonfuture actual date; History-only defaults, no automatic current claim/advance.",Use C05 role/name/state contract; include current record identity where repeated; preserve logical focus and explicit keyboard action.,action_c_s18_a09,Create historical draft,Creează ciornă istorică,action-c-s18-a09,"T-C-S18-A09: invoke from S18; test success, cancellation, blocked state and retry against this exact effect."
C:S18-A10,source_action_group,,S18,Visit setup,docs/product/ServiceLoop_Conceptual_App_Map_v0_1.md,C:S18-A10,implemented,C07,Cancel / Back,New/booked edit; future/today/past; unavailable obligation; empty work; past-date warning,color.action;color.focus;color.disabledText;color.surface,L05,P01,Toolbar Back/Cancel or safe dialog dismissal; obey exact parent save contract.,New setup creates no visit; existing booking unchanged.,Use C07 role/name/state contract; include current record identity where repeated; preserve logical focus and explicit keyboard action.,action_c_s18_a10,Cancel / Back,Renunță / Înapoi,action-c-s18-a10,"T-C-S18-A10: invoke from S18; test success, cancellation, blocked state and retry against this exact effect."
C:S19-A01,source_action_group,,S19,Visit,docs/product/ServiceLoop_Conceptual_App_Map_v0_1.md,C:S19-A01,adopted/pending (partial control exposed),C07,Edit/reschedule booking,Booked; appointment passed; cancelled; changed captured data; restore blocked; loading/error,color.action;color.focus;color.disabledText;color.surface,L04,P01,Explicit labelled secondary action in the matching S19 section; infrequent management variants in named More menu per screen composition.,Reasoned appointment edit; original business due stays unchanged.,Use C07 role/name/state contract; include current record identity where repeated; preserve logical focus and explicit keyboard action.,action_c_s19_a01,Edit/reschedule booking,Editează/reprogramează vizita,action-c-s19-a01,"T-C-S19-A01: invoke from S19; test success, cancellation, blocked state and retry against this exact effect."
C:S19-A02,source_action_group,,S19,Visit,docs/product/ServiceLoop_Conceptual_App_Map_v0_1.md,C:S19-A02,adopted/pending,C07,Contact / Open map / Record contact,Booked; appointment passed; cancelled; changed captured data; restore blocked; loading/error,color.action;color.focus;color.disabledText;color.surface,L04,P01,Explicit labelled secondary action in the matching S19 section; infrequent management variants in named More menu per screen composition.,Explicit external handoff or manual result; attendance never inferred.,Use C07 role/name/state contract; include current record identity where repeated; preserve logical focus and explicit keyboard action.,action_c_s19_a02,Contact / Open map / Record contact,Contactează / Deschide harta / Înregistrează contactarea,action-c-s19-a02,"T-C-S19-A02: invoke from S19; test success, cancellation, blocked state and retry against this exact effect."
C:S19-A03,source_action_group,,S19,Visit,docs/product/ServiceLoop_Conceptual_App_Map_v0_1.md,C:S19-A03,implemented,C11,Machine / Plan / Follow-up row,Booked; appointment passed; cancelled; changed captured data; restore blocked; loading/error,color.surface;color.canvas;color.textPrimary;color.textSecondary;color.outlineDecorative;color.icon;color.focus,L04,P01,"Named relationship/result row in S19 body, after identity within its labelled section; trailing chevron only when navigable.",Open stable-ID related record and return to actual visit.,Use C11 role/name/state contract; include current record identity where repeated; preserve logical focus and explicit keyboard action.,action_c_s19_a03,Machine / Plan / Follow-up row,Echipament / Plan / Acțiune asociată,action-c-s19-a03,"T-C-S19-A03: invoke from S19; test success, cancellation, blocked state and retry against this exact effect."
C:S19-A04,source_action_group,,S19,Visit,docs/product/ServiceLoop_Conceptual_App_Map_v0_1.md,C:S19-A04,adopted/pending (partial control exposed),C05,Start visit,Booked; appointment passed; cancelled; changed captured data; restore blocked; loading/error,color.action;color.onAction;color.actionPressed;color.surface;color.outlineControl;color.disabledContainer;color.disabledText;color.focus,L04,P01,Primary footer or current review/section commit named Start visit; conditional variants never shown simultaneously as competing primary actions.,"Revalidate changed records/template, confirm captured identity; actual date not blindly stale booking date.",Use C05 role/name/state contract; include current record identity where repeated; preserve logical focus and explicit keyboard action.,action_c_s19_a04,Start visit,Începe vizita,action-c-s19-a04,"T-C-S19-A04: invoke from S19; test success, cancellation, blocked state and retry against this exact effect."
C:S19-A05,source_action_group,,S19,Visit,docs/product/ServiceLoop_Conceptual_App_Map_v0_1.md,C:S19-A05,implemented,C06,Cancel booking,Booked; appointment passed; cancelled; changed captured data; restore blocked; loading/error,color.destructive;color.onDestructive;color.errorInk;color.errorContainer;color.focus,L04,P10,"Record More → named lifecycle/destructive action; opens explicit review. On dedicated review, named confirmation is footer last.","Require reason; release claims, stop alerts, keep booking history and due dates.",Use C06 role/name/state contract; include current record identity where repeated; preserve logical focus and explicit keyboard action.,action_c_s19_a05,Cancel booking,Anulează programarea,action-c-s19-a05,"T-C-S19-A05: invoke from S19; test success, cancellation, blocked state and retry against this exact effect."
C:S19-A06,source_action_group,,S19,Visit,docs/product/ServiceLoop_Conceptual_App_Map_v0_1.md,C:S19-A06,implemented,C05,Create another visit from this / Restore booking,Booked; appointment passed; cancelled; changed captured data; restore blocked; loading/error,color.action;color.onAction;color.actionPressed;color.surface;color.outlineControl;color.disabledContainer;color.disabledText;color.focus,L04,P01,Primary footer or current review/section commit named Create another visit from this / Restore booking; conditional variants never shown simultaneously as competing primary actions.,B-011 adds same-Visit guarded restore; preserve history and reacquire all claims or none. Separate new-visit route only if adopted/wired.,Use C05 role/name/state contract; include current record identity where repeated; preserve logical focus and explicit keyboard action.,action_c_s19_a06,Create another visit from this / Restore booking,Creează altă vizită / Restaurează programarea,action-c-s19-a06,"T-C-S19-A06: invoke from S19; test success, cancellation, blocked state and retry against this exact effect."
C:S19-A07,source_action_group,,S19,Visit,docs/product/ServiceLoop_Conceptual_App_Map_v0_1.md,C:S19-A07,adopted/pending (partial control exposed),C13,Change reminder,Booked; appointment passed; cancelled; changed captured data; restore blocked; loading/error,color.action;color.onAction;color.outlineControl;color.textPrimary;color.textSecondary;color.focus;color.disabledText,L04,P04,Labelled choice/selection group named Change reminder in S19; option toggles retain group/parent context.,Actual per-visit override; explicit Save contract differs current immediate callback—record E05.,Use C13 role/name/state contract; include current record identity where repeated; preserve logical focus and explicit keyboard action.,action_c_s19_a07,Change reminder,Schimbă mementoul,action-c-s19-a07,"T-C-S19-A07: invoke from S19; test success, cancellation, blocked state and retry against this exact effect."
C:S20-A01,source_action_group,,S20,Working visit,docs/product/ServiceLoop_Conceptual_App_Map_v0_1.md,C:S20-A01,implemented,C11,Machine card,Working; historical-entry; save pending/failed; incomplete outcomes; new item; remote generation conflict,color.surface;color.canvas;color.textPrimary;color.textSecondary;color.outlineDecorative;color.icon;color.focus,L06,P01,"Named relationship/result row in S20 body, after identity within its labelled section; trailing chevron only when navigable.","Open machine workspace for this Working visit, not master-data editor.",Use C11 role/name/state contract; include current record identity where repeated; preserve logical focus and explicit keyboard action.,action_c_s20_a01,Machine card,Echipament,action-c-s20-a01,"T-C-S20-A01: invoke from S20; test success, cancellation, blocked state and retry against this exact effect."
C:S20-A02,source_action_group,,S20,Working visit,docs/product/ServiceLoop_Conceptual_App_Map_v0_1.md,C:S20-A02,implemented,C19,Add equipment/services,Working; historical-entry; save pending/failed; incomplete outcomes; new item; remote generation conflict,color.surfaceRaised;color.textPrimary;color.textSecondary;color.action;color.selection;color.outlineControl;color.focus,L06,P04,Explicit labelled secondary action in the matching S20 section; infrequent management variants in named More menu per screen composition.,Same site; capture newly added lines now without refreshing existing captured answers.,Use C19 role/name/state contract; include current record identity where repeated; preserve logical focus and explicit keyboard action.,action_c_s20_a02,Add equipment/services,Adaugă echipamente/servicii,action-c-s20-a02,"T-C-S20-A02: invoke from S20; test success, cancellation, blocked state and retry against this exact effect."
C:S20-A03,source_action_group,,S20,Working visit,docs/product/ServiceLoop_Conceptual_App_Map_v0_1.md,C:S20-A03,adopted/pending,C06,Remove machine/service,Working; historical-entry; save pending/failed; incomplete outcomes; new item; remote generation conflict,color.destructive;color.onDestructive;color.errorInk;color.errorContainer;color.focus,L06,P10,"Record More → named lifecycle/destructive action; opens explicit review. On dedicated review, named confirmation is footer last.",Confirm exact draft answers/evidence/claims affected; shared machine evidence retained while referenced.,Use C06 role/name/state contract; include current record identity where repeated; preserve logical focus and explicit keyboard action.,action_c_s20_a03,Remove machine/service,Elimină echipamentul/serviciul,action-c-s20-a03,"T-C-S20-A03: invoke from S20; test success, cancellation, blocked state and retry against this exact effect."
C:S20-A04,source_action_group,,S20,Working visit,docs/product/ServiceLoop_Conceptual_App_Map_v0_1.md,C:S20-A04,adopted/pending,C30,Actual service date,Working; historical-entry; save pending/failed; incomplete outcomes; new item; remote generation conflict,color.surfaceRaised;color.textPrimary;color.textSecondary;color.action;color.selection;color.outlineControl;color.errorInk;color.focus,L06,P13,Named Actual service date field/selector in S20 content order; error directly below; see individual field ledger.,"Nonfuture date; changing may make fulfillment ineligible, not advance schedule itself.",Use C30 role/name/state contract; include current record identity where repeated; preserve logical focus and explicit keyboard action.,action_c_s20_a04,Actual service date,Data efectivă a serviciului,action-c-s20-a04,"T-C-S20-A04: invoke from S20; test success, cancellation, blocked state and retry against this exact effect."
C:S20-A05,source_action_group,,S20,Working visit,docs/product/ServiceLoop_Conceptual_App_Map_v0_1.md,C:S20-A05,adopted/pending,C10,Review identification,Working; historical-entry; save pending/failed; incomplete outcomes; new item; remote generation conflict,color.surfaceSubtle;color.textPrimary;color.textSecondary;color.outlineDecorative,L06,P01,Explicit labelled secondary action in the matching S20 section; infrequent management variants in named More menu per screen composition.,Show captured/current differences; explicit refresh/typo correction cannot reassign subject links.,Use C10 role/name/state contract; include current record identity where repeated; preserve logical focus and explicit keyboard action.,action_c_s20_a05,Review identification,Revizuiește identificarea,action-c-s20-a05,"T-C-S20-A05: invoke from S20; test success, cancellation, blocked state and retry against this exact effect."
C:S20-A06,source_action_group,,S20,Working visit,docs/product/ServiceLoop_Conceptual_App_Map_v0_1.md,C:S20-A06,adopted/pending,C07,Contact / Open map,Working; historical-entry; save pending/failed; incomplete outcomes; new item; remote generation conflict,color.action;color.focus;color.disabledText;color.surface,L06,P01,Explicit labelled secondary action in the matching S20 section; infrequent management variants in named More menu per screen composition.,Checkpoint before handoff; distinguish current from snapshot address.,Use C07 role/name/state contract; include current record identity where repeated; preserve logical focus and explicit keyboard action.,action_c_s20_a06,Contact / Open map,Contactează / Deschide harta,action-c-s20-a06,"T-C-S20-A06: invoke from S20; test success, cancellation, blocked state and retry against this exact effect."
C:S20-A07,source_action_group,,S20,Working visit,docs/product/ServiceLoop_Conceptual_App_Map_v0_1.md,C:S20-A07,adopted/pending,C11,Linked follow-ups,Working; historical-entry; save pending/failed; incomplete outcomes; new item; remote generation conflict,color.surface;color.canvas;color.textPrimary;color.textSecondary;color.outlineDecorative;color.icon;color.focus,L06,P01,"Named relationship/result row in S20 body, after identity within its labelled section; trailing chevron only when navigable.",Open reference or stage completion decision; merely viewing never closes a task.,Use C11 role/name/state contract; include current record identity where repeated; preserve logical focus and explicit keyboard action.,action_c_s20_a07,Linked follow-ups,Acțiuni asociate,action-c-s20-a07,"T-C-S20-A07: invoke from S20; test success, cancellation, blocked state and retry against this exact effect."
C:S20-A08,source_action_group,,S20,Working visit,docs/product/ServiceLoop_Conceptual_App_Map_v0_1.md,C:S20-A08,implemented,C05,Review completion,Working; historical-entry; save pending/failed; incomplete outcomes; new item; remote generation conflict,color.action;color.onAction;color.actionPressed;color.surface;color.outlineControl;color.disabledContainer;color.disabledText;color.focus,L06,P01,Primary footer or current review/section commit named Review completion; conditional variants never shown simultaneously as competing primary actions.,After confirmed checkpoint; actual blockers handled in review; incomplete work may be recorded.,Use C05 role/name/state contract; include current record identity where repeated; preserve logical focus and explicit keyboard action.,action_c_s20_a08,Review completion,Revizuiește finalizarea,action-c-s20-a08,"T-C-S20-A08: invoke from S20; test success, cancellation, blocked state and retry against this exact effect."
C:S20-A09,source_action_group,,S20,Working visit,docs/product/ServiceLoop_Conceptual_App_Map_v0_1.md,C:S20-A09,implemented,C07,Leave visit for later,Working; historical-entry; save pending/failed; incomplete outcomes; new item; remote generation conflict,color.action;color.focus;color.disabledText;color.surface,L06,P01,Explicit labelled secondary action in the matching S20 section; infrequent management variants in named More menu per screen composition.,Leave saved Working record available; failed save uses D01; never called Cancel visit.,Use C07 role/name/state contract; include current record identity where repeated; preserve logical focus and explicit keyboard action.,action_c_s20_a09,Leave visit for later,Lasă vizita pentru mai târziu,action-c-s20-a09,"T-C-S20-A09: invoke from S20; test success, cancellation, blocked state and retry against this exact effect."
C:S20-A10,source_action_group,,S20,Working visit,docs/product/ServiceLoop_Conceptual_App_Map_v0_1.md,C:S20-A10,adopted/pending,C06,Discard working visit,Working; historical-entry; save pending/failed; incomplete outcomes; new item; remote generation conflict,color.destructive;color.onDestructive;color.errorInk;color.errorContainer;color.focus,L06,P10,"Record More → named lifecycle/destructive action; opens explicit review. On dedicated review, named confirmation is footer last.",Named content loss/reason; ad hoc removed or booking-origin retained cancelled; no recurrence advance.,Use C06 role/name/state contract; include current record identity where repeated; preserve logical focus and explicit keyboard action.,action_c_s20_a10,Discard working visit,Abandonează vizita în lucru,action-c-s20-a10,"T-C-S20-A10: invoke from S20; test success, cancellation, blocked state and retry against this exact effect."
C:S21-A01,source_action_group,,S21,Equipment in visit,docs/product/ServiceLoop_Conceptual_App_Map_v0_1.md,C:S21-A01,adopted/pending,C11,Work-item row,Not assessed/no issue/issue; missing photo; multiple services; dirty/failed save; read-only history variant,color.surface;color.canvas;color.textPrimary;color.textSecondary;color.outlineDecorative;color.icon;color.focus,L06,P01,"Named relationship/result row in S21 body, after identity within its labelled section; trailing chevron only when navigable.",Open captured service/checklist in this visit; no inferred outcome on return.,Use C11 role/name/state contract; include current record identity where repeated; preserve logical focus and explicit keyboard action.,action_c_s21_a01,Work-item row,Lucrare,action-c-s21-a01,"T-C-S21-A01: invoke from S21; test success, cancellation, blocked state and retry against this exact effect."
C:S21-A02,source_action_group,,S21,Equipment in visit,docs/product/ServiceLoop_Conceptual_App_Map_v0_1.md,C:S21-A02,adopted/pending,C13,Observation,Not assessed/no issue/issue; missing photo; multiple services; dirty/failed save; read-only history variant,color.action;color.onAction;color.outlineControl;color.textPrimary;color.textSecondary;color.focus;color.disabledText,L06,P04,Labelled choice/selection group named Observation in S21; option toggles retain group/parent context.,Not assessed / No issue observed / Issue observed; consistency with findings; never machine-health certification.,Use C13 role/name/state contract; include current record identity where repeated; preserve logical focus and explicit keyboard action.,action_c_s21_a02,Observation,Observație,action-c-s21-a02,"T-C-S21-A02: invoke from S21; test success, cancellation, blocked state and retry against this exact effect."
C:S21-A03,source_action_group,,S21,Equipment in visit,docs/product/ServiceLoop_Conceptual_App_Map_v0_1.md,C:S21-A03,adopted/pending,C23,Customer observations / Internal notes,Not assessed/no issue/issue; missing photo; multiple services; dirty/failed save; read-only history variant,color.surface;color.textPrimary;color.textSecondary;color.outlineControl;color.focus;color.errorInk,L06,P06,Named Customer observations / Internal notes field/selector in S21 content order; error directly below; see individual field ledger.,Distinct public/private fields and applicable saved checkpoint; never copy private into public.,Use C23 role/name/state contract; include current record identity where repeated; preserve logical focus and explicit keyboard action.,action_c_s21_a03,Customer observations / Internal notes,Observații pentru client / Note interne,action-c-s21-a03,"T-C-S21-A03: invoke from S21; test success, cancellation, blocked state and retry against this exact effect."
C:S21-A04,source_action_group,,S21,Equipment in visit,docs/product/ServiceLoop_Conceptual_App_Map_v0_1.md,C:S21-A04,adopted/pending,C11,Add/edit finding,Not assessed/no issue/issue; missing photo; multiple services; dirty/failed save; read-only history variant,color.surface;color.canvas;color.textPrimary;color.textSecondary;color.outlineDecorative;color.icon;color.focus,L06,P01,"Named relationship/result row in S21 body, after identity within its labelled section; trailing chevron only when navigable.",Own finding editor/captured subject; unfinished placeholder remains flagged until described.,Use C11 role/name/state contract; include current record identity where repeated; preserve logical focus and explicit keyboard action.,action_c_s21_a04,Add/edit finding,Adaugă/editează constatare,action-c-s21-a04,"T-C-S21-A04: invoke from S21; test success, cancellation, blocked state and retry against this exact effect."
C:S21-A05,source_action_group,,S21,Equipment in visit,docs/product/ServiceLoop_Conceptual_App_Map_v0_1.md,C:S21-A05,adopted/pending,C11,Add/edit part,Not assessed/no issue/issue; missing photo; multiple services; dirty/failed save; read-only history variant,color.surface;color.canvas;color.textPrimary;color.textSecondary;color.outlineDecorative;color.icon;color.focus,L06,P01,"Named relationship/result row in S21 body, after identity within its labelled section; trailing chevron only when navigable.",Record description/quantity/unit only; no inventory or pricing effects.,Use C11 role/name/state contract; include current record identity where repeated; preserve logical focus and explicit keyboard action.,action_c_s21_a05,Add/edit part,Adaugă/editează piesă,action-c-s21-a05,"T-C-S21-A05: invoke from S21; test success, cancellation, blocked state and retry against this exact effect."
C:S21-A06,source_action_group,,S21,Equipment in visit,docs/product/ServiceLoop_Conceptual_App_Map_v0_1.md,C:S21-A06,adopted/pending,C24,Add/view photos,Not assessed/no issue/issue; missing photo; multiple services; dirty/failed save; read-only history variant,color.photoMat;color.surface;color.textPrimary;color.textSecondary;color.outlineDecorative;color.selection;color.selectionOutline,L06,P14,"Photo/evidence group of S21; thumbnail opens viewer, labelled intake/selection actions adjacent.",Validate owned copy before Saved; new photo report inclusion Off.,Use C24 role/name/state contract; include current record identity where repeated; preserve logical focus and explicit keyboard action.,action_c_s21_a06,Add/view photos,Adaugă/vizualizează fotografii,action-c-s21-a06,"T-C-S21-A06: invoke from S21; test success, cancellation, blocked state and retry against this exact effect."
C:S21-A07,source_action_group,,S21,Equipment in visit,docs/product/ServiceLoop_Conceptual_App_Map_v0_1.md,C:S21-A07,adopted/pending,C11,Existing corrective follow-up,Not assessed/no issue/issue; missing photo; multiple services; dirty/failed save; read-only history variant,color.surface;color.canvas;color.textPrimary;color.textSecondary;color.outlineDecorative;color.icon;color.focus,L06,P01,"Named relationship/result row in S21 body, after identity within its labelled section; trailing chevron only when navigable.","Inspect/link explicitly, no resolution or due-date mutation.",Use C11 role/name/state contract; include current record identity where repeated; preserve logical focus and explicit keyboard action.,action_c_s21_a07,Existing corrective follow-up,Acțiune corectivă existentă,action-c-s21-a07,"T-C-S21-A07: invoke from S21; test success, cancellation, blocked state and retry against this exact effect."
C:S21-A08,source_action_group,,S21,Equipment in visit,docs/product/ServiceLoop_Conceptual_App_Map_v0_1.md,C:S21-A08,adopted/pending,C11,Equipment history / Master equipment,Not assessed/no issue/issue; missing photo; multiple services; dirty/failed save; read-only history variant,color.surface;color.canvas;color.textPrimary;color.textSecondary;color.outlineDecorative;color.icon;color.focus,L06,P01,"Named relationship/result row in S21 body, after identity within its labelled section; trailing chevron only when navigable.",Return path to active visit; master edits cannot alter snapshot silently.,Use C11 role/name/state contract; include current record identity where repeated; preserve logical focus and explicit keyboard action.,action_c_s21_a08,Equipment history / Master equipment,Istoric echipament / Fișă echipament,action-c-s21-a08,"T-C-S21-A08: invoke from S21; test success, cancellation, blocked state and retry against this exact effect."
C:S21-A09,source_action_group,,S21,Equipment in visit,docs/product/ServiceLoop_Conceptual_App_Map_v0_1.md,C:S21-A09,adopted/pending,C07,Back to visit,Not assessed/no issue/issue; missing photo; multiple services; dirty/failed save; read-only history variant,color.action;color.focus;color.disabledText;color.surface,L06,P01,Toolbar Back/Cancel or safe dialog dismissal; obey exact parent save contract.,"Checkpoint first, failed-save rescue if needed; no automatic cancellation.",Use C07 role/name/state contract; include current record identity where repeated; preserve logical focus and explicit keyboard action.,action_c_s21_a09,Back to visit,Înapoi la vizită,action-c-s21-a09,"T-C-S21-A09: invoke from S21; test success, cancellation, blocked state and retry against this exact effect."
C:S22-A01,source_action_group,,S22,Work item and checklist,docs/product/ServiceLoop_Conceptual_App_Map_v0_1.md,C:S22-A01,adopted/pending (partial control exposed),C23,Work performed,Not checked; OK; Issue found; NA; text/number value; invalid reading; reviewed/in-progress; save failed,color.surface;color.textPrimary;color.textSecondary;color.outlineControl;color.focus;color.errorInk,L06,P06,Named Work performed field/selector in S22 content order; error directly below; see individual field ledger.,Public work buffer; preserve current explicit Save until approved autosave reconciliation; not fulfillment.,Use C23 role/name/state contract; include current record identity where repeated; preserve logical focus and explicit keyboard action.,action_c_s22_a01,Work performed,Lucrare efectuată,action-c-s22-a01,"T-C-S22-A01: invoke from S22; test success, cancellation, blocked state and retry against this exact effect."
C:S22-A02,source_action_group,,S22,Work item and checklist,docs/product/ServiceLoop_Conceptual_App_Map_v0_1.md,C:S22-A02,adopted/pending (partial control exposed),C13,OK / Issue found / Not applicable / Not checked,Not checked; OK; Issue found; NA; text/number value; invalid reading; reviewed/in-progress; save failed,color.action;color.onAction;color.outlineControl;color.textPrimary;color.textSecondary;color.focus;color.disabledText,L06,P04,Labelled choice/selection group named OK / Issue found / Not applicable / Not checked in S22; option toggles retain group/parent context.,B-014 retains separate drafts; active answer only validates/report; Issue description inline under B-009.,Use C13 role/name/state contract; include current record identity where repeated; preserve logical focus and explicit keyboard action.,action_c_s22_a02,OK / Issue found / Not applicable / Not checked,În regulă / Problemă constatată / Nu se aplică / Neverificat,action-c-s22-a02,"T-C-S22-A02: invoke from S22; test success, cancellation, blocked state and retry against this exact effect."
C:S22-A03,source_action_group,,S22,Work item and checklist,docs/product/ServiceLoop_Conceptual_App_Map_v0_1.md,C:S22-A03,adopted/pending (partial control exposed),C08,Text / Number value,Not checked; OK; Issue found; NA; text/number value; invalid reading; reviewed/in-progress; save failed,color.surface;color.textPrimary;color.textSecondary;color.outlineControl;color.focus;color.errorInk;color.disabledContainer;color.disabledText,L06,P04,Named Text / Number value field/selector in S22 content order; error directly below; see individual field ledger.,Finite signed decimal with captured unit or text; malformed draft not coerced to zero.,Use C08 role/name/state contract; include current record identity where repeated; preserve logical focus and explicit keyboard action.,action_c_s22_a03,Text / Number value,Text / Valoare numerică,action-c-s22-a03,"T-C-S22-A03: invoke from S22; test success, cancellation, blocked state and retry against this exact effect."
C:S22-A04,source_action_group,,S22,Work item and checklist,docs/product/ServiceLoop_Conceptual_App_Map_v0_1.md,C:S22-A04,adopted/pending (partial control exposed),C13,Mark not applicable / Enter value instead,Not checked; OK; Issue found; NA; text/number value; invalid reading; reviewed/in-progress; save failed,color.action;color.onAction;color.outlineControl;color.textPrimary;color.textSecondary;color.focus;color.disabledText,L06,P04,Labelled choice/selection group named Mark not applicable / Enter value instead in S22; option toggles retain group/parent context.,B-014 nondestructive switch with retained value/reason; no canned NA reason.,Use C13 role/name/state contract; include current record identity where repeated; preserve logical focus and explicit keyboard action.,action_c_s22_a04,Mark not applicable / Enter value instead,Marchează Nu se aplică / Introdu valoarea,action-c-s22-a04,"T-C-S22-A04: invoke from S22; test success, cancellation, blocked state and retry against this exact effect."
C:S22-A05,source_action_group,,S22,Work item and checklist,docs/product/ServiceLoop_Conceptual_App_Map_v0_1.md,C:S22-A05,adopted/pending,C11,View/edit linked finding,Not checked; OK; Issue found; NA; text/number value; invalid reading; reviewed/in-progress; save failed,color.surface;color.canvas;color.textPrimary;color.textSecondary;color.outlineDecorative;color.icon;color.focus,L06,P01,"Named relationship/result row in S22 body, after identity within its labelled section; trailing chevron only when navigable.",Open current linked finding detail; active Issue needs actual description/disposition.,Use C11 role/name/state contract; include current record identity where repeated; preserve logical focus and explicit keyboard action.,action_c_s22_a05,View/edit linked finding,Vizualizează/editează constatarea,action-c-s22-a05,"T-C-S22-A05: invoke from S22; test success, cancellation, blocked state and retry against this exact effect."
C:S22-A06,source_action_group,,S22,Work item and checklist,docs/product/ServiceLoop_Conceptual_App_Map_v0_1.md,C:S22-A06,implemented,C05,Mark checklist reviewed,Not checked; OK; Issue found; NA; text/number value; invalid reading; reviewed/in-progress; save failed,color.action;color.onAction;color.actionPressed;color.surface;color.outlineControl;color.disabledContainer;color.disabledText;color.focus,L06,P01,Primary footer or current review/section commit named Mark checklist reviewed; conditional variants never shown simultaneously as competing primary actions.,All required active answers valid plus explicit review; later edits invalidate Reviewed; not a safety pass.,Use C05 role/name/state contract; include current record identity where repeated; preserve logical focus and explicit keyboard action.,action_c_s22_a06,Mark checklist reviewed,Marchează lista ca revizuită,action-c-s22-a06,"T-C-S22-A06: invoke from S22; test success, cancellation, blocked state and retry against this exact effect."
C:S22-A07,source_action_group,,S22,Work item and checklist,docs/product/ServiceLoop_Conceptual_App_Map_v0_1.md,C:S22-A07,adopted/pending,C09,Choose/change checklist,Not checked; OK; Issue found; NA; text/number value; invalid reading; reviewed/in-progress; save failed,color.surface;color.textPrimary;color.textSecondary;color.icon;color.outlineDecorative;color.outlineControl;color.focus;color.errorInk,L06,P01,Named Choose/change checklist field/selector in S22 content order; error directly below; see individual field ledger.,One-off before answers only; no guessed migration of existing answers.,Use C09 role/name/state contract; include current record identity where repeated; preserve logical focus and explicit keyboard action.,action_c_s22_a07,Choose/change checklist,Alege/schimbă lista,action-c-s22-a07,"T-C-S22-A07: invoke from S22; test success, cancellation, blocked state and retry against this exact effect."
C:S22-A08,source_action_group,,S22,Work item and checklist,docs/product/ServiceLoop_Conceptual_App_Map_v0_1.md,C:S22-A08,adopted/pending,C06,Keep finding / Remove draft finding,Not checked; OK; Issue found; NA; text/number value; invalid reading; reviewed/in-progress; save failed,color.destructive;color.onDestructive;color.errorInk;color.errorContainer;color.focus,L06,P10,"Record More → named lifecycle/destructive action; opens explicit review. On dedicated review, named confirmation is footer last.",Explicit independent finding consequences only; do not destroy B-014 response draft during ordinary switching.,Use C06 role/name/state contract; include current record identity where repeated; preserve logical focus and explicit keyboard action.,action_c_s22_a08,Keep finding / Remove draft finding,Păstrează constatarea / Elimină constatarea din ciornă,action-c-s22-a08,"T-C-S22-A08: invoke from S22; test success, cancellation, blocked state and retry against this exact effect."
C:S22-A09,source_action_group,,S22,Work item and checklist,docs/product/ServiceLoop_Conceptual_App_Map_v0_1.md,C:S22-A09,implemented,C07,Back,Not checked; OK; Issue found; NA; text/number value; invalid reading; reviewed/in-progress; save failed,color.action;color.focus;color.disabledText;color.surface,L06,P01,Toolbar Back/Cancel or safe dialog dismissal; obey exact parent save contract.,Checkpoint then original machine/visit; no automatic completion.,Use C07 role/name/state contract; include current record identity where repeated; preserve logical focus and explicit keyboard action.,action_c_s22_a09,Back,Înapoi,action-c-s22-a09,"T-C-S22-A09: invoke from S22; test success, cancellation, blocked state and retry against this exact effect."
C:S23-A01,source_action_group,,S23,Finding,docs/product/ServiceLoop_Conceptual_App_Map_v0_1.md,C:S23-A01,adopted/pending,C13,Disposition,New/general; inline checklist issue; unfinished; resolved in visit; follow-up required; correction mode,color.action;color.onAction;color.outlineControl;color.textPrimary;color.textSecondary;color.focus;color.disabledText,L05,P04,Labelled choice/selection group named Disposition in S23; option toggles retain group/parent context.,Resolved during visit / Corrective follow-up needed / No further action; applicable explanation required.,Use C13 role/name/state contract; include current record identity where repeated; preserve logical focus and explicit keyboard action.,action_c_s23_a01,Disposition,Dispoziție,action-c-s23-a01,"T-C-S23-A01: invoke from S23; test success, cancellation, blocked state and retry against this exact effect."
C:S23-A02,source_action_group,,S23,Finding,docs/product/ServiceLoop_Conceptual_App_Map_v0_1.md,C:S23-A02,adopted/pending,C07,New corrective follow-up,New/general; inline checklist issue; unfinished; resolved in visit; follow-up required; correction mode,color.action;color.focus;color.disabledText;color.surface,L05,P01,Explicit labelled secondary action in the matching S23 section; infrequent management variants in named More menu per screen composition.,"Stage child proposal with source finding, not a live global task before parent commit.",Use C07 role/name/state contract; include current record identity where repeated; preserve logical focus and explicit keyboard action.,action_c_s23_a02,New corrective follow-up,Acțiune corectivă nouă,action-c-s23-a02,"T-C-S23-A02: invoke from S23; test success, cancellation, blocked state and retry against this exact effect."
C:S23-A03,source_action_group,,S23,Finding,docs/product/ServiceLoop_Conceptual_App_Map_v0_1.md,C:S23-A03,adopted/pending,C19,Link existing corrective follow-up,New/general; inline checklist issue; unfinished; resolved in visit; follow-up required; correction mode,color.surfaceRaised;color.textPrimary;color.textSecondary;color.action;color.selection;color.outlineControl;color.focus,L05,P04,Explicit labelled secondary action in the matching S23 section; infrequent management variants in named More menu per screen composition.,Same machine open task; linkage changes no task state/date.,Use C19 role/name/state contract; include current record identity where repeated; preserve logical focus and explicit keyboard action.,action_c_s23_a03,Link existing corrective follow-up,Asociază o acțiune corectivă existentă,action-c-s23-a03,"T-C-S23-A03: invoke from S23; test success, cancellation, blocked state and retry against this exact effect."
C:S23-A04,source_action_group,,S23,Finding,docs/product/ServiceLoop_Conceptual_App_Map_v0_1.md,C:S23-A04,adopted/pending,C24,Select/add photographs,New/general; inline checklist issue; unfinished; resolved in visit; follow-up required; correction mode,color.photoMat;color.surface;color.textPrimary;color.textSecondary;color.outlineDecorative;color.selection;color.selectionOutline,L05,P14,"Photo/evidence group of S23; thumbnail opens viewer, labelled intake/selection actions adjacent.",Link saved same-context photos; customer report inclusion remains a separate choice.,Use C24 role/name/state contract; include current record identity where repeated; preserve logical focus and explicit keyboard action.,action_c_s23_a04,Select/add photographs,Selectează/adaugă fotografii,action-c-s23-a04,"T-C-S23-A04: invoke from S23; test success, cancellation, blocked state and retry against this exact effect."
C:S23-A05,source_action_group,,S23,Finding,docs/product/ServiceLoop_Conceptual_App_Map_v0_1.md,C:S23-A05,adopted/pending,C05,Save finding,New/general; inline checklist issue; unfinished; resolved in visit; follow-up required; correction mode,color.action;color.onAction;color.actionPressed;color.surface;color.outlineControl;color.disabledContainer;color.disabledText;color.focus,L05,P01,Primary footer or current review/section commit named Save finding; conditional variants never shown simultaneously as competing primary actions.,"Validate description/disposition and save to current draft, not independently finalize task effects.",Use C05 role/name/state contract; include current record identity where repeated; preserve logical focus and explicit keyboard action.,action_c_s23_a05,Save finding,Salvează constatarea,action-c-s23-a05,"T-C-S23-A05: invoke from S23; test success, cancellation, blocked state and retry against this exact effect."
C:S23-A06,source_action_group,,S23,Finding,docs/product/ServiceLoop_Conceptual_App_Map_v0_1.md,C:S23-A06,adopted/pending,C06,Remove finding,New/general; inline checklist issue; unfinished; resolved in visit; follow-up required; correction mode,color.destructive;color.onDestructive;color.errorInk;color.errorContainer;color.focus,L05,P10,"Record More → named lifecycle/destructive action; opens explicit review. On dedicated review, named confirmation is footer last.",Confirm draft-only consequences and linked answer; never auto-cancel an existing live task.,Use C06 role/name/state contract; include current record identity where repeated; preserve logical focus and explicit keyboard action.,action_c_s23_a06,Remove finding,Elimină constatarea,action-c-s23-a06,"T-C-S23-A06: invoke from S23; test success, cancellation, blocked state and retry against this exact effect."
C:S23-A07,source_action_group,,S23,Finding,docs/product/ServiceLoop_Conceptual_App_Map_v0_1.md,C:S23-A07,adopted/pending,C07,Cancel / Back,New/general; inline checklist issue; unfinished; resolved in visit; follow-up required; correction mode,color.action;color.focus;color.disabledText;color.surface,L05,P01,Toolbar Back/Cancel or safe dialog dismissal; obey exact parent save contract.,"Discard uncommitted editor changes, retain saved finding.",Use C07 role/name/state contract; include current record identity where repeated; preserve logical focus and explicit keyboard action.,action_c_s23_a07,Cancel / Back,Renunță / Înapoi,action-c-s23-a07,"T-C-S23-A07: invoke from S23; test success, cancellation, blocked state and retry against this exact effect."
C:S24-A01,source_action_group,,S24,Review completion,docs/product/ServiceLoop_Conceptual_App_Map_v0_1.md,C:S24-A01,adopted/pending (partial control exposed),C11,Edit date/identification/machine/work,Outcome missing; partial/unperformed; eligible unchecked/checked; stale obligation; identity missing; finalizing; failure,color.surface;color.canvas;color.textPrimary;color.textSecondary;color.outlineDecorative;color.icon;color.focus,L07,P01,"Named relationship/result row in S24 body, after identity within its labelled section; trailing chevron only when navigable.",Open actual source field; return review; changed answers may require re-review.,Use C11 role/name/state contract; include current record identity where repeated; preserve logical focus and explicit keyboard action.,action_c_s24_a01,Edit date/identification/machine/work,Editează data/identificarea/echipamentul/lucrarea,action-c-s24-a01,"T-C-S24-A01: invoke from S24; test success, cancellation, blocked state and retry against this exact effect."
C:S24-A02,source_action_group,,S24,Review completion,docs/product/ServiceLoop_Conceptual_App_Map_v0_1.md,C:S24-A02,implemented,C13,Outcome per line,Outcome missing; partial/unperformed; eligible unchecked/checked; stale obligation; identity missing; finalizing; failure,color.action;color.onAction;color.outlineControl;color.textPrimary;color.textSecondary;color.focus;color.disabledText,L07,P04,Labelled choice/selection group named Outcome per line in S24; option toggles retain group/parent context.,Performed/Partly/Not performed plus required notes; never auto-check obligation fulfillment.,Use C13 role/name/state contract; include current record identity where repeated; preserve logical focus and explicit keyboard action.,action_c_s24_a02,Outcome per line,Rezultatul lucrării,action-c-s24-a02,"T-C-S24-A02: invoke from S24; test success, cancellation, blocked state and retry against this exact effect."
C:S24-A03,source_action_group,,S24,Review completion,docs/product/ServiceLoop_Conceptual_App_Map_v0_1.md,C:S24-A03,adopted/pending (partial control exposed),C27,Fulfills current obligation / History only,Outcome missing; partial/unperformed; eligible unchecked/checked; stale obligation; identity missing; finalizing; failure,color.surface;color.textPrimary;color.textSecondary;color.warningInk;color.warningContainer;color.errorInk;color.successInk;color.action,L07,P15,Explicit labelled secondary action in the matching S24 section; infrequent management variants in named More menu per screen composition.,"Only current eligible obligation; explicit choice shows exact date effect, blocked reason otherwise.",Use C27 role/name/state contract; include current record identity where repeated; preserve logical focus and explicit keyboard action.,action_c_s24_a03,Fulfills current obligation / History only,Îndeplinește obligația curentă / Doar istoric,action-c-s24-a03,"T-C-S24-A03: invoke from S24; test success, cancellation, blocked state and retry against this exact effect."
C:S24-A04,source_action_group,,S24,Review completion,docs/product/ServiceLoop_Conceptual_App_Map_v0_1.md,C:S24-A04,adopted/pending (partial control exposed),C30,Next due date / Use calculated date,Outcome missing; partial/unperformed; eligible unchecked/checked; stale obligation; identity missing; finalizing; failure,color.surfaceRaised;color.textPrimary;color.textSecondary;color.action;color.selection;color.outlineControl;color.errorInk;color.focus,L07,P13,Named Next due date / Use calculated date field/selector in S24 content order; error directly below; see individual field ledger.,"Actual date+captured interval, explicit override reason; unrelated plans untouched.",Use C30 role/name/state contract; include current record identity where repeated; preserve logical focus and explicit keyboard action.,action_c_s24_a04,Next due date / Use calculated date,Următoarea scadență / Folosește data calculată,action-c-s24-a04,"T-C-S24-A04: invoke from S24; test success, cancellation, blocked state and retry against this exact effect."
C:S24-A05,source_action_group,,S24,Review completion,docs/product/ServiceLoop_Conceptual_App_Map_v0_1.md,C:S24-A05,adopted/pending,C11,Corrective task proposal,Outcome missing; partial/unperformed; eligible unchecked/checked; stale obligation; identity missing; finalizing; failure,color.surface;color.canvas;color.textPrimary;color.textSecondary;color.outlineDecorative;color.icon;color.focus,L07,P01,"Named relationship/result row in S24 body, after identity within its labelled section; trailing chevron only when navigable.",Review valid proposed/link existing task; no cross-machine merge or premature task creation.,Use C11 role/name/state contract; include current record identity where repeated; preserve logical focus and explicit keyboard action.,action_c_s24_a05,Corrective task proposal,Propunere acțiune corectivă,action-c-s24-a05,"T-C-S24-A05: invoke from S24; test success, cancellation, blocked state and retry against this exact effect."
C:S24-A06,source_action_group,,S24,Review completion,docs/product/ServiceLoop_Conceptual_App_Map_v0_1.md,C:S24-A06,adopted/pending,C13,Existing linked follow-up: Keep open / Resolve,Outcome missing; partial/unperformed; eligible unchecked/checked; stale obligation; identity missing; finalizing; failure,color.action;color.onAction;color.outlineControl;color.textPrimary;color.textSecondary;color.focus;color.disabledText,L07,P04,Labelled choice/selection group named Existing linked follow-up: Keep open / Resolve in S24; option toggles retain group/parent context.,Default keep; require dated outcome; commit effect only with finalization.,Use C13 role/name/state contract; include current record identity where repeated; preserve logical focus and explicit keyboard action.,action_c_s24_a06,Existing linked follow-up: Keep open / Resolve,Acțiune asociată: Lasă deschisă / Rezolvă,action-c-s24-a06,"T-C-S24-A06: invoke from S24; test success, cancellation, blocked state and retry against this exact effect."
C:S24-A07,source_action_group,,S24,Review completion,docs/product/ServiceLoop_Conceptual_App_Map_v0_1.md,C:S24-A07,adopted/pending,C24,Select report photos,Outcome missing; partial/unperformed; eligible unchecked/checked; stale obligation; identity missing; finalizing; failure,color.photoMat;color.surface;color.textPrimary;color.textSecondary;color.outlineDecorative;color.selection;color.selectionOutline,L07,P14,"Photo/evidence group of S24; thumbnail opens viewer, labelled intake/selection actions adjacent.",Only saved public-eligible photos; defaults Off; private notes cannot be selected.,Use C24 role/name/state contract; include current record identity where repeated; preserve logical focus and explicit keyboard action.,action_c_s24_a07,Select report photos,Selectează fotografiile raportului,action-c-s24-a07,"T-C-S24-A07: invoke from S24; test success, cancellation, blocked state and retry against this exact effect."
C:S24-A08,source_action_group,,S24,Review completion,docs/product/ServiceLoop_Conceptual_App_Map_v0_1.md,C:S24-A08,adopted/pending,C31,Draft report preview,Outcome missing; partial/unperformed; eligible unchecked/checked; stale obligation; identity missing; finalizing; failure,color.photoMat;color.surface;color.textPrimary;color.textSecondary;color.warningInk;color.errorInk;color.action,L07,P01,Explicit labelled secondary action in the matching S24 section; infrequent management variants in named More menu per screen composition.,Public snapshot only; no external Share/Save action in draft.,Use C31 role/name/state contract; include current record identity where repeated; preserve logical focus and explicit keyboard action.,action_c_s24_a08,Draft report preview,Previzualizează ciorna raportului,action-c-s24-a08,"T-C-S24-A08: invoke from S24; test success, cancellation, blocked state and retry against this exact effect."
C:S24-A09,source_action_group,,S24,Review completion,docs/product/ServiceLoop_Conceptual_App_Map_v0_1.md,C:S24-A09,implemented,C11,Business profile,Outcome missing; partial/unperformed; eligible unchecked/checked; stale obligation; identity missing; finalizing; failure,color.surface;color.canvas;color.textPrimary;color.textSecondary;color.outlineDecorative;color.icon;color.focus,L07,P01,"Named relationship/result row in S24 body, after identity within its labelled section; trailing chevron only when navigable.","Get required business/technician name, then explicitly refresh captured identity; no automatic historical rewrite.",Use C11 role/name/state contract; include current record identity where repeated; preserve logical focus and explicit keyboard action.,action_c_s24_a09,Business profile,Datele firmei,action-c-s24-a09,"T-C-S24-A09: invoke from S24; test success, cancellation, blocked state and retry against this exact effect."
C:S24-A10,source_action_group,,S24,Review completion,docs/product/ServiceLoop_Conceptual_App_Map_v0_1.md,C:S24-A10,implemented,C05,Finalize record,Outcome missing; partial/unperformed; eligible unchecked/checked; stale obligation; identity missing; finalizing; failure,color.action;color.onAction;color.actionPressed;color.surface;color.outlineControl;color.disabledContainer;color.disabledText;color.focus,L07,P01,Primary footer or current review/section commit named Finalize record; conditional variants never shown simultaneously as competing primary actions.,Atomic record+selected eligible obligation effects/tasks; exactly-once retry; PDF failure separate.,Use C05 role/name/state contract; include current record identity where repeated; preserve logical focus and explicit keyboard action.,action_c_s24_a10,Finalize record,Finalizează înregistrarea,action-c-s24-a10,"T-C-S24-A10: invoke from S24; test success, cancellation, blocked state and retry against this exact effect."
C:S24-A11,source_action_group,,S24,Review completion,docs/product/ServiceLoop_Conceptual_App_Map_v0_1.md,C:S24-A11,implemented,C07,Back to working visit,Outcome missing; partial/unperformed; eligible unchecked/checked; stale obligation; identity missing; finalizing; failure,color.action;color.focus;color.disabledText;color.surface,L07,P01,Toolbar Back/Cancel or safe dialog dismissal; obey exact parent save contract.,"Review choices remain saved draft, not business completion.",Use C07 role/name/state contract; include current record identity where repeated; preserve logical focus and explicit keyboard action.,action_c_s24_a11,Back to working visit,Înapoi la vizita în lucru,action-c-s24-a11,"T-C-S24-A11: invoke from S24; test success, cancellation, blocked state and retry against this exact effect."
C:S25-A01,source_action_group,,S25,Final service record,docs/product/ServiceLoop_Conceptual_App_Map_v0_1.md,C:S25-A01,implemented,C05,Generate customer PDF / View report,Current/superseded/void; PDF absent/generating/failed/missing/ready; correction pending,color.action;color.onAction;color.actionPressed;color.surface;color.outlineControl;color.disabledContainer;color.disabledText;color.focus,L08,P01,Primary footer or current review/section commit named Generate customer PDF / View report; conditional variants never shown simultaneously as competing primary actions.,From fixed public snapshot; failed PDF leaves final service record and schedules committed.,Use C05 role/name/state contract; include current record identity where repeated; preserve logical focus and explicit keyboard action.,action_c_s25_a01,Generate customer PDF / View report,Generează PDF pentru client / Vezi raportul,action-c-s25-a01,"T-C-S25-A01: invoke from S25; test success, cancellation, blocked state and retry against this exact effect."
C:S25-A02,source_action_group,,S25,Final service record,docs/product/ServiceLoop_Conceptual_App_Map_v0_1.md,C:S25-A02,implemented,C26,Record versions / Report versions,Current/superseded/void; PDF absent/generating/failed/missing/ready; correction pending,color.textPrimary;color.textSecondary;color.historyContainer;color.historyInk;color.errorContainer;color.errorInk;color.outlineDecorative,L08,P16,"Named relationship/result row in S25 body, after identity within its labelled section; trailing chevron only when navigable.","Open exact immutable version, never promote it to current by viewing.",Use C26 role/name/state contract; include current record identity where repeated; preserve logical focus and explicit keyboard action.,action_c_s25_a02,Record versions / Report versions,Versiuni înregistrare / Versiuni raport,action-c-s25-a02,"T-C-S25-A02: invoke from S25; test success, cancellation, blocked state and retry against this exact effect."
C:S25-A03,source_action_group,,S25,Final service record,docs/product/ServiceLoop_Conceptual_App_Map_v0_1.md,C:S25-A03,implemented,C07,Correct record / Resume correction,Current/superseded/void; PDF absent/generating/failed/missing/ready; correction pending,color.action;color.focus;color.disabledText;color.surface,L08,P01,Explicit labelled secondary action in the matching S25 section; infrequent management variants in named More menu per screen composition.,New/existing durable correction draft; original stays current until commit.,Use C07 role/name/state contract; include current record identity where repeated; preserve logical focus and explicit keyboard action.,action_c_s25_a03,Correct record / Resume correction,Corectează înregistrarea / Reia corecția,action-c-s25-a03,"T-C-S25-A03: invoke from S25; test success, cancellation, blocked state and retry against this exact effect."
C:S25-A04,source_action_group,,S25,Final service record,docs/product/ServiceLoop_Conceptual_App_Map_v0_1.md,C:S25-A04,implemented,C06,Void this record,Current/superseded/void; PDF absent/generating/failed/missing/ready; correction pending,color.destructive;color.onDestructive;color.errorInk;color.errorContainer;color.focus,L08,P10,"Record More → named lifecycle/destructive action; opens explicit review. On dedicated review, named confirmation is footer last.",Reason and explicit downstream reconciliation; retain evidence and old PDF bytes.,Use C06 role/name/state contract; include current record identity where repeated; preserve logical focus and explicit keyboard action.,action_c_s25_a04,Void this record,Invalidează înregistrarea,action-c-s25-a04,"T-C-S25-A04: invoke from S25; test success, cancellation, blocked state and retry against this exact effect."
C:S25-A05,source_action_group,,S25,Final service record,docs/product/ServiceLoop_Conceptual_App_Map_v0_1.md,C:S25-A05,adopted/pending,C11,Follow-up / Plan / Equipment / Original site/customer,Current/superseded/void; PDF absent/generating/failed/missing/ready; correction pending,color.surface;color.canvas;color.textPrimary;color.textSecondary;color.outlineDecorative;color.icon;color.focus,L08,P01,"Named relationship/result row in S25 body, after identity within its labelled section; trailing chevron only when navigable.",Stable linked entities; current changes clearly distinguished from captured identity.,Use C11 role/name/state contract; include current record identity where repeated; preserve logical focus and explicit keyboard action.,action_c_s25_a05,Follow-up / Plan / Equipment / Original site/customer,Acțiune / Plan / Echipament / Locație-client original,action-c-s25-a05,"T-C-S25-A05: invoke from S25; test success, cancellation, blocked state and retry against this exact effect."
C:S25-A06,source_action_group,,S25,Final service record,docs/product/ServiceLoop_Conceptual_App_Map_v0_1.md,C:S25-A06,adopted/pending,C07,Create return visit,Current/superseded/void; PDF absent/generating/failed/missing/ready; correction pending,color.action;color.focus;color.disabledText;color.surface,L08,P01,Explicit labelled secondary action in the matching S25 section; infrequent management variants in named More menu per screen composition.,Only still-open eligible work; do not copy finished outcomes/answers/consumed obligations.,Use C07 role/name/state contract; include current record identity where repeated; preserve logical focus and explicit keyboard action.,action_c_s25_a06,Create return visit,Creează vizită de revenire,action-c-s25-a06,"T-C-S25-A06: invoke from S25; test success, cancellation, blocked state and retry against this exact effect."
C:S25-A07,source_action_group,,S25,Final service record,docs/product/ServiceLoop_Conceptual_App_Map_v0_1.md,C:S25-A07,adopted/pending,C07,Add contact/sharing note,Current/superseded/void; PDF absent/generating/failed/missing/ready; correction pending,color.action;color.focus;color.disabledText;color.surface,L08,P01,Explicit labelled secondary action in the matching S25 section; infrequent management variants in named More menu per screen composition.,Manual fact attached to exact record/report version; no automatic Delivered status.,Use C07 role/name/state contract; include current record identity where repeated; preserve logical focus and explicit keyboard action.,action_c_s25_a07,Add contact/sharing note,Adaugă notă de contactare/transmitere,action-c-s25-a07,"T-C-S25-A07: invoke from S25; test success, cancellation, blocked state and retry against this exact effect."
C:S25-A08,source_action_group,,S25,Final service record,docs/product/ServiceLoop_Conceptual_App_Map_v0_1.md,C:S25-A08,adopted/pending,C24,View retained photograph,Current/superseded/void; PDF absent/generating/failed/missing/ready; correction pending,color.photoMat;color.surface;color.textPrimary;color.textSecondary;color.outlineDecorative;color.selection;color.selectionOutline,L08,P14,"Photo/evidence group of S25; thumbnail opens viewer, labelled intake/selection actions adjacent.","Read-only evidence including unselected private photos; missing file recovery, not fabricated reconstruction.",Use C24 role/name/state contract; include current record identity where repeated; preserve logical focus and explicit keyboard action.,action_c_s25_a08,View retained photograph,Vezi fotografia păstrată,action-c-s25-a08,"T-C-S25-A08: invoke from S25; test success, cancellation, blocked state and retry against this exact effect."
C:S26-A01,source_action_group,,S26,Correction and void,docs/product/ServiceLoop_Conceptual_App_Map_v0_1.md,C:S26-A01,implemented,C23,Edit captured fields/outcomes,Durable draft; saving/saved/not saved; stale revision; schedule blocked; new evidence labelled; committing; failure,color.surface;color.textPrimary;color.textSecondary;color.outlineControl;color.focus;color.errorInk,L06,P06,Named Edit captured fields/outcomes field/selector in S26 content order; error directly below; see individual field ledger.,Correction draft only; original subject links fixed; no new template substitution.,Use C23 role/name/state contract; include current record identity where repeated; preserve logical focus and explicit keyboard action.,action_c_s26_a01,Edit captured fields/outcomes,Editează datele/rezultatele capturate,action-c-s26-a01,"T-C-S26-A01: invoke from S26; test success, cancellation, blocked state and retry against this exact effect."
C:S26-A02,source_action_group,,S26,Correction and void,docs/product/ServiceLoop_Conceptual_App_Map_v0_1.md,C:S26-A02,implemented,C27,Reconcile affected plan,Durable draft; saving/saved/not saved; stale revision; schedule blocked; new evidence labelled; committing; failure,color.surface;color.textPrimary;color.textSecondary;color.warningInk;color.warningContainer;color.errorInk;color.successInk;color.action,L06,P15,Explicit labelled secondary action in the matching S26 section; infrequent management variants in named More menu per screen composition.,Show old effect/current state/later events; confirm permitted correction rather than consume next obligation.,Use C27 role/name/state contract; include current record identity where repeated; preserve logical focus and explicit keyboard action.,action_c_s26_a02,Reconcile affected plan,Reconciliază planul afectat,action-c-s26-a02,"T-C-S26-A02: invoke from S26; test success, cancellation, blocked state and retry against this exact effect."
C:S26-A03,source_action_group,,S26,Correction and void,docs/product/ServiceLoop_Conceptual_App_Map_v0_1.md,C:S26-A03,implemented,C13,Affected follow-up: Keep / Cancel as erroneous / Add required task,Durable draft; saving/saved/not saved; stale revision; schedule blocked; new evidence labelled; committing; failure,color.action;color.onAction;color.outlineControl;color.textPrimary;color.textSecondary;color.focus;color.disabledText,L06,P04,Labelled choice/selection group named Affected follow-up: Keep / Cancel as erroneous / Add required task in S26; option toggles retain group/parent context.,Keep default; reason for cancellation; resolved work not automatically reopened.,Use C13 role/name/state contract; include current record identity where repeated; preserve logical focus and explicit keyboard action.,action_c_s26_a03,Affected follow-up: Keep / Cancel as erroneous / Add required task,Acțiune afectată: Păstrează / Anulează ca eronată / Adaugă acțiune necesară,action-c-s26-a03,"T-C-S26-A03: invoke from S26; test success, cancellation, blocked state and retry against this exact effect."
C:S26-A04,source_action_group,,S26,Correction and void,docs/product/ServiceLoop_Conceptual_App_Map_v0_1.md,C:S26-A04,adopted/pending,C31,Preview proposed report,Durable draft; saving/saved/not saved; stale revision; schedule blocked; new evidence labelled; committing; failure,color.photoMat;color.surface;color.textPrimary;color.textSecondary;color.warningInk;color.errorInk;color.action,L06,P01,Explicit labelled secondary action in the matching S26 section; infrequent management variants in named More menu per screen composition.,DRAFT CORRECTION/VOID NOTICE; no export before commit.,Use C31 role/name/state contract; include current record identity where repeated; preserve logical focus and explicit keyboard action.,action_c_s26_a04,Preview proposed report,Previzualizează raportul propus,action-c-s26-a04,"T-C-S26-A04: invoke from S26; test success, cancellation, blocked state and retry against this exact effect."
C:S26-A05,source_action_group,,S26,Correction and void,docs/product/ServiceLoop_Conceptual_App_Map_v0_1.md,C:S26-A05,implemented,C05,Commit correction / Confirm void,Durable draft; saving/saved/not saved; stale revision; schedule blocked; new evidence labelled; committing; failure,color.action;color.onAction;color.actionPressed;color.surface;color.outlineControl;color.disabledContainer;color.disabledText;color.focus,L06,P01,Primary footer or current review/section commit named Commit correction / Confirm void; conditional variants never shown simultaneously as competing primary actions.,Atomic next revision plus explicit effects; retry returns committed result; old bytes preserved.,Use C05 role/name/state contract; include current record identity where repeated; preserve logical focus and explicit keyboard action.,action_c_s26_a05,Commit correction / Confirm void,Aplică corecția / Confirmă invalidarea,action-c-s26-a05,"T-C-S26-A05: invoke from S26; test success, cancellation, blocked state and retry against this exact effect."
C:S26-A06,source_action_group,,S26,Correction and void,docs/product/ServiceLoop_Conceptual_App_Map_v0_1.md,C:S26-A06,implemented,C07,Leave correction for later,Durable draft; saving/saved/not saved; stale revision; schedule blocked; new evidence labelled; committing; failure,color.action;color.focus;color.disabledText;color.surface,L06,P01,Explicit labelled secondary action in the matching S26 section; infrequent management variants in named More menu per screen composition.,Back leaves durable draft and original active; failed checkpoint uses rescue.,Use C07 role/name/state contract; include current record identity where repeated; preserve logical focus and explicit keyboard action.,action_c_s26_a06,Leave correction for later,Lasă corecția pentru mai târziu,action-c-s26-a06,"T-C-S26-A06: invoke from S26; test success, cancellation, blocked state and retry against this exact effect."
C:S26-A07,source_action_group,,S26,Correction and void,docs/product/ServiceLoop_Conceptual_App_Map_v0_1.md,C:S26-A07,implemented,C06,Discard correction draft,Durable draft; saving/saved/not saved; stale revision; schedule blocked; new evidence labelled; committing; failure,color.destructive;color.onDestructive;color.errorInk;color.errorContainer;color.focus,L06,P10,"Record More → named lifecycle/destructive action; opens explicit review. On dedicated review, named confirmation is footer last.",Only staged correction removed after confirmation; original/history/PDF remain.,Use C06 role/name/state contract; include current record identity where repeated; preserve logical focus and explicit keyboard action.,action_c_s26_a07,Discard correction draft,Renunță la ciorna corecției,action-c-s26-a07,"T-C-S26-A07: invoke from S26; test success, cancellation, blocked state and retry against this exact effect."
C:S27-A01,source_action_group,,S27,Follow-up,docs/product/ServiceLoop_Conceptual_App_Map_v0_1.md,C:S27-A01,implemented,C07,Edit/reschedule,Open/resolved/cancelled; overdue/upcoming; archived context; originating immutable link; failure,color.action;color.focus;color.disabledText;color.surface,L04,P01,Explicit labelled secondary action in the matching S27 section; infrequent management variants in named More menu per screen composition.,Open task only; changed due date needs reason; plan date unchanged.,Use C07 role/name/state contract; include current record identity where repeated; preserve logical focus and explicit keyboard action.,action_c_s27_a01,Edit/reschedule,Editează/reprogramează,action-c-s27-a01,"T-C-S27-A01: invoke from S27; test success, cancellation, blocked state and retry against this exact effect."
C:S27-A02,source_action_group,,S27,Follow-up,docs/product/ServiceLoop_Conceptual_App_Map_v0_1.md,C:S27-A02,adopted/pending,C07,Contact / Open map / Record contact,Open/resolved/cancelled; overdue/upcoming; archived context; originating immutable link; failure,color.action;color.focus;color.disabledText;color.surface,L04,P01,Explicit labelled secondary action in the matching S27 section; infrequent management variants in named More menu per screen composition.,External action is not resolution; user records actual result.,Use C07 role/name/state contract; include current record identity where repeated; preserve logical focus and explicit keyboard action.,action_c_s27_a02,Contact / Open map / Record contact,Contactează / Deschide harta / Înregistrează contactarea,action-c-s27-a02,"T-C-S27-A02: invoke from S27; test success, cancellation, blocked state and retry against this exact effect."
C:S27-A03,source_action_group,,S27,Follow-up,docs/product/ServiceLoop_Conceptual_App_Map_v0_1.md,C:S27-A03,adopted/pending,C07,Book / Start related visit,Open/resolved/cancelled; overdue/upcoming; archived context; originating immutable link; failure,color.action;color.focus;color.disabledText;color.surface,L04,P01,Explicit labelled secondary action in the matching S27 section; infrequent management variants in named More menu per screen composition.,Need real eligible site/equipment; booking does not resolve task.,Use C07 role/name/state contract; include current record identity where repeated; preserve logical focus and explicit keyboard action.,action_c_s27_a03,Book / Start related visit,Programează / Începe vizita asociată,action-c-s27-a03,"T-C-S27-A03: invoke from S27; test success, cancellation, blocked state and retry against this exact effect."
C:S27-A04,source_action_group,,S27,Follow-up,docs/product/ServiceLoop_Conceptual_App_Map_v0_1.md,C:S27-A04,implemented,C05,Resolve / Cancel,Open/resolved/cancelled; overdue/upcoming; archived context; originating immutable link; failure,color.action;color.onAction;color.actionPressed;color.surface;color.outlineControl;color.disabledContainer;color.disabledText;color.focus,L04,P01,Primary footer or current review/section commit named Resolve / Cancel; conditional variants never shown simultaneously as competing primary actions.,Dated outcome/reason; standalone commit or parent-staged action according to entry.,Use C05 role/name/state contract; include current record identity where repeated; preserve logical focus and explicit keyboard action.,action_c_s27_a04,Resolve / Cancel,Rezolvă / Anulează,action-c-s27-a04,"T-C-S27-A04: invoke from S27; test success, cancellation, blocked state and retry against this exact effect."
C:S27-A05,source_action_group,,S27,Follow-up,docs/product/ServiceLoop_Conceptual_App_Map_v0_1.md,C:S27-A05,implemented,C05,Reopen,Open/resolved/cancelled; overdue/upcoming; archived context; originating immutable link; failure,color.action;color.onAction;color.actionPressed;color.surface;color.outlineControl;color.disabledContainer;color.disabledText;color.focus,L04,P01,Primary footer or current review/section commit named Reopen; conditional variants never shown simultaneously as competing primary actions.,New date/reason/context validation; retain closure history.,Use C05 role/name/state contract; include current record identity where repeated; preserve logical focus and explicit keyboard action.,action_c_s27_a05,Reopen,Redeschide,action-c-s27-a05,"T-C-S27-A05: invoke from S27; test success, cancellation, blocked state and retry against this exact effect."
C:S27-A06,source_action_group,,S27,Follow-up,docs/product/ServiceLoop_Conceptual_App_Map_v0_1.md,C:S27-A06,adopted/pending,C11,Source finding/record / linked visit / context,Open/resolved/cancelled; overdue/upcoming; archived context; originating immutable link; failure,color.surface;color.canvas;color.textPrimary;color.textSecondary;color.outlineDecorative;color.icon;color.focus,L04,P01,"Named relationship/result row in S27 body, after identity within its labelled section; trailing chevron only when navigable.",Open exact source snapshot or record; no rewriting original text.,Use C11 role/name/state contract; include current record identity where repeated; preserve logical focus and explicit keyboard action.,action_c_s27_a06,Source finding/record / linked visit / context,Constatare/înregistrare sursă / vizită / context,action-c-s27-a06,"T-C-S27-A06: invoke from S27; test success, cancellation, blocked state and retry against this exact effect."
C:S28-A01,source_action_group,,S28,Follow-up editor,docs/product/ServiceLoop_Conceptual_App_Map_v0_1.md,C:S28-A01,adopted/pending (partial control exposed),C09,Type / context selectors,Standalone/staged/new/edit; overdue accepted warning; required context missing; write failure,color.surface;color.textPrimary;color.textSecondary;color.icon;color.outlineDecorative;color.outlineControl;color.focus;color.errorInk,L05,P01,Named Type / context selectors field/selector in S28 content order; error directly below; see individual field ledger.,Contact/Corrective requirements; broader context clears incompatible selection only explicitly.,Use C09 role/name/state contract; include current record identity where repeated; preserve logical focus and explicit keyboard action.,action_c_s28_a01,Type / context selectors,Tip / Selectoare context,action-c-s28-a01,"T-C-S28-A01: invoke from S28; test success, cancellation, blocked state and retry against this exact effect."
C:S28-A02,source_action_group,,S28,Follow-up editor,docs/product/ServiceLoop_Conceptual_App_Map_v0_1.md,C:S28-A02,implemented,C30,Follow-up date,Standalone/staged/new/edit; overdue accepted warning; required context missing; write failure,color.surfaceRaised;color.textPrimary;color.textSecondary;color.action;color.selection;color.outlineControl;color.errorInk;color.focus,L05,P13,Named Follow-up date field/selector in S28 content order; error directly below; see individual field ledger.,Past allowed with already-overdue warning; existing date-change reason; no plan due effect.,Use C30 role/name/state contract; include current record identity where repeated; preserve logical focus and explicit keyboard action.,action_c_s28_a02,Follow-up date,Data acțiunii de urmărire,action-c-s28-a02,"T-C-S28-A02: invoke from S28; test success, cancellation, blocked state and retry against this exact effect."
C:S28-A03,source_action_group,,S28,Follow-up editor,docs/product/ServiceLoop_Conceptual_App_Map_v0_1.md,C:S28-A03,adopted/pending (partial control exposed),C05,Save follow-up / Use follow-up,Standalone/staged/new/edit; overdue accepted warning; required context missing; write failure,color.action;color.onAction;color.actionPressed;color.surface;color.outlineControl;color.disabledContainer;color.disabledText;color.focus,L05,P01,Primary footer or current review/section commit named Save follow-up / Use follow-up; conditional variants never shown simultaneously as competing primary actions.,Standalone creates task; child returns proposal until parent commits. Button wording tells the difference.,Use C05 role/name/state contract; include current record identity where repeated; preserve logical focus and explicit keyboard action.,action_c_s28_a03,Save follow-up / Use follow-up,Salvează acțiunea / Folosește acțiunea,action-c-s28-a03,"T-C-S28-A03: invoke from S28; test success, cancellation, blocked state and retry against this exact effect."
C:S28-A04,source_action_group,,S28,Follow-up editor,docs/product/ServiceLoop_Conceptual_App_Map_v0_1.md,C:S28-A04,implemented,C07,Cancel / Back,Standalone/staged/new/edit; overdue accepted warning; required context missing; write failure,color.action;color.focus;color.disabledText;color.surface,L05,P01,Toolbar Back/Cancel or safe dialog dismissal; obey exact parent save contract.,"Discard current uncommitted input, not previously live task.",Use C07 role/name/state contract; include current record identity where repeated; preserve logical focus and explicit keyboard action.,action_c_s28_a04,Cancel / Back,Renunță / Înapoi,action-c-s28-a04,"T-C-S28-A04: invoke from S28; test success, cancellation, blocked state and retry against this exact effect."
C:S29-A01,source_action_group,,S29,Contact or sharing note,docs/product/ServiceLoop_Conceptual_App_Map_v0_1.md,C:S29-A01,implemented,C05,Save contact note,New/read-only/error-marked; dirty; failed save; externally returned with no outcome,color.action;color.onAction;color.actionPressed;color.surface;color.outlineControl;color.disabledContainer;color.disabledText;color.focus,L05,P01,Primary footer or current review/section commit named Save contact note; conditional variants never shown simultaneously as competing primary actions.,Persist user-entered result plus any accepted staged task atomically; no inferred due/booking effect.,Use C05 role/name/state contract; include current record identity where repeated; preserve logical focus and explicit keyboard action.,action_c_s29_a01,Save contact note,Salvează nota de contactare,action-c-s29-a01,"T-C-S29-A01: invoke from S29; test success, cancellation, blocked state and retry against this exact effect."
C:S29-A02,source_action_group,,S29,Contact or sharing note,docs/product/ServiceLoop_Conceptual_App_Map_v0_1.md,C:S29-A02,adopted/pending,C07,Add/edit follow-up proposal,New/read-only/error-marked; dirty; failed save; externally returned with no outcome,color.action;color.focus;color.disabledText;color.surface,L05,P01,Explicit labelled secondary action in the matching S29 section; infrequent management variants in named More menu per screen composition.,Child proposal only; removing toggle does not delete previously live task.,Use C07 role/name/state contract; include current record identity where repeated; preserve logical focus and explicit keyboard action.,action_c_s29_a02,Add/edit follow-up proposal,Adaugă/editează propunerea de urmărire,action-c-s29-a02,"T-C-S29-A02: invoke from S29; test success, cancellation, blocked state and retry against this exact effect."
C:S29-A03,source_action_group,,S29,Contact or sharing note,docs/product/ServiceLoop_Conceptual_App_Map_v0_1.md,C:S29-A03,adopted/pending,C07,Book visit,New/read-only/error-marked; dirty; failed save; externally returned with no outcome,color.action;color.focus;color.disabledText;color.surface,L05,P01,Explicit labelled secondary action in the matching S29 section; infrequent management variants in named More menu per screen composition.,After saved note only; cancelling booking retains note; never means message sent.,Use C07 role/name/state contract; include current record identity where repeated; preserve logical focus and explicit keyboard action.,action_c_s29_a03,Book visit,Programează vizita,action-c-s29-a03,"T-C-S29-A03: invoke from S29; test success, cancellation, blocked state and retry against this exact effect."
C:S29-A04,source_action_group,,S29,Contact or sharing note,docs/product/ServiceLoop_Conceptual_App_Map_v0_1.md,C:S29-A04,implemented / amended by B-002,C07,Edit note / Mark entered in error,New/read-only/error-marked; dirty; failed save; externally returned with no outcome,color.action;color.focus;color.disabledText;color.surface,L05,P01,Explicit labelled secondary action in the matching S29 section; infrequent management variants in named More menu per screen composition.,B-002 preservation rule supersedes ordinary historical mutation/deletion; retain reason and saved historical meaning.,Use C07 role/name/state contract; include current record identity where repeated; preserve logical focus and explicit keyboard action.,action_c_s29_a04,Edit note / Mark entered in error,Corectează nota / Marchează ca introdusă eronat,action-c-s29-a04,"T-C-S29-A04: invoke from S29; test success, cancellation, blocked state and retry against this exact effect."
C:S29-A05,source_action_group,,S29,Contact or sharing note,docs/product/ServiceLoop_Conceptual_App_Map_v0_1.md,C:S29-A05,out-of-scope/superseded,C06,Delete erroneous unlinked note,New/read-only/error-marked; dirty; failed save; externally returned with no outcome,color.destructive;color.onDestructive;color.errorInk;color.errorContainer;color.focus,L05,P10,"Record More → named lifecycle/destructive action; opens explicit review. On dedicated review, named confirmation is footer last.",SUPERSEDED by B-002: do not implement hard delete; expose Mark entered in error with reason instead.,Use C06 role/name/state contract; include current record identity where repeated; preserve logical focus and explicit keyboard action.,action_c_s29_a05,Delete erroneous unlinked note,Șterge nota eronată fără legături,action-c-s29-a05,"T-C-S29-A05: invoke from S29; test success, cancellation, blocked state and retry against this exact effect."
C:S29-A06,source_action_group,,S29,Contact or sharing note,docs/product/ServiceLoop_Conceptual_App_Map_v0_1.md,C:S29-A06,implemented,C07,Cancel / Back,New/read-only/error-marked; dirty; failed save; externally returned with no outcome,color.action;color.focus;color.disabledText;color.surface,L05,P01,Toolbar Back/Cancel or safe dialog dismissal; obey exact parent save contract.,New form creates no communication event; read-only view just returns.,Use C07 role/name/state contract; include current record identity where repeated; preserve logical focus and explicit keyboard action.,action_c_s29_a06,Cancel / Back,Renunță / Înapoi,action-c-s29-a06,"T-C-S29-A06: invoke from S29; test success, cancellation, blocked state and retry against this exact effect."
C:S30-A01,source_action_group,,S30,Settings,docs/product/ServiceLoop_Conceptual_App_Map_v0_1.md,C:S30-A01,implemented,C11,Business and report identity,Healthy; notification/calendar blocked; identity not set; backup attention,color.surface;color.canvas;color.textPrimary;color.textSecondary;color.outlineDecorative;color.icon;color.focus,L04,P01,"Named relationship/result row in S30 body, after identity within its labelled section; trailing chevron only when navigable.",Current name or Not set; missing report identity does not block early directory work.,Use C11 role/name/state contract; include current record identity where repeated; preserve logical focus and explicit keyboard action.,action_c_s30_a01,Business and report identity,Datele firmei și identitatea raportului,action-c-s30-a01,"T-C-S30-A01: invoke from S30; test success, cancellation, blocked state and retry against this exact effect."
C:S30-A02,source_action_group,,S30,Settings,docs/product/ServiceLoop_Conceptual_App_Map_v0_1.md,C:S30-A02,implemented,C11,Reminders,Healthy; notification/calendar blocked; identity not set; backup attention,color.surface;color.canvas;color.textPrimary;color.textSecondary;color.outlineDecorative;color.icon;color.focus,L04,P01,"Named relationship/result row in S30 body, after identity within its labelled section; trailing chevron only when navigable.",Show requested/actual blocked or approximate state; never infer delivery.,Use C11 role/name/state contract; include current record identity where repeated; preserve logical focus and explicit keyboard action.,action_c_s30_a02,Reminders,Mementouri,action-c-s30-a02,"T-C-S30-A02: invoke from S30; test success, cancellation, blocked state and retry against this exact effect."
C:S30-A03,source_action_group,,S30,Settings,docs/product/ServiceLoop_Conceptual_App_Map_v0_1.md,C:S30-A03,implemented,C11,Inspection templates,Healthy; notification/calendar blocked; identity not set; backup attention,color.surface;color.canvas;color.textPrimary;color.textSecondary;color.outlineDecorative;color.icon;color.focus,L04,P01,"Named relationship/result row in S30 body, after identity within its labelled section; trailing chevron only when navigable.",Current active-template count if loaded; templates optional.,Use C11 role/name/state contract; include current record identity where repeated; preserve logical focus and explicit keyboard action.,action_c_s30_a03,Inspection templates,Șabloane de inspecție,action-c-s30-a03,"T-C-S30-A03: invoke from S30; test success, cancellation, blocked state and retry against this exact effect."
C:S30-A04,source_action_group,,S30,Settings,docs/product/ServiceLoop_Conceptual_App_Map_v0_1.md,C:S30-A04,implemented,C11,Data and recovery,Healthy; notification/calendar blocked; identity not set; backup attention,color.surface;color.canvas;color.textPrimary;color.textSecondary;color.outlineDecorative;color.icon;color.focus,L04,P01,"Named relationship/result row in S30 body, after identity within its labelled section; trailing chevron only when navigable.",Actual verified backup/changed-since state; no false safe badge.,Use C11 role/name/state contract; include current record identity where repeated; preserve logical focus and explicit keyboard action.,action_c_s30_a04,Data and recovery,Date și recuperare,action-c-s30-a04,"T-C-S30-A04: invoke from S30; test success, cancellation, blocked state and retry against this exact effect."
C:S30-A05,source_action_group,,S30,Settings,docs/product/ServiceLoop_Conceptual_App_Map_v0_1.md,C:S30-A05,adopted/pending,C11,"Privacy, help, and app information",Healthy; notification/calendar blocked; identity not set; backup attention,color.surface;color.canvas;color.textPrimary;color.textSecondary;color.outlineDecorative;color.icon;color.focus,L04,P01,"Named relationship/result row in S30 body, after identity within its labelled section; trailing chevron only when navigable.",Bundled guidance/notices; adopted not currently exposed in Settings source.,Use C11 role/name/state contract; include current record identity where repeated; preserve logical focus and explicit keyboard action.,action_c_s30_a05,"Privacy, help, and app information","Confidențialitate, ajutor și informații",action-c-s30-a05,"T-C-S30-A05: invoke from S30; test success, cancellation, blocked state and retry against this exact effect."
C:S31-A01,source_action_group,,S31,Business and report identity,docs/product/ServiceLoop_Conceptual_App_Map_v0_1.md,C:S31-A01,adopted/pending,C24,Add/change/remove logo,Unset; partial profile; report-ready; logo missing; business/device zone differ; dirty/failure,color.photoMat;color.surface;color.textPrimary;color.textSecondary;color.outlineDecorative;color.selection;color.selectionOutline,L05,P14,"Photo/evidence group of S31; thumbnail opens viewer, labelled intake/selection actions adjacent.","Stage business logo, future explicit captures only; not ServiceLoop branding or historical rewrite.",Use C24 role/name/state contract; include current record identity where repeated; preserve logical focus and explicit keyboard action.,action_c_s31_a01,Add/change/remove logo,Adaugă/schimbă/elimină sigla,action-c-s31-a01,"T-C-S31-A01: invoke from S31; test success, cancellation, blocked state and retry against this exact effect."
C:S31-A02,source_action_group,,S31,Business and report identity,docs/product/ServiceLoop_Conceptual_App_Map_v0_1.md,C:S31-A02,implemented,C30,Business time zone,Unset; partial profile; report-ready; logo missing; business/device zone differ; dirty/failure,color.surfaceRaised;color.textPrimary;color.textSecondary;color.action;color.selection;color.outlineControl;color.errorInk;color.focus,L05,P13,Named Business time zone field/selector in S31 content order; error directly below; see individual field ledger.,Preserve existing dates/appointment instants+zones; preview changed Today/future-default meaning.,Use C30 role/name/state contract; include current record identity where repeated; preserve logical focus and explicit keyboard action.,action_c_s31_a02,Business time zone,Fusul orar al firmei,action-c-s31-a02,"T-C-S31-A02: invoke from S31; test success, cancellation, blocked state and retry against this exact effect."
C:S31-A03,source_action_group,,S31,Business and report identity,docs/product/ServiceLoop_Conceptual_App_Map_v0_1.md,C:S31-A03,adopted/pending (partial control exposed),C05,Save profile,Unset; partial profile; report-ready; logo missing; business/device zone differ; dirty/failure,color.action;color.onAction;color.actionPressed;color.surface;color.outlineControl;color.disabledContainer;color.disabledText;color.focus,L05,P01,Primary footer or current review/section commit named Save profile; conditional variants never shown simultaneously as competing primary actions.,Save current identity; caller must explicitly refresh working snapshot; no issued report mutation.,Use C05 role/name/state contract; include current record identity where repeated; preserve logical focus and explicit keyboard action.,action_c_s31_a03,Save profile,Salvează profilul,action-c-s31-a03,"T-C-S31-A03: invoke from S31; test success, cancellation, blocked state and retry against this exact effect."
C:S31-A04,source_action_group,,S31,Business and report identity,docs/product/ServiceLoop_Conceptual_App_Map_v0_1.md,C:S31-A04,implemented,C07,Cancel / Back,Unset; partial profile; report-ready; logo missing; business/device zone differ; dirty/failure,color.action;color.focus;color.disabledText;color.surface,L05,P01,Toolbar Back/Cancel or safe dialog dismissal; obey exact parent save contract.,Discard current buffer only; early work allowed without completed profile.,Use C07 role/name/state contract; include current record identity where repeated; preserve logical focus and explicit keyboard action.,action_c_s31_a04,Cancel / Back,Renunță / Înapoi,action-c-s31-a04,"T-C-S31-A04: invoke from S31; test success, cancellation, blocked state and retry against this exact effect."
C:S32-A01,source_action_group,,S32,Reminders,docs/product/ServiceLoop_Conceptual_App_Map_v0_1.md,C:S32-A01,implemented,C14,Request local reminders,Requested Off/On; permission denied; channels blocked; retry error; approximate active; dirty,color.action;color.onAction;color.surfaceSubtle;color.outlineControl;color.textPrimary;color.textSecondary;color.errorInk;color.focus,L05,P01,Explicit labelled secondary action in the matching S32 section; infrequent management variants in named More menu per screen composition.,Stage delivery intent; contextual OS permission external and not undone by Cancel; records stay usable.,Use C14 role/name/state contract; include current record identity where repeated; preserve logical focus and explicit keyboard action.,action_c_s32_a01,Request local reminders,Solicită mementouri locale,action-c-s32-a01,"T-C-S32-A01: invoke from S32; test success, cancellation, blocked state and retry against this exact effect."
C:S32-A02,source_action_group,,S32,Reminders,docs/product/ServiceLoop_Conceptual_App_Map_v0_1.md,C:S32-A02,implemented,C30,Summary time/days/content,Requested Off/On; permission denied; channels blocked; retry error; approximate active; dirty,color.surfaceRaised;color.textPrimary;color.textSecondary;color.action;color.selection;color.outlineControl;color.errorInk;color.focus,L05,P13,Named Summary time/days/content field/selector in S32 content order; error directly below; see individual field ledger.,08:00/all-days defaults; at least one day if enabled; individual category choices.,Use C30 role/name/state contract; include current record identity where repeated; preserve logical focus and explicit keyboard action.,action_c_s32_a02,Summary time/days/content,Ora/zilele/conținutul rezumatului,action-c-s32-a02,"T-C-S32-A02: invoke from S32; test success, cancellation, blocked state and retry against this exact effect."
C:S32-A03,source_action_group,,S32,Reminders,docs/product/ServiceLoop_Conceptual_App_Map_v0_1.md,C:S32-A03,implemented,C13,Due-soon horizon,Requested Off/On; permission denied; channels blocked; retry error; approximate active; dirty,color.action;color.onAction;color.outlineControl;color.textPrimary;color.textSecondary;color.focus;color.disabledText,L05,P04,Labelled choice/selection group named Due-soon horizon in S32; option toggles retain group/parent context.,"0/7/14/30-day shared filter/reminder horizon; changes visibility, not dates.",Use C13 role/name/state contract; include current record identity where repeated; preserve logical focus and explicit keyboard action.,action_c_s32_a03,Due-soon horizon,Orizontul scadențelor apropiate,action-c-s32-a03,"T-C-S32-A03: invoke from S32; test success, cancellation, blocked state and retry against this exact effect."
C:S32-A04,source_action_group,,S32,Reminders,docs/product/ServiceLoop_Conceptual_App_Map_v0_1.md,C:S32-A04,implemented,C14,Approximate appointment alerts / default lead,Requested Off/On; permission denied; channels blocked; retry error; approximate active; dirty,color.action;color.onAction;color.surfaceSubtle;color.outlineControl;color.textPrimary;color.textSecondary;color.errorInk;color.focus,L05,P01,Explicit labelled secondary action in the matching S32 section; infrequent management variants in named More menu per screen composition.,Off default;2h/1day lead; preserve explicit per-visit overrides and disclose impact.,Use C14 role/name/state contract; include current record identity where repeated; preserve logical focus and explicit keyboard action.,action_c_s32_a04,Approximate appointment alerts / default lead,Alerte aproximative de programare / Avans implicit,action-c-s32-a04,"T-C-S32-A04: invoke from S32; test success, cancellation, blocked state and retry against this exact effect."
C:S32-A05,source_action_group,,S32,Reminders,docs/product/ServiceLoop_Conceptual_App_Map_v0_1.md,C:S32-A05,implemented,C05,Save reminder settings,Requested Off/On; permission denied; channels blocked; retry error; approximate active; dirty,color.action;color.onAction;color.actionPressed;color.surface;color.outlineControl;color.disabledContainer;color.disabledText;color.focus,L05,P01,Primary footer or current review/section commit named Save reminder settings; conditional variants never shown simultaneously as competing primary actions.,Commit preferences then normal reconcile; failure retains prior settings; no business effects.,Use C05 role/name/state contract; include current record identity where repeated; preserve logical focus and explicit keyboard action.,action_c_s32_a05,Save reminder settings,Salvează setările mementourilor,action-c-s32-a05,"T-C-S32-A05: invoke from S32; test success, cancellation, blocked state and retry against this exact effect."
C:S32-A06,source_action_group,,S32,Reminders,docs/product/ServiceLoop_Conceptual_App_Map_v0_1.md,C:S32-A06,implemented,C07,Android notification settings,Requested Off/On; permission denied; channels blocked; retry error; approximate active; dirty,color.action;color.focus;color.disabledText;color.surface,L05,P01,Named top-bar action; returned destination restores invoking context.,App or two actual channels; recheck state after return; Android owns sound/vibration.,Use C07 role/name/state contract; include current record identity where repeated; preserve logical focus and explicit keyboard action.,action_c_s32_a06,Android notification settings,Setările Android pentru notificări,action-c-s32-a06,"T-C-S32-A06: invoke from S32; test success, cancellation, blocked state and retry against this exact effect."
C:S32-A07,source_action_group,,S32,Reminders,docs/product/ServiceLoop_Conceptual_App_Map_v0_1.md,C:S32-A07,implemented,C07,Send test notification,Requested Off/On; permission denied; channels blocked; retry error; approximate active; dirty,color.action;color.focus;color.disabledText;color.surface,L05,P01,Explicit labelled secondary action in the matching S32 section; infrequent management variants in named More menu per screen composition.,"Generic immediate request; display Test requested, not heard/delivered; no business data changes.",Use C07 role/name/state contract; include current record identity where repeated; preserve logical focus and explicit keyboard action.,action_c_s32_a07,Send test notification,Trimite notificare de test,action-c-s32-a07,"T-C-S32-A07: invoke from S32; test success, cancellation, blocked state and retry against this exact effect."
C:S32-A08,source_action_group,,S32,Reminders,docs/product/ServiceLoop_Conceptual_App_Map_v0_1.md,C:S32-A08,adopted/pending,C11,Backup reminder settings,Requested Off/On; permission denied; channels blocked; retry error; approximate active; dirty,color.surface;color.canvas;color.textPrimary;color.textSecondary;color.outlineDecorative;color.icon;color.focus,L05,P01,"Named relationship/result row in S32 body, after identity within its labelled section; trailing chevron only when navigable.",Navigate after save/discard current draft; no duplicate age setting.,Use C11 role/name/state contract; include current record identity where repeated; preserve logical focus and explicit keyboard action.,action_c_s32_a08,Backup reminder settings,Setări memento copie de siguranță,action-c-s32-a08,"T-C-S32-A08: invoke from S32; test success, cancellation, blocked state and retry against this exact effect."
C:S32-A09,source_action_group,,S32,Reminders,docs/product/ServiceLoop_Conceptual_App_Map_v0_1.md,C:S32-A09,implemented,C07,Cancel / Back,Requested Off/On; permission denied; channels blocked; retry error; approximate active; dirty,color.action;color.focus;color.disabledText;color.surface,L05,P01,Toolbar Back/Cancel or safe dialog dismissal; obey exact parent save contract.,"Discard app settings buffer, not OS permission choice already performed.",Use C07 role/name/state contract; include current record identity where repeated; preserve logical focus and explicit keyboard action.,action_c_s32_a09,Cancel / Back,Renunță / Înapoi,action-c-s32-a09,"T-C-S32-A09: invoke from S32; test success, cancellation, blocked state and retry against this exact effect."
C:S33-A01,source_action_group,,S33,Data and recovery,docs/product/ServiceLoop_Conceptual_App_Map_v0_1.md,C:S33-A01,implemented,C05,Create full backup,Unknown counts/loading; changed/not changed; no backup; incomplete restored; restricted recovery,color.action;color.onAction;color.actionPressed;color.surface;color.outlineControl;color.disabledContainer;color.disabledText;color.focus,L04,P01,Primary footer or current review/section commit named Create full backup; conditional variants never shown simultaneously as competing primary actions.,Open source check/passphrase/file destination flow; no upload assumption.,Use C05 role/name/state contract; include current record identity where repeated; preserve logical focus and explicit keyboard action.,action_c_s33_a01,Create full backup,Creează copie de siguranță completă,action-c-s33-a01,"T-C-S33-A01: invoke from S33; test success, cancellation, blocked state and retry against this exact effect."
C:S33-A02,source_action_group,,S33,Data and recovery,docs/product/ServiceLoop_Conceptual_App_Map_v0_1.md,C:S33-A02,implemented,C07,Inspect/verify a backup,Unknown counts/loading; changed/not changed; no backup; incomplete restored; restricted recovery,color.action;color.focus;color.disabledText;color.surface,L04,P01,Toolbar Back/Cancel or safe dialog dismissal; obey exact parent save contract.,"Read-only verification first, no replacement on open.",Use C07 role/name/state contract; include current record identity where repeated; preserve logical focus and explicit keyboard action.,action_c_s33_a02,Inspect/verify a backup,Inspectează/verifică o copie,action-c-s33-a02,"T-C-S33-A02: invoke from S33; test success, cancellation, blocked state and retry against this exact effect."
C:S33-A03,source_action_group,,S33,Data and recovery,docs/product/ServiceLoop_Conceptual_App_Map_v0_1.md,C:S33-A03,implemented,C07,Restore a backup,Unknown counts/loading; changed/not changed; no backup; incomplete restored; restricted recovery,color.action;color.focus;color.disabledText;color.surface,L04,P01,Toolbar Back/Cancel or safe dialog dismissal; obey exact parent save contract.,Staged verification and explicit dataset replacement; never merge.,Use C07 role/name/state contract; include current record identity where repeated; preserve logical focus and explicit keyboard action.,action_c_s33_a03,Restore a backup,Restaurează o copie,action-c-s33-a03,"T-C-S33-A03: invoke from S33; test success, cancellation, blocked state and retry against this exact effect."
C:S33-A04,source_action_group,,S33,Data and recovery,docs/product/ServiceLoop_Conceptual_App_Map_v0_1.md,C:S33-A04,implemented,C07,Export readable CSV,Unknown counts/loading; changed/not changed; no backup; incomplete restored; restricted recovery,color.action;color.focus;color.disabledText;color.surface,L04,P01,Explicit labelled secondary action in the matching S33 section; infrequent management variants in named More menu per screen composition.,"Readable selected export, not a complete backup.",Use C07 role/name/state contract; include current record identity where repeated; preserve logical focus and explicit keyboard action.,action_c_s33_a04,Export readable CSV,Exportă CSV lizibil,action-c-s33-a04,"T-C-S33-A04: invoke from S33; test success, cancellation, blocked state and retry against this exact effect."
C:S33-A05,source_action_group,,S33,Data and recovery,docs/product/ServiceLoop_Conceptual_App_Map_v0_1.md,C:S33-A05,implemented,C07,Import customers and equipment,Unknown counts/loading; changed/not changed; no backup; incomplete restored; restricted recovery,color.action;color.focus;color.disabledText;color.surface,L04,P01,Explicit labelled secondary action in the matching S33 section; infrequent management variants in named More menu per screen composition.,Create-only directory import with review; no overwrite/history import.,Use C07 role/name/state contract; include current record identity where repeated; preserve logical focus and explicit keyboard action.,action_c_s33_a05,Import customers and equipment,Importă clienți și echipamente,action-c-s33-a05,"T-C-S33-A05: invoke from S33; test success, cancellation, blocked state and retry against this exact effect."
C:S33-A06,source_action_group,,S33,Data and recovery,docs/product/ServiceLoop_Conceptual_App_Map_v0_1.md,C:S33-A06,implemented,C13,Backup reminder,Unknown counts/loading; changed/not changed; no backup; incomplete restored; restricted recovery,color.action;color.onAction;color.outlineControl;color.textPrimary;color.textSecondary;color.focus;color.disabledText,L04,P04,Labelled choice/selection group named Backup reminder in S33; option toggles retain group/parent context.,Off/1/7/30 days immediate preference save; only changed-data/age participation.,Use C13 role/name/state contract; include current record identity where repeated; preserve logical focus and explicit keyboard action.,action_c_s33_a06,Backup reminder,Memento copie de siguranță,action-c-s33-a06,"T-C-S33-A06: invoke from S33; test success, cancellation, blocked state and retry against this exact effect."
C:S33-A07,source_action_group,,S33,Data and recovery,docs/product/ServiceLoop_Conceptual_App_Map_v0_1.md,C:S33-A07,implemented,C06,Erase this device's data,Unknown counts/loading; changed/not changed; no backup; incomplete restored; restricted recovery,color.destructive;color.onDestructive;color.errorInk;color.errorContainer;color.focus,L04,P10,"Record More → named lifecycle/destructive action; opens explicit review. On dedicated review, named confirmation is footer last.",Open full destructive review; no one-tap reset.,Use C06 role/name/state contract; include current record identity where repeated; preserve logical focus and explicit keyboard action.,action_c_s33_a07,Erase this device's data,Șterge datele de pe acest dispozitiv,action-c-s33-a07,"T-C-S33-A07: invoke from S33; test success, cancellation, blocked state and retry against this exact effect."
C:S33-A08,source_action_group,,S33,Data and recovery,docs/product/ServiceLoop_Conceptual_App_Map_v0_1.md,C:S33-A08,implemented,C18,Recovery guidance / data-integrity warning,Unknown counts/loading; changed/not changed; no backup; incomplete restored; restricted recovery,color.infoContainer;color.infoInk;color.warningContainer;color.warningInk;color.errorContainer;color.errorInk;color.successContainer;color.successInk,L04,P01,Explicit labelled secondary action in the matching S33 section; infrequent management variants in named More menu per screen composition.,"Name missing files/records and recovery options, do not hide errors from counts.",Use C18 role/name/state contract; include current record identity where repeated; preserve logical focus and explicit keyboard action.,action_c_s33_a08,Recovery guidance / data-integrity warning,Ghid recuperare / Avertizare integritate,action-c-s33-a08,"T-C-S33-A08: invoke from S33; test success, cancellation, blocked state and retry against this exact effect."
C:S34-A01,source_action_group,,S34,Create backup,docs/product/ServiceLoop_Conceptual_App_Map_v0_1.md,C:S34-A01,adopted/pending (partial control exposed),C05,Check data,Checking; source missing files; protecting; writing; written-unverified; verifying; verified full/incomplete; failed,color.action;color.onAction;color.actionPressed;color.surface;color.outlineControl;color.disabledContainer;color.disabledText;color.focus,L09,P01,Primary footer or current review/section commit named Check data; conditional variants never shown simultaneously as competing primary actions.,Verify source refs/files and checkpoint drafts; missing files prevent Complete label.,Use C05 role/name/state contract; include current record identity where repeated; preserve logical focus and explicit keyboard action.,action_c_s34_a01,Check data,Verifică datele,action-c-s34-a01,"T-C-S34-A01: invoke from S34; test success, cancellation, blocked state and retry against this exact effect."
C:S34-A02,source_action_group,,S34,Create backup,docs/product/ServiceLoop_Conceptual_App_Map_v0_1.md,C:S34-A02,adopted/pending (partial control exposed),C13,Create incomplete recovery copy,Checking; source missing files; protecting; writing; written-unverified; verifying; verified full/incomplete; failed,color.action;color.onAction;color.outlineControl;color.textPrimary;color.textSecondary;color.focus;color.disabledText,L09,P04,Labelled choice/selection group named Create incomplete recovery copy in S34; option toggles retain group/parent context.,Only known missing source files and acknowledgement; never update verified-full coverage.,Use C13 role/name/state contract; include current record identity where repeated; preserve logical focus and explicit keyboard action.,action_c_s34_a02,Create incomplete recovery copy,Creează copie de recuperare incompletă,action-c-s34-a02,"T-C-S34-A02: invoke from S34; test success, cancellation, blocked state and retry against this exact effect."
C:S34-A03,source_action_group,,S34,Create backup,docs/product/ServiceLoop_Conceptual_App_Map_v0_1.md,C:S34-A03,adopted/pending,C07,Show/hide passphrase,Checking; source missing files; protecting; writing; written-unverified; verifying; verified full/incomplete; failed,color.action;color.focus;color.disabledText;color.surface,L09,P01,Explicit labelled secondary action in the matching S34 section; infrequent management variants in named More menu per screen composition.,Visibility only; no clipboard/secret persistence.,Use C07 role/name/state contract; include current record identity where repeated; preserve logical focus and explicit keyboard action.,action_c_s34_a03,Show/hide passphrase,Arată/ascunde fraza secretă,action-c-s34-a03,"T-C-S34-A03: invoke from S34; test success, cancellation, blocked state and retry against this exact effect."
C:S34-A04,source_action_group,,S34,Create backup,docs/product/ServiceLoop_Conceptual_App_Map_v0_1.md,C:S34-A04,implemented,C05,Create backup / Create recovery copy,Checking; source missing files; protecting; writing; written-unverified; verifying; verified full/incomplete; failed,color.action;color.onAction;color.actionPressed;color.surface;color.outlineControl;color.disabledContainer;color.disabledText;color.focus,L09,P01,Primary footer or current review/section commit named Create backup / Create recovery copy; conditional variants never shown simultaneously as competing primary actions.,"Consistent snapshot, protect, write selected destination; partial external output disclosed.",Use C05 role/name/state contract; include current record identity where repeated; preserve logical focus and explicit keyboard action.,action_c_s34_a04,Create backup / Create recovery copy,Creează copia de siguranță / copia de recuperare,action-c-s34-a04,"T-C-S34-A04: invoke from S34; test success, cancellation, blocked state and retry against this exact effect."
C:S34-A05,source_action_group,,S34,Create backup,docs/product/ServiceLoop_Conceptual_App_Map_v0_1.md,C:S34-A05,implemented,C05,Verify saved file,Checking; source missing files; protecting; writing; written-unverified; verifying; verified full/incomplete; failed,color.action;color.onAction;color.actionPressed;color.surface;color.outlineControl;color.disabledContainer;color.disabledText;color.focus,L09,P01,Primary footer or current review/section commit named Verify saved file; conditional variants never shown simultaneously as competing primary actions.,Read actual written package and compare snapshot; verified full metadata only after success.,Use C05 role/name/state contract; include current record identity where repeated; preserve logical focus and explicit keyboard action.,action_c_s34_a05,Verify saved file,Verifică fișierul salvat,action-c-s34-a05,"T-C-S34-A05: invoke from S34; test success, cancellation, blocked state and retry against this exact effect."
C:S34-A06,source_action_group,,S34,Create backup,docs/product/ServiceLoop_Conceptual_App_Map_v0_1.md,C:S34-A06,adopted/pending (partial control exposed),C07,Choose another destination / Retry,Checking; source missing files; protecting; writing; written-unverified; verifying; verified full/incomplete; failed,color.action;color.focus;color.disabledText;color.surface,L09,P01,Explicit labelled secondary action in the matching S34 section; infrequent management variants in named More menu per screen composition.,Preserve previous good backup/source; no automatic overwrite.,Use C07 role/name/state contract; include current record identity where repeated; preserve logical focus and explicit keyboard action.,action_c_s34_a06,Choose another destination / Retry,Alege altă destinație / Reîncearcă,action-c-s34-a06,"T-C-S34-A06: invoke from S34; test success, cancellation, blocked state and retry against this exact effect."
C:S34-A07,source_action_group,,S34,Create backup,docs/product/ServiceLoop_Conceptual_App_Map_v0_1.md,C:S34-A07,implemented,C05,Done,Checking; source missing files; protecting; writing; written-unverified; verifying; verified full/incomplete; failed,color.action;color.onAction;color.actionPressed;color.surface;color.outlineControl;color.disabledContainer;color.disabledText;color.focus,L09,P01,Primary footer or current review/section commit named Done; conditional variants never shown simultaneously as competing primary actions.,Return after truthful full/incomplete/unverified outcome; later edits remain changed-since-snapshot.,Use C05 role/name/state contract; include current record identity where repeated; preserve logical focus and explicit keyboard action.,action_c_s34_a07,Done,Gata,action-c-s34-a07,"T-C-S34-A07: invoke from S34; test success, cancellation, blocked state and retry against this exact effect."
C:S35-A01,source_action_group,,S35,Inspect or restore backup,docs/product/ServiceLoop_Conceptual_App_Map_v0_1.md,C:S35-A01,implemented,C07,Choose backup,Unsupported/corrupt/wrong passphrase; complete/incomplete; unverified; ready to replace; switching; failed recovery,color.action;color.focus;color.disabledText;color.surface,L09,P01,Toolbar Back/Cancel or safe dialog dismissal; obey exact parent save contract.,"Copy chosen file to isolated staging; actual contents validate, not filename trust.",Use C07 role/name/state contract; include current record identity where repeated; preserve logical focus and explicit keyboard action.,action_c_s35_a01,Choose backup,Alege copia de siguranță,action-c-s35-a01,"T-C-S35-A01: invoke from S35; test success, cancellation, blocked state and retry against this exact effect."
C:S35-A02,source_action_group,,S35,Inspect or restore backup,docs/product/ServiceLoop_Conceptual_App_Map_v0_1.md,C:S35-A02,implemented,C05,Unlock and inspect,Unsupported/corrupt/wrong passphrase; complete/incomplete; unverified; ready to replace; switching; failed recovery,color.action;color.onAction;color.actionPressed;color.surface;color.outlineControl;color.disabledContainer;color.disabledText;color.focus,L09,P01,Primary footer or current review/section commit named Unlock and inspect; conditional variants never shown simultaneously as competing primary actions.,Passphrase/integrity/refs/files/format check; failure cannot mutate live dataset.,Use C05 role/name/state contract; include current record identity where repeated; preserve logical focus and explicit keyboard action.,action_c_s35_a02,Unlock and inspect,Deblochează și inspectează,action-c-s35-a02,"T-C-S35-A02: invoke from S35; test success, cancellation, blocked state and retry against this exact effect."
C:S35-A03,source_action_group,,S35,Inspect or restore backup,docs/product/ServiceLoop_Conceptual_App_Map_v0_1.md,C:S35-A03,implemented,C10,Inspect only / View contents summary,Unsupported/corrupt/wrong passphrase; complete/incomplete; unverified; ready to replace; switching; failed recovery,color.surfaceSubtle;color.textPrimary;color.textSecondary;color.outlineDecorative,L09,P01,Explicit labelled secondary action in the matching S35 section; infrequent management variants in named More menu per screen composition.,Read validation summary without switching datasets.,Use C10 role/name/state contract; include current record identity where repeated; preserve logical focus and explicit keyboard action.,action_c_s35_a03,Inspect only / View contents summary,Doar inspectare / Vezi rezumatul,action-c-s35-a03,"T-C-S35-A03: invoke from S35; test success, cancellation, blocked state and retry against this exact effect."
C:S35-A04,source_action_group,,S35,Inspect or restore backup,docs/product/ServiceLoop_Conceptual_App_Map_v0_1.md,C:S35-A04,adopted/pending,C07,Back up current data first,Unsupported/corrupt/wrong passphrase; complete/incomplete; unverified; ready to replace; switching; failed recovery,color.action;color.focus;color.disabledText;color.surface,L09,P01,Toolbar Back/Cancel or safe dialog dismissal; obey exact parent save contract.,Return to candidate after backup; failure never advances replacement automatically.,Use C07 role/name/state contract; include current record identity where repeated; preserve logical focus and explicit keyboard action.,action_c_s35_a04,Back up current data first,Creează întâi o copie a datelor curente,action-c-s35-a04,"T-C-S35-A04: invoke from S35; test success, cancellation, blocked state and retry against this exact effect."
C:S35-A05,source_action_group,,S35,Inspect or restore backup,docs/product/ServiceLoop_Conceptual_App_Map_v0_1.md,C:S35-A05,adopted/pending (partial control exposed),C05,Continue to replacement,Unsupported/corrupt/wrong passphrase; complete/incomplete; unverified; ready to replace; switching; failed recovery,color.action;color.onAction;color.actionPressed;color.surface;color.outlineControl;color.disabledContainer;color.disabledText;color.focus,L09,P01,Primary footer or current review/section commit named Continue to replacement; conditional variants never shown simultaneously as competing primary actions.,Explicit newer-data/working-draft/loss/incomplete acknowledgements before final switch.,Use C05 role/name/state contract; include current record identity where repeated; preserve logical focus and explicit keyboard action.,action_c_s35_a05,Continue to replacement,Continuă înlocuirea,action-c-s35-a05,"T-C-S35-A05: invoke from S35; test success, cancellation, blocked state and retry against this exact effect."
C:S35-A06,source_action_group,,S35,Inspect or restore backup,docs/product/ServiceLoop_Conceptual_App_Map_v0_1.md,C:S35-A06,implemented,C06,Replace local dataset,Unsupported/corrupt/wrong passphrase; complete/incomplete; unverified; ready to replace; switching; failed recovery,color.destructive;color.onDestructive;color.errorInk;color.errorContainer;color.focus,L09,P10,"Record More → named lifecycle/destructive action; opens explicit review. On dedicated review, named confirmation is footer last.","Typed REPLACE, sufficient storage, unchanged validated candidate; recoverably swap all or none.",Use C06 role/name/state contract; include current record identity where repeated; preserve logical focus and explicit keyboard action.,action_c_s35_a06,Replace local dataset,Înlocuiește setul de date local,action-c-s35-a06,"T-C-S35-A06: invoke from S35; test success, cancellation, blocked state and retry against this exact effect."
C:S35-A07,source_action_group,,S35,Inspect or restore backup,docs/product/ServiceLoop_Conceptual_App_Map_v0_1.md,C:S35-A07,implemented,C05,Open restored data,Unsupported/corrupt/wrong passphrase; complete/incomplete; unverified; ready to replace; switching; failed recovery,color.action;color.onAction;color.actionPressed;color.surface;color.outlineControl;color.disabledContainer;color.disabledText;color.focus,L09,P01,Primary footer or current review/section commit named Open restored data; conditional variants never shown simultaneously as competing primary actions.,Summary then Home; local reminders and Calendar start Off; backup file retained.,Use C05 role/name/state contract; include current record identity where repeated; preserve logical focus and explicit keyboard action.,action_c_s35_a07,Open restored data,Deschide datele restaurate,action-c-s35-a07,"T-C-S35-A07: invoke from S35; test success, cancellation, blocked state and retry against this exact effect."
C:S35-A08,source_action_group,,S35,Inspect or restore backup,docs/product/ServiceLoop_Conceptual_App_Map_v0_1.md,C:S35-A08,adopted/pending (partial control exposed),C05,Return to previous dataset,Unsupported/corrupt/wrong passphrase; complete/incomplete; unverified; ready to replace; switching; failed recovery,color.action;color.onAction;color.actionPressed;color.surface;color.outlineControl;color.disabledContainer;color.disabledText;color.focus,L09,P01,Primary footer or current review/section commit named Return to previous dataset; conditional variants never shown simultaneously as competing primary actions.,"Interrupted/failed switch only; select verified intact copy, never erase when neither validates.",Use C05 role/name/state contract; include current record identity where repeated; preserve logical focus and explicit keyboard action.,action_c_s35_a08,Return to previous dataset,Revino la setul de date anterior,action-c-s35-a08,"T-C-S35-A08: invoke from S35; test success, cancellation, blocked state and retry against this exact effect."
C:S35-A09,source_action_group,,S35,Inspect or restore backup,docs/product/ServiceLoop_Conceptual_App_Map_v0_1.md,C:S35-A09,implemented,C07,Cancel / Back,Unsupported/corrupt/wrong passphrase; complete/incomplete; unverified; ready to replace; switching; failed recovery,color.action;color.focus;color.disabledText;color.surface,L09,P01,Toolbar Back/Cancel or safe dialog dismissal; obey exact parent save contract.,Before atomic switch clean staging only; during switch explain temporary disabled cancel.,Use C07 role/name/state contract; include current record identity where repeated; preserve logical focus and explicit keyboard action.,action_c_s35_a09,Cancel / Back,Renunță / Înapoi,action-c-s35-a09,"T-C-S35-A09: invoke from S35; test success, cancellation, blocked state and retry against this exact effect."
C:S36-A01,source_action_group,,S36,CSV export,docs/product/ServiceLoop_Conceptual_App_Map_v0_1.md,C:S36-A01,adopted/pending (partial control exposed),C13,Export type/scope/options,Preparing; writing; ready; partial/failed; no eligible rows,color.action;color.onAction;color.outlineControl;color.textPrimary;color.textSecondary;color.focus;color.disabledText,L09,P04,Labelled choice/selection group named Export type/scope/options in S36; option toggles retain group/parent context.,Directory or Records; optional inactive/private/old revisions with plaintext warning; no mutation.,Use C13 role/name/state contract; include current record identity where repeated; preserve logical focus and explicit keyboard action.,action_c_s36_a01,Export type/scope/options,Tipul/domeniul/opțiunile exportului,action-c-s36-a01,"T-C-S36-A01: invoke from S36; test success, cancellation, blocked state and retry against this exact effect."
C:S36-A02,source_action_group,,S36,CSV export,docs/product/ServiceLoop_Conceptual_App_Map_v0_1.md,C:S36-A02,implemented,C05,Create export,Preparing; writing; ready; partial/failed; no eligible rows,color.action;color.onAction;color.actionPressed;color.surface;color.outlineControl;color.disabledContainer;color.disabledText;color.focus,L09,P01,Primary footer or current review/section commit named Create export; conditional variants never shown simultaneously as competing primary actions.,"Exact selected CSV/package contract; interrupted external output incomplete, source remains.",Use C05 role/name/state contract; include current record identity where repeated; preserve logical focus and explicit keyboard action.,action_c_s36_a02,Create export,Creează exportul,action-c-s36-a02,"T-C-S36-A02: invoke from S36; test success, cancellation, blocked state and retry against this exact effect."
C:S36-A03,source_action_group,,S36,CSV export,docs/product/ServiceLoop_Conceptual_App_Map_v0_1.md,C:S36-A03,adopted/pending,C07,Save another copy / Share export,Preparing; writing; ready; partial/failed; no eligible rows,color.action;color.focus;color.disabledText;color.surface,L09,P01,Explicit labelled secondary action in the matching S36 section; infrequent management variants in named More menu per screen composition.,Completed bytes only through picker/chooser; no receipt or backup-success inference.,Use C07 role/name/state contract; include current record identity where repeated; preserve logical focus and explicit keyboard action.,action_c_s36_a03,Save another copy / Share export,Salvează altă copie / Distribuie exportul,action-c-s36-a03,"T-C-S36-A03: invoke from S36; test success, cancellation, blocked state and retry against this exact effect."
C:S36-A04,source_action_group,,S36,CSV export,docs/product/ServiceLoop_Conceptual_App_Map_v0_1.md,C:S36-A04,implemented,C07,Done / Back,Preparing; writing; ready; partial/failed; no eligible rows,color.action;color.focus;color.disabledText;color.surface,L09,P01,Toolbar Back/Cancel or safe dialog dismissal; obey exact parent save contract.,Return with truthful outcome; cancelled destination produces no valid copy claim.,Use C07 role/name/state contract; include current record identity where repeated; preserve logical focus and explicit keyboard action.,action_c_s36_a04,Done / Back,Gata / Înapoi,action-c-s36-a04,"T-C-S36-A04: invoke from S36; test success, cancellation, blocked state and retry against this exact effect."
C:S37-A01,source_action_group,,S37,Directory import,docs/product/ServiceLoop_Conceptual_App_Map_v0_1.md,C:S37-A01,implemented,C07,Save blank template / Save worked example,Bad format/size; duplicate conflict; explicit skip; valid preview; importing; success/failure,color.action;color.focus;color.disabledText;color.surface,L09,P01,Explicit labelled secondary action in the matching S37 section; infrequent management variants in named More menu per screen composition.,User-selected CSV destination; fictional example is never automatically imported.,Use C07 role/name/state contract; include current record identity where repeated; preserve logical focus and explicit keyboard action.,action_c_s37_a01,Save blank template / Save worked example,Salvează șablon gol / Salvează exemplu,action-c-s37-a01,"T-C-S37-A01: invoke from S37; test success, cancellation, blocked state and retry against this exact effect."
C:S37-A02,source_action_group,,S37,Directory import,docs/product/ServiceLoop_Conceptual_App_Map_v0_1.md,C:S37-A02,adopted/pending,C07,Read import rules,Bad format/size; duplicate conflict; explicit skip; valid preview; importing; success/failure,color.action;color.focus;color.disabledText;color.surface,L09,P01,Explicit labelled secondary action in the matching S37 section; infrequent management variants in named More menu per screen composition.,"Fixed schema/limits/create-only policy, no broad permissions.",Use C07 role/name/state contract; include current record identity where repeated; preserve logical focus and explicit keyboard action.,action_c_s37_a02,Read import rules,Citește regulile de import,action-c-s37-a02,"T-C-S37-A02: invoke from S37; test success, cancellation, blocked state and retry against this exact effect."
C:S37-A03,source_action_group,,S37,Directory import,docs/product/ServiceLoop_Conceptual_App_Map_v0_1.md,C:S37-A03,implemented,C07,Choose CSV,Bad format/size; duplicate conflict; explicit skip; valid preview; importing; success/failure,color.action;color.focus;color.disabledText;color.surface,L09,P01,Explicit labelled secondary action in the matching S37 section; infrequent management variants in named More menu per screen composition.,Bounded staging and encoding/header/field validation; no records during reading.,Use C07 role/name/state contract; include current record identity where repeated; preserve logical focus and explicit keyboard action.,action_c_s37_a03,Choose CSV,Alege CSV,action-c-s37-a03,"T-C-S37-A03: invoke from S37; test success, cancellation, blocked state and retry against this exact effect."
C:S37-A04,source_action_group,,S37,Directory import,docs/product/ServiceLoop_Conceptual_App_Map_v0_1.md,C:S37-A04,adopted/pending (partial control exposed),C16,"Preview row / filter Errors, Warnings, New, Existing unchanged",Bad format/size; duplicate conflict; explicit skip; valid preview; importing; success/failure,color.selection;color.onSelection;color.selectionOutline;color.surface;color.textPrimary;color.outlineControl;color.focus,L09,P03,List/selector controls immediately below top bar and before result count; never a status badge.,Show row number/proposed hierarchy/exact messages; viewing not commit.,Use C16 role/name/state contract; include current record identity where repeated; preserve logical focus and explicit keyboard action.,action_c_s37_a04,"Preview row / filter Errors, Warnings, New, Existing unchanged","Previzualizare / Erori, Avertizări, Noi, Existente nemodificate",action-c-s37-a04,"T-C-S37-A04: invoke from S37; test success, cancellation, blocked state and retry against this exact effect."
C:S37-A05,source_action_group,,S37,Directory import,docs/product/ServiceLoop_Conceptual_App_Map_v0_1.md,C:S37-A05,adopted/pending (partial control exposed),C13,Review possible duplicate,Bad format/size; duplicate conflict; explicit skip; valid preview; importing; success/failure,color.action;color.onAction;color.outlineControl;color.textPrimary;color.textSecondary;color.focus;color.disabledText,L09,P04,Labelled choice/selection group named Review possible duplicate in S37; option toggles retain group/parent context.,Create separate or Skip valid branch; never automatic name-based merge.,Use C13 role/name/state contract; include current record identity where repeated; preserve logical focus and explicit keyboard action.,action_c_s37_a05,Review possible duplicate,Revizuiește posibilul duplicat,action-c-s37-a05,"T-C-S37-A05: invoke from S37; test success, cancellation, blocked state and retry against this exact effect."
C:S37-A06,source_action_group,,S37,Directory import,docs/product/ServiceLoop_Conceptual_App_Map_v0_1.md,C:S37-A06,implemented,C07,Save validation report,Bad format/size; duplicate conflict; explicit skip; valid preview; importing; success/failure,color.action;color.focus;color.disabledText;color.surface,L09,P01,Explicit labelled secondary action in the matching S37 section; infrequent management variants in named More menu per screen composition.,Readable row messages to chosen file; source/database unchanged.,Use C07 role/name/state contract; include current record identity where repeated; preserve logical focus and explicit keyboard action.,action_c_s37_a06,Save validation report,Salvează raportul de validare,action-c-s37-a06,"T-C-S37-A06: invoke from S37; test success, cancellation, blocked state and retry against this exact effect."
C:S37-A07,source_action_group,,S37,Directory import,docs/product/ServiceLoop_Conceptual_App_Map_v0_1.md,C:S37-A07,implemented,C07,Choose corrected file,Bad format/size; duplicate conflict; explicit skip; valid preview; importing; success/failure,color.action;color.focus;color.disabledText;color.surface,L09,P01,Explicit labelled secondary action in the matching S37 section; infrequent management variants in named More menu per screen composition.,Discard prior preview and validate against current dataset anew.,Use C07 role/name/state contract; include current record identity where repeated; preserve logical focus and explicit keyboard action.,action_c_s37_a07,Choose corrected file,Alege fișierul corectat,action-c-s37-a07,"T-C-S37-A07: invoke from S37; test success, cancellation, blocked state and retry against this exact effect."
C:S37-A08,source_action_group,,S37,Directory import,docs/product/ServiceLoop_Conceptual_App_Map_v0_1.md,C:S37-A08,implemented,C05,Import reviewed records,Bad format/size; duplicate conflict; explicit skip; valid preview; importing; success/failure,color.action;color.onAction;color.actionPressed;color.surface;color.outlineControl;color.disabledContainer;color.disabledText;color.focus,L09,P01,Primary footer or current review/section commit named Import reviewed records; conditional variants never shown simultaneously as competing primary actions.,"Valid non-skipped hierarchy all-or-none; exact unchanged refs may be reused, conflicts never overwritten.",Use C05 role/name/state contract; include current record identity where repeated; preserve logical focus and explicit keyboard action.,action_c_s37_a08,Import reviewed records,Importă înregistrările revizuite,action-c-s37-a08,"T-C-S37-A08: invoke from S37; test success, cancellation, blocked state and retry against this exact effect."
C:S37-A09,source_action_group,,S37,Directory import,docs/product/ServiceLoop_Conceptual_App_Map_v0_1.md,C:S37-A09,adopted/pending (partial control exposed),C11,View imported customers / Equipment without active plans,Bad format/size; duplicate conflict; explicit skip; valid preview; importing; success/failure,color.surface;color.canvas;color.textPrimary;color.textSecondary;color.outlineDecorative;color.icon;color.focus,L09,P01,"Named relationship/result row in S37 body, after identity within its labelled section; trailing chevron only when navigable.","Scoped results, no fabricated prior service or reminders from equipment alone.",Use C11 role/name/state contract; include current record identity where repeated; preserve logical focus and explicit keyboard action.,action_c_s37_a09,View imported customers / Equipment without active plans,Vezi clienții importați / Echipamente fără planuri active,action-c-s37-a09,"T-C-S37-A09: invoke from S37; test success, cancellation, blocked state and retry against this exact effect."
C:S37-A10,source_action_group,,S37,Directory import,docs/product/ServiceLoop_Conceptual_App_Map_v0_1.md,C:S37-A10,implemented,C07,Cancel / Back,Bad format/size; duplicate conflict; explicit skip; valid preview; importing; success/failure,color.action;color.focus;color.disabledText;color.surface,L09,P01,Toolbar Back/Cancel or safe dialog dismissal; obey exact parent save contract.,Before commit remove staging only; current dataset untouched.,Use C07 role/name/state contract; include current record identity where repeated; preserve logical focus and explicit keyboard action.,action_c_s37_a10,Cancel / Back,Renunță / Înapoi,action-c-s37-a10,"T-C-S37-A10: invoke from S37; test success, cancellation, blocked state and retry against this exact effect."
C:S38-A01,source_action_group,,S38,"Privacy, help and app information",docs/product/ServiceLoop_Conceptual_App_Map_v0_1.md,C:S38-A01,adopted/pending,C11,Getting started,Offline; external browser unavailable; missing publisher URL before release,color.surface;color.canvas;color.textPrimary;color.textSecondary;color.outlineDecorative;color.icon;color.focus,L04,P01,"Named relationship/result row in S38 body, after identity within its labelled section; trailing chevron only when navigable.",Bundled task help with actual reachable links; no fixture data injection.,Use C11 role/name/state contract; include current record identity where repeated; preserve logical focus and explicit keyboard action.,action_c_s38_a01,Getting started,Primii pași,action-c-s38-a01,"T-C-S38-A01: invoke from S38; test success, cancellation, blocked state and retry against this exact effect."
C:S38-A02,source_action_group,,S38,"Privacy, help and app information",docs/product/ServiceLoop_Conceptual_App_Map_v0_1.md,C:S38-A02,adopted/pending,C11,"Due dates, partial work, and corrections",Offline; external browser unavailable; missing publisher URL before release,color.surface;color.canvas;color.textPrimary;color.textSecondary;color.outlineDecorative;color.icon;color.focus,L04,P01,"Named relationship/result row in S38 body, after identity within its labelled section; trailing chevron only when navigable.",Explain independent outcomes/fulfillment and history rules without changing them.,Use C11 role/name/state contract; include current record identity where repeated; preserve logical focus and explicit keyboard action.,action_c_s38_a02,"Due dates, partial work, and corrections","Scadențe, lucrări parțiale și corecții",action-c-s38-a02,"T-C-S38-A02: invoke from S38; test success, cancellation, blocked state and retry against this exact effect."
C:S38-A03,source_action_group,,S38,"Privacy, help and app information",docs/product/ServiceLoop_Conceptual_App_Map_v0_1.md,C:S38-A03,adopted/pending,C11,Local storage and recovery,Offline; external browser unavailable; missing publisher URL before release,color.surface;color.canvas;color.textPrimary;color.textSecondary;color.outlineDecorative;color.icon;color.focus,L04,P01,"Named relationship/result row in S38 body, after identity within its labelled section; trailing chevron only when navigable.",Save versus backup/export; loss/uninstall/passphrase/same-device limits; one authoritative device.,Use C11 role/name/state contract; include current record identity where repeated; preserve logical focus and explicit keyboard action.,action_c_s38_a03,Local storage and recovery,Stocare locală și recuperare,action-c-s38-a03,"T-C-S38-A03: invoke from S38; test success, cancellation, blocked state and retry against this exact effect."
C:S38-A04,source_action_group,,S38,"Privacy, help and app information",docs/product/ServiceLoop_Conceptual_App_Map_v0_1.md,C:S38-A04,adopted/pending,C11,Permissions and external apps,Offline; external browser unavailable; missing publisher URL before release,color.surface;color.canvas;color.textPrimary;color.textSecondary;color.outlineDecorative;color.icon;color.focus,L04,P01,"Named relationship/result row in S38 body, after identity within its labelled section; trailing chevron only when navigable.",Optional capability and selected-data handoffs; reading help never prompts permissions.,Use C11 role/name/state contract; include current record identity where repeated; preserve logical focus and explicit keyboard action.,action_c_s38_a04,Permissions and external apps,Permisiuni și aplicații externe,action-c-s38-a04,"T-C-S38-A04: invoke from S38; test success, cancellation, blocked state and retry against this exact effect."
C:S38-A05,source_action_group,,S38,"Privacy, help and app information",docs/product/ServiceLoop_Conceptual_App_Map_v0_1.md,C:S38-A05,adopted/pending,C11,Privacy policy,Offline; external browser unavailable; missing publisher URL before release,color.surface;color.canvas;color.textPrimary;color.textSecondary;color.outlineDecorative;color.icon;color.focus,L04,P01,"Named relationship/result row in S38 body, after identity within its labelled section; trailing chevron only when navigable.",Bundled truthful policy plus owner-provided public URL if available; no invented publisher/legal assertion.,Use C11 role/name/state contract; include current record identity where repeated; preserve logical focus and explicit keyboard action.,action_c_s38_a05,Privacy policy,Politica de confidențialitate,action-c-s38-a05,"T-C-S38-A05: invoke from S38; test success, cancellation, blocked state and retry against this exact effect."
C:S38-A06,source_action_group,,S38,"Privacy, help and app information",docs/product/ServiceLoop_Conceptual_App_Map_v0_1.md,C:S38-A06,adopted/pending,C11,What reports contain,Offline; external browser unavailable; missing publisher URL before release,color.surface;color.canvas;color.textPrimary;color.textSecondary;color.outlineDecorative;color.icon;color.focus,L04,P01,"Named relationship/result row in S38 body, after identity within its labelled section; trailing chevron only when navigable.",Public data/photo selection versus private/access notes; no certification or receipt claim.,Use C11 role/name/state contract; include current record identity where repeated; preserve logical focus and explicit keyboard action.,action_c_s38_a06,What reports contain,Ce conțin rapoartele,action-c-s38-a06,"T-C-S38-A06: invoke from S38; test success, cancellation, blocked state and retry against this exact effect."
C:S38-A07,source_action_group,,S38,"Privacy, help and app information",docs/product/ServiceLoop_Conceptual_App_Map_v0_1.md,C:S38-A07,adopted/pending,C11,Accessibility and display,Offline; external browser unavailable; missing publisher URL before release,color.surface;color.canvas;color.textPrimary;color.textSecondary;color.outlineDecorative;color.icon;color.focus,L04,P01,"Named relationship/result row in S38 body, after identity within its labelled section; trailing chevron only when navigable.","System scaling/appearance, labelled controls, text report and reorder alternatives.",Use C11 role/name/state contract; include current record identity where repeated; preserve logical focus and explicit keyboard action.,action_c_s38_a07,Accessibility and display,Accesibilitate și afișare,action-c-s38-a07,"T-C-S38-A07: invoke from S38; test success, cancellation, blocked state and retry against this exact effect."
C:S38-A08,source_action_group,,S38,"Privacy, help and app information",docs/product/ServiceLoop_Conceptual_App_Map_v0_1.md,C:S38-A08,adopted/pending,C10,App information / third-party notices,Offline; external browser unavailable; missing publisher URL before release,color.surfaceSubtle;color.textPrimary;color.textSecondary;color.outlineDecorative,L04,P01,Explicit labelled secondary action in the matching S38 section; infrequent management variants in named More menu per screen composition.,"Actual installed build/format/publisher/notices, not placeholder certification.",Use C10 role/name/state contract; include current record identity where repeated; preserve logical focus and explicit keyboard action.,action_c_s38_a08,App information / third-party notices,Informații aplicație / Mențiuni terți,action-c-s38-a08,"T-C-S38-A08: invoke from S38; test success, cancellation, blocked state and retry against this exact effect."
C:S38-A09,source_action_group,,S38,"Privacy, help and app information",docs/product/ServiceLoop_Conceptual_App_Map_v0_1.md,C:S38-A09,adopted/pending,C07,Copy support details,Offline; external browser unavailable; missing publisher URL before release,color.action;color.focus;color.disabledText;color.surface,L04,P01,Explicit labelled secondary action in the matching S38 section; infrequent management variants in named More menu per screen composition.,"App/OS/capability/error/coarse-storage only; exclude customer content, secrets and identifiers.",Use C07 role/name/state contract; include current record identity where repeated; preserve logical focus and explicit keyboard action.,action_c_s38_a09,Copy support details,Copiază datele pentru suport,action-c-s38-a09,"T-C-S38-A09: invoke from S38; test success, cancellation, blocked state and retry against this exact effect."
C:S39-A01,source_action_group,,S39,Customer report,docs/product/ServiceLoop_Conceptual_App_Map_v0_1.md,C:S39-A01,implemented,C31,Previous page / Next page / Go to page,Draft/current/superseded/void notice/voided original; missing/failed photo/PDF; generating,color.photoMat;color.surface;color.textPrimary;color.textSecondary;color.warningInk;color.errorInk;color.action,L10,P01,"Viewer page-control bar: Previous, page/current total and Go to page, Next.","Navigate actual rendered PDF bounds, label current/total; reject invalid page; error offers Retry/Text view.",Use C31 role/name/state contract; include current record identity where repeated; preserve logical focus and explicit keyboard action.,action_c_s39_a01,Previous page / Next page / Go to page,Pagina anterioară / Pagina următoare / Mergi la pagina,action-c-s39-a01,"T-C-S39-A01: invoke from S39; test success, cancellation, blocked state and retry against this exact effect."
C:S39-A02,source_action_group,,S39,Customer report,docs/product/ServiceLoop_Conceptual_App_Map_v0_1.md,C:S39-A02,adopted/pending (partial control exposed),C31,Zoom in / Zoom out / Fit page,Draft/current/superseded/void notice/voided original; missing/failed photo/PDF; generating,color.photoMat;color.surface;color.textPrimary;color.textSecondary;color.warningInk;color.errorInk;color.action,L10,P01,Explicit labelled secondary action in the matching S39 section; infrequent management variants in named More menu per screen composition.,"Inspect rendered layout; gestures are redundant alternatives, never edit file bytes.",Use C07 role/name/state contract; include current record identity where repeated; preserve logical focus and explicit keyboard action.,action_c_s39_a02,Zoom in / Zoom out / Fit page,Mărește / Micșorează / Încadrează pagina,action-c-s39-a02,"T-C-S39-A02: invoke from S39; test success, cancellation, blocked state and retry against this exact effect."
C:S39-A03,source_action_group,,S39,Customer report,docs/product/ServiceLoop_Conceptual_App_Map_v0_1.md,C:S39-A03,adopted/pending (partial control exposed),C31,Text view / PDF view,Draft/current/superseded/void notice/voided original; missing/failed photo/PDF; generating,color.photoMat;color.surface;color.textPrimary;color.textSecondary;color.warningInk;color.errorInk;color.action,L10,P01,Explicit labelled secondary action in the matching S39 section; infrequent management variants in named More menu per screen composition.,Same public snapshot versus exact retained page; text alternative is not a claim of accessible tagging in the PDF.,Use C31 role/name/state contract; include current record identity where repeated; preserve logical focus and explicit keyboard action.,action_c_s39_a03,Text view / PDF view,Vizualizare text / Vizualizare PDF,action-c-s39-a03,"T-C-S39-A03: invoke from S39; test success, cancellation, blocked state and retry against this exact effect."
C:S39-A04,source_action_group,,S39,Customer report,docs/product/ServiceLoop_Conceptual_App_Map_v0_1.md,C:S39-A04,adopted/pending (partial control exposed),C26,Report version,Draft/current/superseded/void notice/voided original; missing/failed photo/PDF; generating,color.textPrimary;color.textSecondary;color.historyContainer;color.historyInk;color.errorContainer;color.errorInk;color.outlineDecorative,L10,P16,"Named relationship/result row in S39 body, after identity within its labelled section; trailing chevron only when navigable.",Select exact rendition ordered by revision/generation; current/superseded/voided indicators remain visible.,Use C26 role/name/state contract; include current record identity where repeated; preserve logical focus and explicit keyboard action.,action_c_s39_a04,Report version,Versiunea raportului,action-c-s39-a04,"T-C-S39-A04: invoke from S39; test success, cancellation, blocked state and retry against this exact effect."
C:S39-A05,source_action_group,,S39,Customer report,docs/product/ServiceLoop_Conceptual_App_Map_v0_1.md,C:S39-A05,implemented,C07,Save a PDF copy,Draft/current/superseded/void notice/voided original; missing/failed photo/PDF; generating,color.action;color.focus;color.disabledText;color.surface,L10,P01,Explicit labelled secondary action in the matching S39 section; infrequent management variants in named More menu per screen composition.,Final generated version only; exact bytes to chosen destination; failure retains stored original.,Use C07 role/name/state contract; include current record identity where repeated; preserve logical focus and explicit keyboard action.,action_c_s39_a05,Save a PDF copy,Salvează o copie PDF,action-c-s39-a05,"T-C-S39-A05: invoke from S39; test success, cancellation, blocked state and retry against this exact effect."
C:S39-A06,source_action_group,,S39,Customer report,docs/product/ServiceLoop_Conceptual_App_Map_v0_1.md,C:S39-A06,implemented,C07,Share PDF,Draft/current/superseded/void notice/voided original; missing/failed photo/PDF; generating,color.action;color.focus;color.disabledText;color.surface,L10,P01,Explicit labelled secondary action in the matching S39 section; infrequent management variants in named More menu per screen composition.,B-003 blocks ordinary Share of void original; superseded requires warning; valid notice may share. No receipt claim.,Use C07 role/name/state contract; include current record identity where repeated; preserve logical focus and explicit keyboard action.,action_c_s39_a06,Share PDF,Distribuie PDF,action-c-s39-a06,"T-C-S39-A06: invoke from S39; test success, cancellation, blocked state and retry against this exact effect."
C:S39-A07,source_action_group,,S39,Customer report,docs/product/ServiceLoop_Conceptual_App_Map_v0_1.md,C:S39-A07,adopted/pending,C07,Open in another app,Draft/current/superseded/void notice/voided original; missing/failed photo/PDF; generating,color.action;color.focus;color.disabledText;color.surface,L10,P01,Explicit labelled secondary action in the matching S39 section; infrequent management variants in named More menu per screen composition.,Eligible final bytes; absent handler leaves internal PDF/text usable. Not enabled for drafts.,Use C07 role/name/state contract; include current record identity where repeated; preserve logical focus and explicit keyboard action.,action_c_s39_a07,Open in another app,Deschide în altă aplicație,action-c-s39-a07,"T-C-S39-A07: invoke from S39; test success, cancellation, blocked state and retry against this exact effect."
C:S39-A08,source_action_group,,S39,Customer report,docs/product/ServiceLoop_Conceptual_App_Map_v0_1.md,C:S39-A08,adopted/pending,C07,Record handoff note,Draft/current/superseded/void notice/voided original; missing/failed photo/PDF; generating,color.action;color.focus;color.disabledText;color.surface,L10,P01,Explicit labelled secondary action in the matching S39 section; infrequent management variants in named More menu per screen composition.,"Manual result for exact report version, no inferred delivery.",Use C07 role/name/state contract; include current record identity where repeated; preserve logical focus and explicit keyboard action.,action_c_s39_a08,Record handoff note,Înregistrează nota de transmitere,action-c-s39-a08,"T-C-S39-A08: invoke from S39; test success, cancellation, blocked state and retry against this exact effect."
C:S39-A09,source_action_group,,S39,Customer report,docs/product/ServiceLoop_Conceptual_App_Map_v0_1.md,C:S39-A09,implemented,C05,Retry generation / Re-create missing PDF,Draft/current/superseded/void notice/voided original; missing/failed photo/PDF; generating,color.action;color.onAction;color.actionPressed;color.surface;color.outlineControl;color.disabledContainer;color.disabledText;color.focus,L10,P01,Primary footer or current review/section commit named Retry generation / Re-create missing PDF; conditional variants never shown simultaneously as competing primary actions.,New labelled rendition for missing bytes; selected missing photo blocks faithful output unless corrected/recovered.,Use C05 role/name/state contract; include current record identity where repeated; preserve logical focus and explicit keyboard action.,action_c_s39_a09,Retry generation / Re-create missing PDF,Reîncearcă generarea / Recreează PDF lipsă,action-c-s39-a09,"T-C-S39-A09: invoke from S39; test success, cancellation, blocked state and retry against this exact effect."
C:S39-A10,source_action_group,,S39,Customer report,docs/product/ServiceLoop_Conceptual_App_Map_v0_1.md,C:S39-A10,implemented,C07,Back / Return to editing,Draft/current/superseded/void notice/voided original; missing/failed photo/PDF; generating,color.action;color.focus;color.disabledText;color.surface,L10,P01,Toolbar Back/Cancel or safe dialog dismissal; obey exact parent save contract.,Exact final or draft caller; draft mode has no external export path.,Use C07 role/name/state contract; include current record identity where repeated; preserve logical focus and explicit keyboard action.,action_c_s39_a10,Back / Return to editing,Înapoi / Înapoi la editare,action-c-s39-a10,"T-C-S39-A10: invoke from S39; test success, cancellation, blocked state and retry against this exact effect."
C:S40-A01,source_action_group,,S40,History,docs/product/ServiceLoop_Conceptual_App_Map_v0_1.md,C:S40-A01,implemented,C16,Type filter,Global/customer/site/equipment; empty/no-match/error; void/superseded/error-marked notes,color.selection;color.onSelection;color.selectionOutline;color.surface;color.textPrimary;color.outlineControl;color.focus,L08,P03,List/selector controls immediately below top bar and before result count; never a status badge.,All/Service records/Contacts/Follow-ups/Changes within fixed scope.,Use C16 role/name/state contract; include current record identity where repeated; preserve logical focus and explicit keyboard action.,action_c_s40_a01,Type filter,Filtru tip,action-c-s40-a01,"T-C-S40-A01: invoke from S40; test success, cancellation, blocked state and retry against this exact effect."
C:S40-A02,source_action_group,,S40,History,docs/product/ServiceLoop_Conceptual_App_Map_v0_1.md,C:S40-A02,implemented,C30,Date range / Clear,Global/customer/site/equipment; empty/no-match/error; void/superseded/error-marked notes,color.surfaceRaised;color.textPrimary;color.textSecondary;color.action;color.selection;color.outlineControl;color.errorInk;color.focus,L08,P13,Named Date range / Clear field/selector in S40 content order; error directly below; see individual field ledger.,Valid From/To only; no silently accepted reversed range.,Use C30 role/name/state contract; include current record identity where repeated; preserve logical focus and explicit keyboard action.,action_c_s40_a02,Date range / Clear,Interval de date / Șterge,action-c-s40-a02,"T-C-S40-A02: invoke from S40; test success, cancellation, blocked state and retry against this exact effect."
C:S40-A03,source_action_group,,S40,History,docs/product/ServiceLoop_Conceptual_App_Map_v0_1.md,C:S40-A03,implemented,C21,Sort,Global/customer/site/equipment; empty/no-match/error; void/superseded/error-marked notes,color.surfaceRaised;color.textPrimary;color.action;color.outlineDecorative;color.focus;color.disabledText,L08,P12,Explicit labelled secondary action in the matching S40 section; infrequent management variants in named More menu per screen composition.,Event newest/oldest or recorded most recently; distinguish backdated event from recording date.,Use C21 role/name/state contract; include current record identity where repeated; preserve logical focus and explicit keyboard action.,action_c_s40_a03,Sort,Sortare,action-c-s40-a03,"T-C-S40-A03: invoke from S40; test success, cancellation, blocked state and retry against this exact effect."
C:S40-A04,source_action_group,,S40,History,docs/product/ServiceLoop_Conceptual_App_Map_v0_1.md,C:S40-A04,implemented,C17,Search within history,Global/customer/site/equipment; empty/no-match/error; void/superseded/error-marked notes,color.surface;color.textPrimary;color.textSecondary;color.icon;color.outlineDecorative;color.focus,L08,P03,List/selector controls immediately below top bar and before result count; never a status badge.,Local structured/text records in scope; not PDF-byte or photo OCR.,Use C17 role/name/state contract; include current record identity where repeated; preserve logical focus and explicit keyboard action.,action_c_s40_a04,Search within history,Caută în istoric,action-c-s40-a04,"T-C-S40-A04: invoke from S40; test success, cancellation, blocked state and retry against this exact effect."
C:S40-A05,source_action_group,,S40,History,docs/product/ServiceLoop_Conceptual_App_Map_v0_1.md,C:S40-A05,implemented,C26,Entry row,Global/customer/site/equipment; empty/no-match/error; void/superseded/error-marked notes,color.textPrimary;color.textSecondary;color.historyContainer;color.historyInk;color.errorContainer;color.errorInk;color.outlineDecorative,L08,P16,"Named relationship/result row in S40 body, after identity within its labelled section; trailing chevron only when navigable.",Open correct actual record/change route; historical change cannot replay transition.,Use C26 role/name/state contract; include current record identity where repeated; preserve logical focus and explicit keyboard action.,action_c_s40_a05,Entry row,Înregistrare,action-c-s40-a05,"T-C-S40-A05: invoke from S40; test success, cancellation, blocked state and retry against this exact effect."
C:S40-A06,source_action_group,,S40,History,docs/product/ServiceLoop_Conceptual_App_Map_v0_1.md,C:S40-A06,implemented,C07,Record past visit,Global/customer/site/equipment; empty/no-match/error; void/superseded/error-marked notes,color.action;color.focus;color.disabledText;color.surface,L08,P01,Explicit labelled secondary action in the matching S40 section; infrequent management variants in named More menu per screen composition.,"Historical mode/context/date explicitly staged, no automatic current obligation consumption.",Use C07 role/name/state contract; include current record identity where repeated; preserve logical focus and explicit keyboard action.,action_c_s40_a06,Record past visit,Înregistrează vizită trecută,action-c-s40-a06,"T-C-S40-A06: invoke from S40; test success, cancellation, blocked state and retry against this exact effect."
I:X01-A01,source_action_group,,X01,Coordinator tools,app/src/main/java/com/v16studio/serviceloop/ui/DispatchUi.kt,Current source; B-015/adopted supporting behavior,implemented,C11,Open Technician identity,Off/On; office recipient empty/filled/write error,color.surface;color.canvas;color.textPrimary;color.textSecondary;color.outlineDecorative;color.icon;color.focus,L04,P01,"Named relationship/result row in X01 body, after identity within its labelled section; trailing chevron only when navigable.",Identity is separate from report identity; no account requirement.,Use C11 role/name/state contract; include current record identity where repeated; preserve logical focus and explicit keyboard action.,action_i_x01_a01,Open Technician identity,Deschide identitatea tehnicianului,action-i-x01-a01,"T-I-X01-A01: invoke from X01; test success, cancellation, blocked state and retry against this exact effect."
I:X01-A02,source_action_group,,X01,Coordinator tools,app/src/main/java/com/v16studio/serviceloop/ui/DispatchUi.kt,Current source; B-015/adopted supporting behavior,implemented,C14,Coordinator tools,Off/On; office recipient empty/filled/write error,color.action;color.onAction;color.surfaceSubtle;color.outlineControl;color.textPrimary;color.textSecondary;color.errorInk;color.focus,L04,P01,Explicit labelled secondary action in the matching X01 section; infrequent management variants in named More menu per screen composition.,Immediate local preference; Home reacts without restart; no remote work changes.,Use C14 role/name/state contract; include current record identity where repeated; preserve logical focus and explicit keyboard action.,action_i_x01_a02,Coordinator tools,Instrumente de coordonare,action-i-x01-a02,"T-I-X01-A02: invoke from X01; test success, cancellation, blocked state and retry against this exact effect."
I:X01-A03,source_action_group,,X01,Coordinator tools,app/src/main/java/com/v16studio/serviceloop/ui/DispatchUi.kt,Current source; B-015/adopted supporting behavior,implemented,C08,Office report recipient,Off/On; office recipient empty/filled/write error,color.surface;color.textPrimary;color.textSecondary;color.outlineControl;color.focus;color.errorInk;color.disabledContainer;color.disabledText,L04,P04,Named Office report recipient field/selector in X01 content order; error directly below; see individual field ledger.,Optional local email preference; does not send/verify anything on edit.,Use C08 role/name/state contract; include current record identity where repeated; preserve logical focus and explicit keyboard action.,action_i_x01_a03,Office report recipient,Destinatar rapoarte la birou,action-i-x01-a03,"T-I-X01-A03: invoke from X01; test success, cancellation, blocked state and retry against this exact effect."
I:X02-A01,source_action_group,,X02,Technician identity,app/src/main/java/com/v16studio/serviceloop/ui/DispatchUi.kt,Current source; B-015/adopted supporting behavior,implemented,C08,Name,Loading; canonical/legacy ID; rename failed; external handoff,color.surface;color.textPrimary;color.textSecondary;color.outlineControl;color.focus;color.errorInk;color.disabledContainer;color.disabledText,L05,P04,Named Name field/selector in X02 content order; error directly below; see individual field ledger.,"Edit display-name buffer only, stable Technician ID unchanged.",Use C08 role/name/state contract; include current record identity where repeated; preserve logical focus and explicit keyboard action.,action_i_x02_a01,Name,Nume,action-i-x02-a01,"T-I-X02-A01: invoke from X02; test success, cancellation, blocked state and retry against this exact effect."
I:X02-A02,source_action_group,,X02,Technician identity,app/src/main/java/com/v16studio/serviceloop/ui/DispatchUi.kt,Current source; B-015/adopted supporting behavior,implemented,C05,Save name,Loading; canonical/legacy ID; rename failed; external handoff,color.action;color.onAction;color.actionPressed;color.surface;color.outlineControl;color.disabledContainer;color.disabledText;color.focus,L05,P01,Primary footer or current review/section commit named Save name; conditional variants never shown simultaneously as competing primary actions.,Commit nonblank name; old stable identity persists.,Use C05 role/name/state contract; include current record identity where repeated; preserve logical focus and explicit keyboard action.,action_i_x02_a02,Save name,Salvează numele,action-i-x02-a02,"T-I-X02-A02: invoke from X02; test success, cancellation, blocked state and retry against this exact effect."
I:X02-A03,source_action_group,,X02,Technician identity,app/src/main/java/com/v16studio/serviceloop/ui/DispatchUi.kt,Current source; B-015/adopted supporting behavior,implemented,C07,Copy ID,Loading; canonical/legacy ID; rename failed; external handoff,color.action;color.focus;color.disabledText;color.surface,L05,P01,Explicit labelled secondary action in the matching X02 section; infrequent management variants in named More menu per screen composition.,"Copy actual routing ID, not a password/authentication token.",Use C07 role/name/state contract; include current record identity where repeated; preserve logical focus and explicit keyboard action.,action_i_x02_a03,Copy ID,Copiază ID-ul,action-i-x02-a03,"T-I-X02-A03: invoke from X02; test success, cancellation, blocked state and retry against this exact effect."
I:X02-A04,source_action_group,,X02,Technician identity,app/src/main/java/com/v16studio/serviceloop/ui/DispatchUi.kt,Current source; B-015/adopted supporting behavior,implemented,C07,Share identity,Loading; canonical/legacy ID; rename failed; external handoff,color.action;color.focus;color.disabledText;color.surface,L05,P01,Explicit labelled secondary action in the matching X02 section; infrequent management variants in named More menu per screen composition.,Create bounded .sltech and launch chooser; no receipt assertion.,Use C07 role/name/state contract; include current record identity where repeated; preserve logical focus and explicit keyboard action.,action_i_x02_a04,Share identity,Distribuie identitatea,action-i-x02-a04,"T-I-X02-A04: invoke from X02; test success, cancellation, blocked state and retry against this exact effect."
I:X03-A01,source_action_group,,X03,Technicians,app/src/main/java/com/v16studio/serviceloop/ui/DispatchUi.kt,Current source; B-015/adopted supporting behavior,implemented,C07,Import .sltech,Empty; import invalid; canonical/legacy; same-ID name change,color.action;color.focus;color.disabledText;color.surface,L03,P01,Explicit labelled secondary action in the matching X03 section; infrequent management variants in named More menu per screen composition.,System document picker; bounded valid identity decode; no silent conflicting-name replacement.,Use C07 role/name/state contract; include current record identity where repeated; preserve logical focus and explicit keyboard action.,action_i_x03_a01,Import .sltech,Importă .sltech,action-i-x03-a01,"T-I-X03-A01: invoke from X03; test success, cancellation, blocked state and retry against this exact effect."
I:X03-A02,source_action_group,,X03,Technicians,app/src/main/java/com/v16studio/serviceloop/ui/DispatchUi.kt,Current source; B-015/adopted supporting behavior,implemented,C08,Technician ID,Empty; import invalid; canonical/legacy; same-ID name change,color.surface;color.textPrimary;color.textSecondary;color.outlineControl;color.focus;color.errorInk;color.disabledContainer;color.disabledText,L03,P04,Named Technician ID field/selector in X03 content order; error directly below; see individual field ledger.,Manual canonical checksum-valid ID; legacy file identities retained without renumbering.,Use C08 role/name/state contract; include current record identity where repeated; preserve logical focus and explicit keyboard action.,action_i_x03_a02,Technician ID,ID tehnician,action-i-x03-a02,"T-I-X03-A02: invoke from X03; test success, cancellation, blocked state and retry against this exact effect."
I:X03-A03,source_action_group,,X03,Technicians,app/src/main/java/com/v16studio/serviceloop/ui/DispatchUi.kt,Current source; B-015/adopted supporting behavior,implemented,C08,Name,Empty; import invalid; canonical/legacy; same-ID name change,color.surface;color.textPrimary;color.textSecondary;color.outlineControl;color.focus;color.errorInk;color.disabledContainer;color.disabledText,L03,P04,Named Name field/selector in X03 content order; error directly below; see individual field ledger.,"Plain display name, not authenticated real-world identity.",Use C08 role/name/state contract; include current record identity where repeated; preserve logical focus and explicit keyboard action.,action_i_x03_a03,Name,Nume,action-i-x03-a03,"T-I-X03-A03: invoke from X03; test success, cancellation, blocked state and retry against this exact effect."
I:X03-A04,source_action_group,,X03,Technicians,app/src/main/java/com/v16studio/serviceloop/ui/DispatchUi.kt,Current source; B-015/adopted supporting behavior,implemented,C05,Add manually,Empty; import invalid; canonical/legacy; same-ID name change,color.action;color.onAction;color.actionPressed;color.surface;color.outlineControl;color.disabledContainer;color.disabledText;color.focus,L03,P01,Primary footer or current review/section commit named Add manually; conditional variants never shown simultaneously as competing primary actions.,Validate ID/name; same-ID different-name review; failure retains buffers.,Use C05 role/name/state contract; include current record identity where repeated; preserve logical focus and explicit keyboard action.,action_i_x03_a04,Add manually,Adaugă manual,action-i-x03-a04,"T-I-X03-A04: invoke from X03; test success, cancellation, blocked state and retry against this exact effect."
I:X03-A05,source_action_group,,X03,Technicians,app/src/main/java/com/v16studio/serviceloop/ui/DispatchUi.kt,Current source; B-015/adopted supporting behavior,implemented,C20,Open rename review,Empty; import invalid; canonical/legacy; same-ID name change,color.surfaceRaised;color.textPrimary;color.textSecondary;color.action;color.errorInk;color.destructive;color.onDestructive;color.focus,L03,P10,Explicit labelled secondary action in the matching X03 section; infrequent management variants in named More menu per screen composition.,Keep old or deliberately update incoming name for same ID.,Use C20 role/name/state contract; include current record identity where repeated; preserve logical focus and explicit keyboard action.,action_i_x03_a05,Open rename review,Revizuiește schimbarea numelui,action-i-x03-a05,"T-I-X03-A05: invoke from X03; test success, cancellation, blocked state and retry against this exact effect."
I:X04-A01,source_action_group,,X04,Teams,app/src/main/java/com/v16studio/serviceloop/ui/DispatchUi.kt,Current source; B-015/adopted supporting behavior,implemented,C08,New team name,Empty; nonmember/member/leader; update in flight/failure,color.surface;color.textPrimary;color.textSecondary;color.outlineControl;color.focus;color.errorInk;color.disabledContainer;color.disabledText,L04,P04,Named New team name field/selector in X04 content order; error directly below; see individual field ledger.,"Local team-name buffer, no membership change.",Use C08 role/name/state contract; include current record identity where repeated; preserve logical focus and explicit keyboard action.,action_i_x04_a01,New team name,Nume echipă nouă,action-i-x04-a01,"T-I-X04-A01: invoke from X04; test success, cancellation, blocked state and retry against this exact effect."
I:X04-A02,source_action_group,,X04,Teams,app/src/main/java/com/v16studio/serviceloop/ui/DispatchUi.kt,Current source; B-015/adopted supporting behavior,implemented,C05,Create team,Empty; nonmember/member/leader; update in flight/failure,color.action;color.onAction;color.actionPressed;color.surface;color.outlineControl;color.disabledContainer;color.disabledText;color.focus,L04,P01,Primary footer or current review/section commit named Create team; conditional variants never shown simultaneously as competing primary actions.,Save valid local team then clear buffer on success only.,Use C05 role/name/state contract; include current record identity where repeated; preserve logical focus and explicit keyboard action.,action_i_x04_a02,Create team,Creează echipa,action-i-x04-a02,"T-I-X04-A02: invoke from X04; test success, cancellation, blocked state and retry against this exact effect."
I:X04-A03,source_action_group,,X04,Teams,app/src/main/java/com/v16studio/serviceloop/ui/DispatchUi.kt,Current source; B-015/adopted supporting behavior,implemented,C13,Member per technician,Empty; nonmember/member/leader; update in flight/failure,color.action;color.onAction;color.outlineControl;color.textPrimary;color.textSecondary;color.focus;color.disabledText,L04,P04,Labelled choice/selection group named Member per technician in X04; option toggles retain group/parent context.,Immediate membership write; removing membership removes leader relation for that membership.,Use C13 role/name/state contract; include current record identity where repeated; preserve logical focus and explicit keyboard action.,action_i_x04_a03,Member per technician,Membru: fiecare tehnician,action-i-x04-a03,"T-I-X04-A03: invoke from X04; test success, cancellation, blocked state and retry against this exact effect."
I:X04-A04,source_action_group,,X04,Teams,app/src/main/java/com/v16studio/serviceloop/ui/DispatchUi.kt,Current source; B-015/adopted supporting behavior,implemented,C13,Leader per technician,Empty; nonmember/member/leader; update in flight/failure,color.action;color.onAction;color.outlineControl;color.textPrimary;color.textSecondary;color.focus;color.disabledText,L04,P04,Labelled choice/selection group named Leader per technician in X04; option toggles retain group/parent context.,"Enabled only for members; multiple leaders supported, never assume one.",Use C13 role/name/state contract; include current record identity where repeated; preserve logical focus and explicit keyboard action.,action_i_x04_a04,Leader per technician,Lider: fiecare tehnician,action-i-x04-a04,"T-I-X04-A04: invoke from X04; test success, cancellation, blocked state and retry against this exact effect."
I:X05-A01,source_action_group,,X05,Outbox,app/src/main/java/com/v16studio/serviceloop/ui/DispatchCoordinatorUiV2.kt,Current source; B-015/adopted supporting behavior,implemented,C05,New visit,Empty/no results; selected/unselected; Draft/Dispatched/Concluded; mixed/ineligible,color.action;color.onAction;color.actionPressed;color.surface;color.outlineControl;color.disabledContainer;color.disabledText;color.focus,L03,P01,Top bar New visit; below bar at narrow/large type.,"Open dedicated unsaved Dispatch editor, not normal planner visit.",Use C05 role/name/state contract; include current record identity where repeated; preserve logical focus and explicit keyboard action.,action_i_x05_a01,New visit,Vizită nouă,action-i-x05-a01,"T-I-X05-A01: invoke from X05; test success, cancellation, blocked state and retry against this exact effect."
I:X05-A02,source_action_group,,X05,Outbox,app/src/main/java/com/v16studio/serviceloop/ui/DispatchCoordinatorUiV2.kt,Current source; B-015/adopted supporting behavior,implemented,C17,Search / Clear,Empty/no results; selected/unselected; Draft/Dispatched/Concluded; mixed/ineligible,color.surface;color.textPrimary;color.textSecondary;color.icon;color.outlineDecorative;color.focus,L03,P03,Full-width search below toolbar.,Customer/site/reference filtering; selection intersects visible IDs.,Use C17 role/name/state contract; include current record identity where repeated; preserve logical focus and explicit keyboard action.,action_i_x05_a02,Search / Clear,Caută / Șterge,action-i-x05-a02,"T-I-X05-A02: invoke from X05; test success, cancellation, blocked state and retry against this exact effect."
I:X05-A03,source_action_group,,X05,Outbox,app/src/main/java/com/v16studio/serviceloop/ui/DispatchCoordinatorUiV2.kt,Current source; B-015/adopted supporting behavior,implemented,C16,Status filter,Empty/no results; selected/unselected; Draft/Dispatched/Concluded; mixed/ineligible,color.selection;color.onSelection;color.selectionOutline;color.surface;color.textPrimary;color.outlineControl;color.focus,L03,P03,Left status filter below search.,Active/Draft/Dispatched/Concluded/All; no state mutation.,Use C16 role/name/state contract; include current record identity where repeated; preserve logical focus and explicit keyboard action.,action_i_x05_a03,Status filter,Filtru stare,action-i-x05-a03,"T-I-X05-A03: invoke from X05; test success, cancellation, blocked state and retry against this exact effect."
I:X05-A04,source_action_group,,X05,Outbox,app/src/main/java/com/v16studio/serviceloop/ui/DispatchCoordinatorUiV2.kt,Current source; B-015/adopted supporting behavior,implemented,C30,Date filter / custom from-through,Empty/no results; selected/unselected; Draft/Dispatched/Concluded; mixed/ineligible,color.surfaceRaised;color.textPrimary;color.textSecondary;color.action;color.selection;color.outlineControl;color.errorInk;color.focus,L03,P13,Right date filter; custom range in its selector.,Today/Tomorrow/ISO week/next7/custom/all; malformed range gets explicit field error.,Use C30 role/name/state contract; include current record identity where repeated; preserve logical focus and explicit keyboard action.,action_i_x05_a04,Date filter / custom from-through,Filtru dată / de la-până la,action-i-x05-a04,"T-I-X05-A04: invoke from X05; test success, cancellation, blocked state and retry against this exact effect."
I:X05-A05,source_action_group,,X05,Outbox,app/src/main/java/com/v16studio/serviceloop/ui/DispatchCoordinatorUiV2.kt,Current source; B-015/adopted supporting behavior,implemented,C13,Select visit checkbox,Empty/no results; selected/unselected; Draft/Dispatched/Concluded; mixed/ineligible,color.action;color.onAction;color.outlineControl;color.textPrimary;color.textSecondary;color.focus;color.disabledText,L03,P07,Independent leading48dp checkbox target in each visit card.,Toggle only selection; body remains open action even while selected.,Use C13 role/name/state contract; include current record identity where repeated; preserve logical focus and explicit keyboard action.,action_i_x05_a05,Select visit checkbox,Selectează vizita,action-i-x05-a05,"T-I-X05-A05: invoke from X05; test success, cancellation, blocked state and retry against this exact effect."
I:X05-A06,source_action_group,,X05,Outbox,app/src/main/java/com/v16studio/serviceloop/ui/DispatchCoordinatorUiV2.kt,Current source; B-015/adopted supporting behavior,implemented,C11,Open visit body,Empty/no results; selected/unselected; Draft/Dispatched/Concluded; mixed/ineligible,color.surface;color.canvas;color.textPrimary;color.textSecondary;color.outlineDecorative;color.icon;color.focus,L03,P01,Remaining card body; open even while selected.,Navigate editor/read-only Concluded; never implicitly select.,Use C11 role/name/state contract; include current record identity where repeated; preserve logical focus and explicit keyboard action.,action_i_x05_a06,Open visit body,Deschide vizita,action-i-x05-a06,"T-I-X05-A06: invoke from X05; test success, cancellation, blocked state and retry against this exact effect."
I:X05-A07,source_action_group,,X05,Outbox,app/src/main/java/com/v16studio/serviceloop/ui/DispatchCoordinatorUiV2.kt,Current source; B-015/adopted supporting behavior,implemented,C07,Select all shown / Deselect all shown,Empty/no results; selected/unselected; Draft/Dispatched/Concluded; mixed/ineligible,color.action;color.focus;color.disabledText;color.surface,L03,P01,Count header trailing Select all shown/Deselect all shown.,Only currently visible; hidden records never targeted.,Use C07 role/name/state contract; include current record identity where repeated; preserve logical focus and explicit keyboard action.,action_i_x05_a07,Select all shown / Deselect all shown,Selectează toate afișate / Deselectează toate afișate,action-i-x05-a07,"T-I-X05-A07: invoke from X05; test success, cancellation, blocked state and retry against this exact effect."
I:X05-A08,source_action_group,,X05,Outbox,app/src/main/java/com/v16studio/serviceloop/ui/DispatchCoordinatorUiV2.kt,Current source; B-015/adopted supporting behavior,implemented,C07,Clear selection,Empty/no results; selected/unselected; Draft/Dispatched/Concluded; mixed/ineligible,color.action;color.focus;color.disabledText;color.surface,L03,P01,Selection footer first row trailing Clear.,"Clear selected IDs only, not filters/data.",Use C07 role/name/state contract; include current record identity where repeated; preserve logical focus and explicit keyboard action.,action_i_x05_a08,Clear selection,Șterge selecția,action-i-x05-a08,"T-I-X05-A08: invoke from X05; test success, cancellation, blocked state and retry against this exact effect."
I:X05-A09,source_action_group,,X05,Outbox,app/src/main/java/com/v16studio/serviceloop/ui/DispatchCoordinatorUiV2.kt,Current source; B-015/adopted supporting behavior,implemented,C05,Export selected,Empty/no results; selected/unselected; Draft/Dispatched/Concluded; mixed/ineligible,color.action;color.onAction;color.actionPressed;color.surface;color.outlineControl;color.disabledContainer;color.disabledText;color.focus,L03,P01,Selection footer primary Export(N).,"Whole selection must be Draft/Dispatched, nonempty items and<=100; no silent partial export.",Use C05 role/name/state contract; include current record identity where repeated; preserve logical focus and explicit keyboard action.,action_i_x05_a09,Export selected,Exportă selecția,action-i-x05-a09,"T-I-X05-A09: invoke from X05; test success, cancellation, blocked state and retry against this exact effect."
I:X05-A10,source_action_group,,X05,Outbox,app/src/main/java/com/v16studio/serviceloop/ui/DispatchCoordinatorUiV2.kt,Current source; B-015/adopted supporting behavior,implemented actions / proposed menu grouping,C21,More selection actions,Empty/no results; selected/unselected; Draft/Dispatched/Concluded; mixed/ineligible,color.surfaceRaised;color.textPrimary;color.action;color.outlineDecorative;color.focus;color.disabledText,L03,P12,Selection footer trailing48dp More.,Expose eligible homogeneous Conclude/Reopen or explain mixed scope; no fabricated delete.,Use C21 role/name/state contract; include current record identity where repeated; preserve logical focus and explicit keyboard action.,action_i_x05_a10,More selection actions,Mai multe acțiuni pentru selecție,action-i-x05-a10,"T-I-X05-A10: invoke from X05; test success, cancellation, blocked state and retry against this exact effect."
I:X05-A11,source_action_group,,X05,Outbox,app/src/main/java/com/v16studio/serviceloop/ui/DispatchCoordinatorUiV2.kt,Current source; B-015/adopted supporting behavior,implemented,C05,Mark concluded,Empty/no results; selected/unselected; Draft/Dispatched/Concluded; mixed/ineligible,color.action;color.onAction;color.actionPressed;color.surface;color.outlineControl;color.disabledContainer;color.disabledText;color.focus,L03,P01,More → Mark concluded when all Dispatched.,All Dispatched only; coordinator-local closure with confirmation.,Use C05 role/name/state contract; include current record identity where repeated; preserve logical focus and explicit keyboard action.,action_i_x05_a11,Mark concluded,Marchează ca încheiate,action-i-x05-a11,"T-I-X05-A11: invoke from X05; test success, cancellation, blocked state and retry against this exact effect."
I:X05-A12,source_action_group,,X05,Outbox,app/src/main/java/com/v16studio/serviceloop/ui/DispatchCoordinatorUiV2.kt,Current source; B-015/adopted supporting behavior,implemented,C05,Reopen,Empty/no results; selected/unselected; Draft/Dispatched/Concluded; mixed/ineligible,color.action;color.onAction;color.actionPressed;color.surface;color.outlineControl;color.disabledContainer;color.disabledText;color.focus,L03,P01,More → Reopen when all Concluded.,"All Concluded only; retain export history/generation, return Dispatched.",Use C05 role/name/state contract; include current record identity where repeated; preserve logical focus and explicit keyboard action.,action_i_x05_a12,Reopen,Redeschide,action-i-x05-a12,"T-I-X05-A12: invoke from X05; test success, cancellation, blocked state and retry against this exact effect."
I:X06-A01,source_action_group,,X06,Dispatch visit editor,app/src/main/java/com/v16studio/serviceloop/ui/DispatchCoordinatorUiV2.kt,Current source; B-015/adopted supporting behavior,implemented,C09,Customer & site picker,New/Draft/Dispatched; itemless draft; Concluded read-only; dirty/error/stale,color.surface;color.textPrimary;color.textSecondary;color.icon;color.outlineDecorative;color.outlineControl;color.focus;color.errorInk,L05,P01,Named Customer & site picker field/selector in X06 content order; error directly below; see individual field ledger.,Choose actual site; staged work invalidation gets named confirmation.,Use C09 role/name/state contract; include current record identity where repeated; preserve logical focus and explicit keyboard action.,action_i_x06_a01,Customer & site picker,Selector client și locație,action-i-x06-a01,"T-I-X06-A01: invoke from X06; test success, cancellation, blocked state and retry against this exact effect."
I:X06-A02,source_action_group,,X06,Dispatch visit editor,app/src/main/java/com/v16studio/serviceloop/ui/DispatchCoordinatorUiV2.kt,Current source; B-015/adopted supporting behavior,implemented,C30,Service date,New/Draft/Dispatched; itemless draft; Concluded read-only; dirty/error/stale,color.surfaceRaised;color.textPrimary;color.textSecondary;color.action;color.selection;color.outlineControl;color.errorInk;color.focus,L05,P13,Named Service date field/selector in X06 content order; error directly below; see individual field ledger.,Valid date; do not reinterpret business-zone semantics through formatting.,Use C30 role/name/state contract; include current record identity where repeated; preserve logical focus and explicit keyboard action.,action_i_x06_a02,Service date,Data serviciului,action-i-x06-a02,"T-I-X06-A02: invoke from X06; test success, cancellation, blocked state and retry against this exact effect."
I:X06-A03,source_action_group,,X06,Dispatch visit editor,app/src/main/java/com/v16studio/serviceloop/ui/DispatchCoordinatorUiV2.kt,Current source; B-015/adopted supporting behavior,implemented,C30,Appointment time / Clear,New/Draft/Dispatched; itemless draft; Concluded read-only; dirty/error/stale,color.surfaceRaised;color.textPrimary;color.textSecondary;color.action;color.selection;color.outlineControl;color.errorInk;color.focus,L05,P13,Named Appointment time / Clear field/selector in X06 content order; error directly below; see individual field ledger.,"Optional explicit local time; blank is date-only, not midnight.",Use C30 role/name/state contract; include current record identity where repeated; preserve logical focus and explicit keyboard action.,action_i_x06_a03,Appointment time / Clear,Ora programării / Șterge,action-i-x06-a03,"T-I-X06-A03: invoke from X06; test success, cancellation, blocked state and retry against this exact effect."
I:X06-A04,source_action_group,,X06,Dispatch visit editor,app/src/main/java/com/v16studio/serviceloop/ui/DispatchCoordinatorUiV2.kt,Current source; B-015/adopted supporting behavior,implemented,C30,Time zone / Change,New/Draft/Dispatched; itemless draft; Concluded read-only; dirty/error/stale,color.surfaceRaised;color.textPrimary;color.textSecondary;color.action;color.selection;color.outlineControl;color.errorInk;color.focus,L05,P13,Named Time zone / Change field/selector in X06 content order; error directly below; see individual field ledger.,"Valid IANA ZoneId; display readable zone, retain stored meaning.",Use C30 role/name/state contract; include current record identity where repeated; preserve logical focus and explicit keyboard action.,action_i_x06_a04,Time zone / Change,Fus orar / Schimbă,action-i-x06-a04,"T-I-X06-A04: invoke from X06; test success, cancellation, blocked state and retry against this exact effect."
I:X06-A05,source_action_group,,X06,Dispatch visit editor,app/src/main/java/com/v16studio/serviceloop/ui/DispatchCoordinatorUiV2.kt,Current source; B-015/adopted supporting behavior,implemented,C09,Teams picker,New/Draft/Dispatched; itemless draft; Concluded read-only; dirty/error/stale,color.surface;color.textPrimary;color.textSecondary;color.icon;color.outlineDecorative;color.outlineControl;color.focus;color.errorInk,L05,P01,Named Teams picker field/selector in X06 content order; error directly below; see individual field ledger.,Stage teams; block removal when item assignees become invalid.,Use C09 role/name/state contract; include current record identity where repeated; preserve logical focus and explicit keyboard action.,action_i_x06_a05,Teams picker,Selector echipe,action-i-x06-a05,"T-I-X06-A05: invoke from X06; test success, cancellation, blocked state and retry against this exact effect."
I:X06-A06,source_action_group,,X06,Dispatch visit editor,app/src/main/java/com/v16studio/serviceloop/ui/DispatchCoordinatorUiV2.kt,Current source; B-015/adopted supporting behavior,implemented,C07,Add work,New/Draft/Dispatched; itemless draft; Concluded read-only; dirty/error/stale,color.action;color.focus;color.disabledText;color.surface,L05,P01,Explicit labelled secondary action in the matching X06 section; infrequent management variants in named More menu per screen composition.,Need selected site; open child item editor; no persistent item until parent Save.,Use C07 role/name/state contract; include current record identity where repeated; preserve logical focus and explicit keyboard action.,action_i_x06_a06,Add work,Adaugă lucrare,action-i-x06-a06,"T-I-X06-A06: invoke from X06; test success, cancellation, blocked state and retry against this exact effect."
I:X06-A07,source_action_group,,X06,Dispatch visit editor,app/src/main/java/com/v16studio/serviceloop/ui/DispatchCoordinatorUiV2.kt,Current source; B-015/adopted supporting behavior,implemented,C11,Open/edit work item,New/Draft/Dispatched; itemless draft; Concluded read-only; dirty/error/stale,color.surface;color.canvas;color.textPrimary;color.textSecondary;color.outlineDecorative;color.icon;color.focus,L05,P01,"Named relationship/result row in X06 body, after identity within its labelled section; trailing chevron only when navigable.",Stage same dispatchItemId changes; preserve assignment semantics.,Use C11 role/name/state contract; include current record identity where repeated; preserve logical focus and explicit keyboard action.,action_i_x06_a07,Open/edit work item,Deschide/editează lucrarea,action-i-x06-a07,"T-I-X06-A07: invoke from X06; test success, cancellation, blocked state and retry against this exact effect."
I:X06-A08,source_action_group,,X06,Dispatch visit editor,app/src/main/java/com/v16studio/serviceloop/ui/DispatchCoordinatorUiV2.kt,Current source; B-015/adopted supporting behavior,implemented,C07,Remove work item,New/Draft/Dispatched; itemless draft; Concluded read-only; dirty/error/stale,color.action;color.focus;color.disabledText;color.surface,L05,P01,Explicit labelled secondary action in the matching X06 section; infrequent management variants in named More menu per screen composition.,Remove only selected staged item; parent Save still governs persistence.,Use C07 role/name/state contract; include current record identity where repeated; preserve logical focus and explicit keyboard action.,action_i_x06_a08,Remove work item,Elimină lucrarea,action-i-x06-a08,"T-I-X06-A08: invoke from X06; test success, cancellation, blocked state and retry against this exact effect."
I:X06-A09,source_action_group,,X06,Dispatch visit editor,app/src/main/java/com/v16studio/serviceloop/ui/DispatchCoordinatorUiV2.kt,Current source; B-015/adopted supporting behavior,implemented fields / proposed grouping,C29,Reference & instructions expansion,New/Draft/Dispatched; itemless draft; Concluded read-only; dirty/error/stale,color.textPrimary;color.textSecondary;color.icon;color.outlineDecorative;color.focus,L05,P01,Explicit labelled secondary action in the matching X06 section; infrequent management variants in named More menu per screen composition.,Display optional fields with retained values; collapse never clears.,Use C29 role/name/state contract; include current record identity where repeated; preserve logical focus and explicit keyboard action.,action_i_x06_a09,Reference & instructions expansion,Extindere referință și instrucțiuni,action-i-x06-a09,"T-I-X06-A09: invoke from X06; test success, cancellation, blocked state and retry against this exact effect."
I:X06-A10,source_action_group,,X06,Dispatch visit editor,app/src/main/java/com/v16studio/serviceloop/ui/DispatchCoordinatorUiV2.kt,Current source; B-015/adopted supporting behavior,implemented,C08,Reference,New/Draft/Dispatched; itemless draft; Concluded read-only; dirty/error/stale,color.surface;color.textPrimary;color.textSecondary;color.outlineControl;color.focus;color.errorInk;color.disabledContainer;color.disabledText,L05,P04,Named Reference field/selector in X06 content order; error directly below; see individual field ledger.,Optional manager reference for this Dispatch definition.,Use C08 role/name/state contract; include current record identity where repeated; preserve logical focus and explicit keyboard action.,action_i_x06_a10,Reference,Referință,action-i-x06-a10,"T-I-X06-A10: invoke from X06; test success, cancellation, blocked state and retry against this exact effect."
I:X06-A11,source_action_group,,X06,Dispatch visit editor,app/src/main/java/com/v16studio/serviceloop/ui/DispatchCoordinatorUiV2.kt,Current source; B-015/adopted supporting behavior,implemented,C23,Instructions,New/Draft/Dispatched; itemless draft; Concluded read-only; dirty/error/stale,color.surface;color.textPrimary;color.textSecondary;color.outlineControl;color.focus;color.errorInk,L05,P06,Named Instructions field/selector in X06 content order; error directly below; see individual field ledger.,Plaintext included in package; not a private-only note field.,Use C23 role/name/state contract; include current record identity where repeated; preserve logical focus and explicit keyboard action.,action_i_x06_a11,Instructions,Instrucțiuni,action-i-x06-a11,"T-I-X06-A11: invoke from X06; test success, cancellation, blocked state and retry against this exact effect."
I:X06-A12,source_action_group,,X06,Dispatch visit editor,app/src/main/java/com/v16studio/serviceloop/ui/DispatchCoordinatorUiV2.kt,Current source; B-015/adopted supporting behavior,implemented,C05,Save draft / Save changes,New/Draft/Dispatched; itemless draft; Concluded read-only; dirty/error/stale,color.action;color.onAction;color.actionPressed;color.surface;color.outlineControl;color.disabledContainer;color.disabledText;color.focus,L05,P01,Primary footer or current review/section commit named Save draft / Save changes; conditional variants never shown simultaneously as competing primary actions.,Validate site/teams/people/date/time/zone/current freshness; atomically write parent/items/assignees.,Use C05 role/name/state contract; include current record identity where repeated; preserve logical focus and explicit keyboard action.,action_i_x06_a12,Save draft / Save changes,Salvează ciorna / Salvează modificările,action-i-x06-a12,"T-I-X06-A12: invoke from X06; test success, cancellation, blocked state and retry against this exact effect."
I:X06-A13,source_action_group,,X06,Dispatch visit editor,app/src/main/java/com/v16studio/serviceloop/ui/DispatchCoordinatorUiV2.kt,Current source; B-015/adopted supporting behavior,implemented,C05,Mark concluded,New/Draft/Dispatched; itemless draft; Concluded read-only; dirty/error/stale,color.action;color.onAction;color.actionPressed;color.surface;color.outlineControl;color.disabledContainer;color.disabledText;color.focus,L05,P01,Primary footer or current review/section commit named Mark concluded; conditional variants never shown simultaneously as competing primary actions.,Dispatched and clean only; preserve export evidence; contextual confirmation.,Use C05 role/name/state contract; include current record identity where repeated; preserve logical focus and explicit keyboard action.,action_i_x06_a13,Mark concluded,Marchează ca încheiată,action-i-x06-a13,"T-I-X06-A13: invoke from X06; test success, cancellation, blocked state and retry against this exact effect."
I:X06-A14,source_action_group,,X06,Dispatch visit editor,app/src/main/java/com/v16studio/serviceloop/ui/DispatchCoordinatorUiV2.kt,Current source; B-015/adopted supporting behavior,implemented,C05,Reopen,New/Draft/Dispatched; itemless draft; Concluded read-only; dirty/error/stale,color.action;color.onAction;color.actionPressed;color.surface;color.outlineControl;color.disabledContainer;color.disabledText;color.focus,L05,P01,Primary footer or current review/section commit named Reopen; conditional variants never shown simultaneously as competing primary actions.,Concluded readonly to Dispatched; reload editor without generation reset.,Use C05 role/name/state contract; include current record identity where repeated; preserve logical focus and explicit keyboard action.,action_i_x06_a14,Reopen,Redeschide,action-i-x06-a14,"T-I-X06-A14: invoke from X06; test success, cancellation, blocked state and retry against this exact effect."
I:X06-A15,source_action_group,,X06,Dispatch visit editor,app/src/main/java/com/v16studio/serviceloop/ui/DispatchCoordinatorUiV2.kt,Current source; B-015/adopted supporting behavior,implemented,C20,Back / Keep editing / Discard changes,New/Draft/Dispatched; itemless draft; Concluded read-only; dirty/error/stale,color.surfaceRaised;color.textPrimary;color.textSecondary;color.action;color.errorInk;color.destructive;color.onDestructive;color.focus,L05,P10,Toolbar Back/Cancel or safe dialog dismissal; obey exact parent save contract.,Guard unsaved parent staging; no data mutation on open/cancel.,Use C20 role/name/state contract; include current record identity where repeated; preserve logical focus and explicit keyboard action.,action_i_x06_a15,Back / Keep editing / Discard changes,Înapoi / Continuă editarea / Renunță la modificări,action-i-x06-a15,"T-I-X06-A15: invoke from X06; test success, cancellation, blocked state and retry against this exact effect."
I:X07-A01,source_action_group,,X07,Dispatch site selection,app/src/main/java/com/v16studio/serviceloop/ui/DispatchCoordinatorUiV2.kt,Current source; B-015/adopted supporting behavior,implemented,C17,Search site/customer/address,Loading; source empty/no match; selected; pending site-change loss guard,color.surface;color.textPrimary;color.textSecondary;color.icon;color.outlineDecorative;color.focus,L11,P03,List/selector controls immediately below top bar and before result count; never a status badge.,Filter actual eligible source records.,Use C17 role/name/state contract; include current record identity where repeated; preserve logical focus and explicit keyboard action.,action_i_x07_a01,Search site/customer/address,Caută locație/client/adresă,action-i-x07-a01,"T-I-X07-A01: invoke from X07; test success, cancellation, blocked state and retry against this exact effect."
I:X07-A02,source_action_group,,X07,Dispatch site selection,app/src/main/java/com/v16studio/serviceloop/ui/DispatchCoordinatorUiV2.kt,Current source; B-015/adopted supporting behavior,implemented,C11,Select site,Loading; source empty/no match; selected; pending site-change loss guard,color.surface;color.canvas;color.textPrimary;color.textSecondary;color.outlineDecorative;color.icon;color.focus,L11,P01,"Named relationship/result row in X07 body, after identity within its labelled section; trailing chevron only when navigable.",Return one site ID; parent owns invalidation confirmation.,Use C11 role/name/state contract; include current record identity where repeated; preserve logical focus and explicit keyboard action.,action_i_x07_a02,Select site,Selectează locația,action-i-x07-a02,"T-I-X07-A02: invoke from X07; test success, cancellation, blocked state and retry against this exact effect."
I:X07-A03,source_action_group,,X07,Dispatch site selection,app/src/main/java/com/v16studio/serviceloop/ui/DispatchCoordinatorUiV2.kt,Current source; B-015/adopted supporting behavior,implemented,C07,Cancel,Loading; source empty/no match; selected; pending site-change loss guard,color.action;color.focus;color.disabledText;color.surface,L11,P01,Toolbar Back/Cancel or safe dialog dismissal; obey exact parent save contract.,Keep previous parent selection.,Use C07 role/name/state contract; include current record identity where repeated; preserve logical focus and explicit keyboard action.,action_i_x07_a03,Cancel,Renunță,action-i-x07-a03,"T-I-X07-A03: invoke from X07; test success, cancellation, blocked state and retry against this exact effect."
I:X08-A01,source_action_group,,X08,Dispatch teams selection,app/src/main/java/com/v16studio/serviceloop/ui/DispatchCoordinatorUiV2.kt,Current source; B-015/adopted supporting behavior,implemented,C13,Select team row,None/some selected; selected team with no people; assignment-removal blocker,color.action;color.onAction;color.outlineControl;color.textPrimary;color.textSecondary;color.focus;color.disabledText,L11,P04,Labelled choice/selection group named Select team row in X08; option toggles retain group/parent context.,Single row toggle over one semantics node; stage set.,Use C13 role/name/state contract; include current record identity where repeated; preserve logical focus and explicit keyboard action.,action_i_x08_a01,Select team row,Selectează echipa,action-i-x08-a01,"T-I-X08-A01: invoke from X08; test success, cancellation, blocked state and retry against this exact effect."
I:X08-A02,source_action_group,,X08,Dispatch teams selection,app/src/main/java/com/v16studio/serviceloop/ui/DispatchCoordinatorUiV2.kt,Current source; B-015/adopted supporting behavior,implemented,C05,Apply,None/some selected; selected team with no people; assignment-removal blocker,color.action;color.onAction;color.actionPressed;color.surface;color.outlineControl;color.disabledContainer;color.disabledText;color.focus,L11,P01,Primary footer or current review/section commit named Apply; conditional variants never shown simultaneously as competing primary actions.,"Return staged set, parent validates assignee compatibility.",Use C05 role/name/state contract; include current record identity where repeated; preserve logical focus and explicit keyboard action.,action_i_x08_a02,Apply,Aplică,action-i-x08-a02,"T-I-X08-A02: invoke from X08; test success, cancellation, blocked state and retry against this exact effect."
I:X08-A03,source_action_group,,X08,Dispatch teams selection,app/src/main/java/com/v16studio/serviceloop/ui/DispatchCoordinatorUiV2.kt,Current source; B-015/adopted supporting behavior,implemented,C07,Cancel,None/some selected; selected team with no people; assignment-removal blocker,color.action;color.focus;color.disabledText;color.surface,L11,P01,Toolbar Back/Cancel or safe dialog dismissal; obey exact parent save contract.,"Discard this selection buffer, keep parent's previous teams.",Use C07 role/name/state contract; include current record identity where repeated; preserve logical focus and explicit keyboard action.,action_i_x08_a03,Cancel,Renunță,action-i-x08-a03,"T-I-X08-A03: invoke from X08; test success, cancellation, blocked state and retry against this exact effect."
I:X09-A01,source_action_group,,X09,Dispatch work-item editor,app/src/main/java/com/v16studio/serviceloop/ui/DispatchCoordinatorUiV2.kt,Current source; B-015/adopted supporting behavior,implemented,C09,Equipment selector,New/edit; missing equipment/title; malformed due; everyone/explicit subset,color.surface;color.textPrimary;color.textSecondary;color.icon;color.outlineDecorative;color.outlineControl;color.focus;color.errorInk,L05,P01,Named Equipment selector field/selector in X09 content order; error directly below; see individual field ledger.,Equipment only at parent site; no arbitrary remote reference.,Use C09 role/name/state contract; include current record identity where repeated; preserve logical focus and explicit keyboard action.,action_i_x09_a01,Equipment selector,Selector echipament,action-i-x09-a01,"T-I-X09-A01: invoke from X09; test success, cancellation, blocked state and retry against this exact effect."
I:X09-A02,source_action_group,,X09,Dispatch work-item editor,app/src/main/java/com/v16studio/serviceloop/ui/DispatchCoordinatorUiV2.kt,Current source; B-015/adopted supporting behavior,implemented,C08,Task name,New/edit; missing equipment/title; malformed due; everyone/explicit subset,color.surface;color.textPrimary;color.textSecondary;color.outlineControl;color.focus;color.errorInk;color.disabledContainer;color.disabledText,L05,P04,Named Task name field/selector in X09 content order; error directly below; see individual field ledger.,Required nonblank task title.,Use C08 role/name/state contract; include current record identity where repeated; preserve logical focus and explicit keyboard action.,action_i_x09_a02,Task name,Numele lucrării,action-i-x09-a02,"T-I-X09-A02: invoke from X09; test success, cancellation, blocked state and retry against this exact effect."
I:X09-A03,source_action_group,,X09,Dispatch work-item editor,app/src/main/java/com/v16studio/serviceloop/ui/DispatchCoordinatorUiV2.kt,Current source; B-015/adopted supporting behavior,implemented,C08,Service plan reference,New/edit; missing equipment/title; malformed due; everyone/explicit subset,color.surface;color.textPrimary;color.textSecondary;color.outlineControl;color.focus;color.errorInk;color.disabledContainer;color.disabledText,L05,P04,Named Service plan reference field/selector in X09 content order; error directly below; see individual field ledger.,Optional local matching hint; no automatic recurrence claim at import.,Use C08 role/name/state contract; include current record identity where repeated; preserve logical focus and explicit keyboard action.,action_i_x09_a03,Service plan reference,Referință plan de service,action-i-x09-a03,"T-I-X09-A03: invoke from X09; test success, cancellation, blocked state and retry against this exact effect."
I:X09-A04,source_action_group,,X09,Dispatch work-item editor,app/src/main/java/com/v16studio/serviceloop/ui/DispatchCoordinatorUiV2.kt,Current source; B-015/adopted supporting behavior,implemented,C30,Due snapshot,New/edit; missing equipment/title; malformed due; everyone/explicit subset,color.surfaceRaised;color.textPrimary;color.textSecondary;color.action;color.selection;color.outlineControl;color.errorInk;color.focus,L05,P13,Named Due snapshot field/selector in X09 content order; error directly below; see individual field ledger.,Optional validated local date; frozen hint not proof of live obligation.,Use C30 role/name/state contract; include current record identity where repeated; preserve logical focus and explicit keyboard action.,action_i_x09_a04,Due snapshot,Scadență capturată,action-i-x09-a04,"T-I-X09-A04: invoke from X09; test success, cancellation, blocked state and retry against this exact effect."
I:X09-A05,source_action_group,,X09,Dispatch work-item editor,app/src/main/java/com/v16studio/serviceloop/ui/DispatchCoordinatorUiV2.kt,Current source; B-015/adopted supporting behavior,implemented,C13,Assignee row / Everyone,New/edit; missing equipment/title; malformed due; everyone/explicit subset,color.action;color.onAction;color.outlineControl;color.textPrimary;color.textSecondary;color.focus;color.disabledText,L05,P04,Labelled choice/selection group named Assignee row / Everyone in X09; option toggles retain group/parent context.,Explicit selected IDs from parent participants; empty IDs means Everyone on selected Teams.,Use C13 role/name/state contract; include current record identity where repeated; preserve logical focus and explicit keyboard action.,action_i_x09_a05,Assignee row / Everyone,Responsabil / Toți,action-i-x09-a05,"T-I-X09-A05: invoke from X09; test success, cancellation, blocked state and retry against this exact effect."
I:X09-A06,source_action_group,,X09,Dispatch work-item editor,app/src/main/java/com/v16studio/serviceloop/ui/DispatchCoordinatorUiV2.kt,Current source; B-015/adopted supporting behavior,implemented,C05,Save item,New/edit; missing equipment/title; malformed due; everyone/explicit subset,color.action;color.onAction;color.actionPressed;color.surface;color.outlineControl;color.disabledContainer;color.disabledText;color.focus,L05,P01,Primary footer or current review/section commit named Save item; conditional variants never shown simultaneously as competing primary actions.,"Child buffer returned to parent; preserve ID on edit, new ID on add.",Use C05 role/name/state contract; include current record identity where repeated; preserve logical focus and explicit keyboard action.,action_i_x09_a06,Save item,Salvează lucrarea,action-i-x09-a06,"T-I-X09-A06: invoke from X09; test success, cancellation, blocked state and retry against this exact effect."
I:X09-A07,source_action_group,,X09,Dispatch work-item editor,app/src/main/java/com/v16studio/serviceloop/ui/DispatchCoordinatorUiV2.kt,Current source; B-015/adopted supporting behavior,implemented,C07,Cancel,New/edit; missing equipment/title; malformed due; everyone/explicit subset,color.action;color.focus;color.disabledText;color.surface,L05,P01,Toolbar Back/Cancel or safe dialog dismissal; obey exact parent save contract.,Discard child changes only; previous staged item retained.,Use C07 role/name/state contract; include current record identity where repeated; preserve logical focus and explicit keyboard action.,action_i_x09_a07,Cancel,Renunță,action-i-x09-a07,"T-I-X09-A07: invoke from X09; test success, cancellation, blocked state and retry against this exact effect."
I:X10-A01,source_action_group,,X10,Review export,app/src/main/java/com/v16studio/serviceloop/ui/DispatchCoordinatorUiV2.kt,Current source; B-015/adopted supporting behavior,implemented,C08,Sender name,Sender empty; nonmutating preparation; new/unchanged/updated; stale; file write/verify/commit failure,color.surface;color.textPrimary;color.textSecondary;color.outlineControl;color.focus;color.errorInk;color.disabledContainer;color.disabledText,L07,P04,Required Sender name field between summary and Included visits.,"Required plain label; changing invalidates prepared review, not export history.",Use C08 role/name/state contract; include current record identity where repeated; preserve logical focus and explicit keyboard action.,action_i_x10_a01,Sender name,Numele expeditorului,action-i-x10-a01,"T-I-X10-A01: invoke from X10; test success, cancellation, blocked state and retry against this exact effect."
I:X10-A02,source_action_group,,X10,Review export,app/src/main/java/com/v16studio/serviceloop/ui/DispatchCoordinatorUiV2.kt,Current source; B-015/adopted supporting behavior,implemented,C05,Create & share file,Sender empty; nonmutating preparation; new/unchanged/updated; stale; file write/verify/commit failure,color.action;color.onAction;color.actionPressed;color.surface;color.outlineControl;color.disabledContainer;color.disabledText;color.focus,L07,P01,Full-width pinned Create & share file footer.,Prepare/write/verify/revalidate/commit then chooser; stale review must refresh and reconfirm.,Use C05 role/name/state contract; include current record identity where repeated; preserve logical focus and explicit keyboard action.,action_i_x10_a02,Create & share file,Creează și distribuie fișierul,action-i-x10-a02,"T-I-X10-A02: invoke from X10; test success, cancellation, blocked state and retry against this exact effect."
I:X10-A03,source_action_group,,X10,Review export,app/src/main/java/com/v16studio/serviceloop/ui/DispatchCoordinatorUiV2.kt,Current source; B-015/adopted supporting behavior,implemented,C07,Back,Sender empty; nonmutating preparation; new/unchanged/updated; stale; file write/verify/commit failure,color.action;color.focus;color.disabledText;color.surface,L07,P01,Toolbar Back/Cancel or safe dialog dismissal; obey exact parent save contract.,Before artifact creation no status/generation mutation; chooser cancel after artifact does not undo Dispatched.,Use C07 role/name/state contract; include current record identity where repeated; preserve logical focus and explicit keyboard action.,action_i_x10_a03,Back,Înapoi,action-i-x10-a03,"T-I-X10-A03: invoke from X10; test success, cancellation, blocked state and retry against this exact effect."
I:X11-A01,source_action_group,,X11,Import work package,app/src/main/java/com/v16studio/serviceloop/ui/DispatchUi.kt,Current source; B-015/adopted supporting behavior,implemented,C07,Choose .slwork file,Invalid/unsupported; not assigned; leader-visible; current/older; conflict; update/withdrawal; mixed safe/blocked,color.action;color.focus;color.disabledText;color.surface,L09,P01,Explicit labelled secondary action in the matching X11 section; infrequent management variants in named More menu per screen composition.,Bounded read/validate/recipient preview only; no import on open.,Use C07 role/name/state contract; include current record identity where repeated; preserve logical focus and explicit keyboard action.,action_i_x11_a01,Choose .slwork file,Alege fișierul .slwork,action-i-x11-a01,"T-I-X11-A01: invoke from X11; test success, cancellation, blocked state and retry against this exact effect."
I:X11-A02,source_action_group,,X11,Import work package,app/src/main/java/com/v16studio/serviceloop/ui/DispatchUi.kt,Current source; B-015/adopted supporting behavior,implemented,C13,Create separate,Invalid/unsupported; not assigned; leader-visible; current/older; conflict; update/withdrawal; mixed safe/blocked,color.action;color.onAction;color.outlineControl;color.textPrimary;color.textSecondary;color.focus;color.disabledText,L09,P04,Labelled choice/selection group named Create separate in X11; option toggles retain group/parent context.,Resolve a possible directory duplicate explicitly; exact conflicting refs remain blocked.,Use C13 role/name/state contract; include current record identity where repeated; preserve logical focus and explicit keyboard action.,action_i_x11_a02,Create separate,Creează separat,action-i-x11-a02,"T-I-X11-A02: invoke from X11; test success, cancellation, blocked state and retry against this exact effect."
I:X11-A03,source_action_group,,X11,Import work package,app/src/main/java/com/v16studio/serviceloop/ui/DispatchUi.kt,Current source; B-015/adopted supporting behavior,implemented,C13,Skip branch,Invalid/unsupported; not assigned; leader-visible; current/older; conflict; update/withdrawal; mixed safe/blocked,color.action;color.onAction;color.outlineControl;color.textPrimary;color.textSecondary;color.focus;color.disabledText,L09,P04,Labelled choice/selection group named Skip branch in X11; option toggles retain group/parent context.,Skip valid dependent directory branch and recalculate safe subset.,Use C13 role/name/state contract; include current record identity where repeated; preserve logical focus and explicit keyboard action.,action_i_x11_a03,Skip branch,Omite ramura,action-i-x11-a03,"T-I-X11-A03: invoke from X11; test success, cancellation, blocked state and retry against this exact effect."
I:X11-A04,source_action_group,,X11,Import work package,app/src/main/java/com/v16studio/serviceloop/ui/DispatchUi.kt,Current source; B-015/adopted supporting behavior,implemented,C05,Apply %1$d safe visits,Invalid/unsupported; not assigned; leader-visible; current/older; conflict; update/withdrawal; mixed safe/blocked,color.action;color.onAction;color.actionPressed;color.surface;color.outlineControl;color.disabledContainer;color.disabledText;color.focus,L09,P01,Primary footer or current review/section commit named Apply %1$d safe visits; conditional variants never shown simultaneously as competing primary actions.,Atomically apply current safe new/update/withdrawal subset; no rollback to older generations.,Use C05 role/name/state contract; include current record identity where repeated; preserve logical focus and explicit keyboard action.,action_i_x11_a04,Apply %1$d safe visits,Aplică %1$d vizite sigure,action-i-x11-a04,"T-I-X11-A04: invoke from X11; test success, cancellation, blocked state and retry against this exact effect."
I:X11-A05,source_action_group,,X11,Import work package,app/src/main/java/com/v16studio/serviceloop/ui/DispatchUi.kt,Current source; B-015/adopted supporting behavior,implemented,C05,View visits,Invalid/unsupported; not assigned; leader-visible; current/older; conflict; update/withdrawal; mixed safe/blocked,color.action;color.onAction;color.actionPressed;color.surface;color.outlineControl;color.disabledContainer;color.disabledText;color.focus,L09,P01,Primary footer or current review/section commit named View visits; conditional variants never shown simultaneously as competing primary actions.,After actual result open current local visits; no remote receipt claim.,Use C05 role/name/state contract; include current record identity where repeated; preserve logical focus and explicit keyboard action.,action_i_x11_a05,View visits,Vezi vizitele,action-i-x11-a05,"T-I-X11-A05: invoke from X11; test success, cancellation, blocked state and retry against this exact effect."
I:X11-A06,source_action_group,,X11,Import work package,app/src/main/java/com/v16studio/serviceloop/ui/DispatchUi.kt,Current source; B-015/adopted supporting behavior,implemented,C07,Choose another / Back,Invalid/unsupported; not assigned; leader-visible; current/older; conflict; update/withdrawal; mixed safe/blocked,color.action;color.focus;color.disabledText;color.surface,L09,P01,Toolbar Back/Cancel or safe dialog dismissal; obey exact parent save contract.,No mutation before Apply; result navigation never replays import.,Use C07 role/name/state contract; include current record identity where repeated; preserve logical focus and explicit keyboard action.,action_i_x11_a06,Choose another / Back,Alege alt fișier / Înapoi,action-i-x11-a06,"T-I-X11-A06: invoke from X11; test success, cancellation, blocked state and retry against this exact effect."
I:X12-A01,source_action_group,,X12,Dispatch responsibility panel,app/src/main/java/com/v16studio/serviceloop/ui/DispatchUi.kt,Current source; B-015/adopted supporting behavior,implemented,C05,Document this item,Assigned/leader observe; Pending/Document local/Deferred; participation complete; withdrawn,color.action;color.onAction;color.actionPressed;color.surface;color.outlineControl;color.disabledContainer;color.disabledText;color.focus,L06,P01,Primary footer or current review/section commit named Document this item; conditional variants never shown simultaneously as competing primary actions.,"After Start, strict current-plan/obligation match or one-off; no central exclusivity.",Use C05 role/name/state contract; include current record identity where repeated; preserve logical focus and explicit keyboard action.,action_i_x12_a01,Document this item,Documentează această lucrare,action-i-x12-a01,"T-I-X12-A01: invoke from X12; test success, cancellation, blocked state and retry against this exact effect."
I:X12-A02,source_action_group,,X12,Dispatch responsibility panel,app/src/main/java/com/v16studio/serviceloop/ui/DispatchUi.kt,Current source; B-015/adopted supporting behavior,implemented,C07,Hand off documentation,Assigned/leader observe; Pending/Document local/Deferred; participation complete; withdrawn,color.action;color.focus;color.disabledText;color.surface,L06,P01,Explicit labelled secondary action in the matching X12 section; infrequent management variants in named More menu per screen composition.,Open eligible recipient/loss review; no remote acceptance.,Use C07 role/name/state contract; include current record identity where repeated; preserve logical focus and explicit keyboard action.,action_i_x12_a02,Hand off documentation,Predă documentarea,action-i-x12-a02,"T-I-X12-A02: invoke from X12; test success, cancellation, blocked state and retry against this exact effect."
I:X12-A03,source_action_group,,X12,Dispatch responsibility panel,app/src/main/java/com/v16studio/serviceloop/ui/DispatchUi.kt,Current source; B-015/adopted supporting behavior,implemented,C05,Document this item myself,Assigned/leader observe; Pending/Document local/Deferred; participation complete; withdrawn,color.action;color.onAction;color.actionPressed;color.surface;color.outlineControl;color.disabledContainer;color.disabledText;color.focus,L06,P01,Primary footer or current review/section commit named Document this item myself; conditional variants never shown simultaneously as competing primary actions.,Undo local handoff does not silently reclaim recurrence; existing guards re-evaluate.,Use C05 role/name/state contract; include current record identity where repeated; preserve logical focus and explicit keyboard action.,action_i_x12_a03,Document this item myself,Documentez eu această lucrare,action-i-x12-a03,"T-I-X12-A03: invoke from X12; test success, cancellation, blocked state and retry against this exact effect."
I:X12-A04,source_action_group,,X12,Dispatch responsibility panel,app/src/main/java/com/v16studio/serviceloop/ui/DispatchUi.kt,Current source; B-015/adopted supporting behavior,implemented,C05,Finish my involvement,Assigned/leader observe; Pending/Document local/Deferred; participation complete; withdrawn,color.action;color.onAction;color.actionPressed;color.surface;color.outlineControl;color.disabledContainer;color.disabledText;color.focus,L06,P01,Primary footer or current review/section commit named Finish my involvement; conditional variants never shown simultaneously as competing primary actions.,Only all assigned deferred and none locally documented; participation complete with no final record/PDF/fake failure.,Use C05 role/name/state contract; include current record identity where repeated; preserve logical focus and explicit keyboard action.,action_i_x12_a04,Finish my involvement,Încheie implicarea mea,action-i-x12-a04,"T-I-X12-A04: invoke from X12; test success, cancellation, blocked state and retry against this exact effect."
I:X13-A01,source_action_group,,X13,Documentation handoff,app/src/main/java/com/v16studio/serviceloop/ui/DispatchUi.kt,Current source; B-015/adopted supporting behavior,implemented,C13,Select recipient,No candidate; staged recipient; destructive draft loss; in flight; failure,color.action;color.onAction;color.outlineControl;color.textPrimary;color.textSecondary;color.focus;color.disabledText,L11,P04,Labelled choice/selection group named Select recipient in X13; option toggles retain group/parent context.,Only eligible participants/leaders; staged selection without handoff.,Use C13 role/name/state contract; include current record identity where repeated; preserve logical focus and explicit keyboard action.,action_i_x13_a01,Select recipient,Selectează destinatarul,action-i-x13-a01,"T-I-X13-A01: invoke from X13; test success, cancellation, blocked state and retry against this exact effect."
I:X13-A02,source_action_group,,X13,Documentation handoff,app/src/main/java/com/v16studio/serviceloop/ui/DispatchUi.kt,Current source; B-015/adopted supporting behavior,implemented,C05,Hand off to %1$s,No candidate; staged recipient; destructive draft loss; in flight; failure,color.action;color.onAction;color.actionPressed;color.surface;color.outlineControl;color.disabledContainer;color.disabledText;color.focus,L11,P01,Primary footer or current review/section commit named Hand off to %1$s; conditional variants never shown simultaneously as competing primary actions.,"Local responsibility change, release recurrence claim without advancing.",Use C05 role/name/state contract; include current record identity where repeated; preserve logical focus and explicit keyboard action.,action_i_x13_a02,Hand off to %1$s,Predă către %1$s,action-i-x13-a02,"T-I-X13-A02: invoke from X13; test success, cancellation, blocked state and retry against this exact effect."
I:X13-A03,source_action_group,,X13,Documentation handoff,app/src/main/java/com/v16studio/serviceloop/ui/DispatchUi.kt,Current source; B-015/adopted supporting behavior,implemented,C06,Discard my local documentation and hand off,No candidate; staged recipient; destructive draft loss; in flight; failure,color.destructive;color.onDestructive;color.errorInk;color.errorContainer;color.focus,L11,P10,"Record More → named lifecycle/destructive action; opens explicit review. On dedicated review, named confirmation is footer last.",With substantive draft explicitly list answer/note/part/photo loss; rollback-safe mutation.,Use C06 role/name/state contract; include current record identity where repeated; preserve logical focus and explicit keyboard action.,action_i_x13_a03,Discard my local documentation and hand off,Elimină documentarea mea locală și predă,action-i-x13-a03,"T-I-X13-A03: invoke from X13; test success, cancellation, blocked state and retry against this exact effect."
I:X13-A04,source_action_group,,X13,Documentation handoff,app/src/main/java/com/v16studio/serviceloop/ui/DispatchUi.kt,Current source; B-015/adopted supporting behavior,implemented,C07,Cancel,No candidate; staged recipient; destructive draft loss; in flight; failure,color.action;color.focus;color.disabledText;color.surface,L11,P01,Toolbar Back/Cancel or safe dialog dismissal; obey exact parent save contract.,Retain local draft and claim untouched.,Use C07 role/name/state contract; include current record identity where repeated; preserve logical focus and explicit keyboard action.,action_i_x13_a04,Cancel,Renunță,action-i-x13-a04,"T-I-X13-A04: invoke from X13; test success, cancellation, blocked state and retry against this exact effect."
I:X14-A01,source_action_group,,X14,Technician rename review,app/src/main/java/com/v16studio/serviceloop/ui/DispatchUi.kt,Current source; B-015/adopted supporting behavior,implemented,C07,Keep existing name,Same-ID-different-name; failed write,color.action;color.focus;color.disabledText;color.surface,L11,P01,Explicit labelled secondary action in the matching X14 section; infrequent management variants in named More menu per screen composition.,Dismiss incoming rename without changing stable identity.,Use C07 role/name/state contract; include current record identity where repeated; preserve logical focus and explicit keyboard action.,action_i_x14_a01,Keep existing name,Păstrează numele existent,action-i-x14-a01,"T-I-X14-A01: invoke from X14; test success, cancellation, blocked state and retry against this exact effect."
I:X14-A02,source_action_group,,X14,Technician rename review,app/src/main/java/com/v16studio/serviceloop/ui/DispatchUi.kt,Current source; B-015/adopted supporting behavior,implemented,C05,Update name,Same-ID-different-name; failed write,color.action;color.onAction;color.actionPressed;color.surface;color.outlineControl;color.disabledContainer;color.disabledText;color.focus,L11,P01,Primary footer or current review/section commit named Update name; conditional variants never shown simultaneously as competing primary actions.,Write incoming display name to same ID only; no merge by name.,Use C05 role/name/state contract; include current record identity where repeated; preserve logical focus and explicit keyboard action.,action_i_x14_a02,Update name,Actualizează numele,action-i-x14-a02,"T-I-X14-A02: invoke from X14; test success, cancellation, blocked state and retry against this exact effect."
I:X15-A01,source_action_group,,X15,Conclude/reopen review,app/src/main/java/com/v16studio/serviceloop/ui/DispatchCoordinatorUiV2.kt,Current source; B-015/adopted supporting behavior,implemented,C05,Mark concluded / Reopen,Eligible; mixed/invalid excluded; committing; failure,color.action;color.onAction;color.actionPressed;color.surface;color.outlineControl;color.disabledContainer;color.disabledText;color.focus,L11,P01,Primary footer or current review/section commit named Mark concluded / Reopen; conditional variants never shown simultaneously as competing primary actions.,Revalidate homogeneous selection and apply atomically; no technician-device mutation.,Use C05 role/name/state contract; include current record identity where repeated; preserve logical focus and explicit keyboard action.,action_i_x15_a01,Mark concluded / Reopen,Marchează ca încheiate / Redeschide,action-i-x15-a01,"T-I-X15-A01: invoke from X15; test success, cancellation, blocked state and retry against this exact effect."
I:X15-A02,source_action_group,,X15,Conclude/reopen review,app/src/main/java/com/v16studio/serviceloop/ui/DispatchCoordinatorUiV2.kt,Current source; B-015/adopted supporting behavior,implemented,C07,Cancel,Eligible; mixed/invalid excluded; committing; failure,color.action;color.focus;color.disabledText;color.surface,L11,P01,Toolbar Back/Cancel or safe dialog dismissal; obey exact parent save contract.,No coordinator state or generation change.,Use C07 role/name/state contract; include current record identity where repeated; preserve logical focus and explicit keyboard action.,action_i_x15_a02,Cancel,Renunță,action-i-x15-a02,"T-I-X15-A02: invoke from X15; test success, cancellation, blocked state and retry against this exact effect."
I:X16-A01,source_action_group,,X16,Calendar integration,app/src/main/java/com/v16studio/serviceloop/ui/ServiceLoopApp.kt,Current source; B-016,implemented,C14,Enable Calendar integration,Off; permission denied; no writable calendar; active; no preferred calendar; failure,color.action;color.onAction;color.surfaceSubtle;color.outlineControl;color.textPrimary;color.textSecondary;color.errorInk;color.focus,L04,P01,Explicit labelled secondary action in the matching X16 section; infrequent management variants in named More menu per screen composition.,Off default; request only actual required permissions; disable keeps old events/links.,Use C14 role/name/state contract; include current record identity where repeated; preserve logical focus and explicit keyboard action.,action_i_x16_a01,Enable Calendar integration,Activează integrarea calendarului,action-i-x16-a01,"T-I-X16-A01: invoke from X16; test success, cancellation, blocked state and retry against this exact effect."
I:X16-A02,source_action_group,,X16,Calendar integration,app/src/main/java/com/v16studio/serviceloop/ui/ServiceLoopApp.kt,Current source; B-016,implemented,C07,Allow Calendar access,Off; permission denied; no writable calendar; active; no preferred calendar; failure,color.action;color.focus;color.disabledText;color.surface,L04,P01,Explicit labelled secondary action in the matching X16 section; infrequent management variants in named More menu per screen composition.,"Android permission surface, recheck returned state, no presumed grant.",Use C07 role/name/state contract; include current record identity where repeated; preserve logical focus and explicit keyboard action.,action_i_x16_a02,Allow Calendar access,Permite accesul la calendar,action-i-x16-a02,"T-I-X16-A02: invoke from X16; test success, cancellation, blocked state and retry against this exact effect."
I:X16-A03,source_action_group,,X16,Calendar integration,app/src/main/java/com/v16studio/serviceloop/ui/ServiceLoopApp.kt,Current source; B-016,implemented,C13,Choose preferred writable Calendar,Off; permission denied; no writable calendar; active; no preferred calendar; failure,color.action;color.onAction;color.outlineControl;color.textPrimary;color.textSecondary;color.focus;color.disabledText,L04,P04,Labelled choice/selection group named Choose preferred writable Calendar in X16; option toggles retain group/parent context.,Existing linked events stay in original calendars; new/unlinked use selected.,Use C13 role/name/state contract; include current record identity where repeated; preserve logical focus and explicit keyboard action.,action_i_x16_a03,Choose preferred writable Calendar,Alege calendarul inscriptibil preferat,action-i-x16-a03,"T-I-X16-A03: invoke from X16; test success, cancellation, blocked state and retry against this exact effect."
I:X16-A04,source_action_group,,X16,Calendar integration,app/src/main/java/com/v16studio/serviceloop/ui/ServiceLoopApp.kt,Current source; B-016,implemented,C07,Open Android permissions,Off; permission denied; no writable calendar; active; no preferred calendar; failure,color.action;color.focus;color.disabledText;color.surface,L04,P01,Explicit labelled secondary action in the matching X16 section; infrequent management variants in named More menu per screen composition.,Correct app settings and reload runtime state on return.,Use C07 role/name/state contract; include current record identity where repeated; preserve logical focus and explicit keyboard action.,action_i_x16_a04,Open Android permissions,Deschide permisiunile Android,action-i-x16-a04,"T-I-X16-A04: invoke from X16; test success, cancellation, blocked state and retry against this exact effect."
I:X17-A01,source_action_group,,X17,Visit Calendar panel,app/src/main/java/com/v16studio/serviceloop/ui/DailyOperationsUi.kt,Current source; B-016,implemented,C05,Add to Calendar,Not eligible/date-only; off/permission; linked/missing/suppressed; delete pending,color.action;color.onAction;color.actionPressed;color.surface;color.outlineControl;color.disabledContainer;color.disabledText;color.focus,L04,P01,Primary footer or current review/section commit named Add to Calendar; conditional variants never shown simultaneously as competing primary actions.,Eligible timed Booked only; clear suppression and add one managed link.,Use C05 role/name/state contract; include current record identity where repeated; preserve logical focus and explicit keyboard action.,action_i_x17_a01,Add to Calendar,Adaugă în calendar,action-i-x17-a01,"T-I-X17-A01: invoke from X17; test success, cancellation, blocked state and retry against this exact effect."
I:X17-A02,source_action_group,,X17,Visit Calendar panel,app/src/main/java/com/v16studio/serviceloop/ui/DailyOperationsUi.kt,Current source; B-016,implemented,C05,Recreate event,Not eligible/date-only; off/permission; linked/missing/suppressed; delete pending,color.action;color.onAction;color.actionPressed;color.surface;color.outlineControl;color.disabledContainer;color.disabledText;color.focus,L04,P01,Primary footer or current review/section commit named Recreate event; conditional variants never shown simultaneously as competing primary actions.,Explicit after missing external event; not automatic duplicate on refresh.,Use C05 role/name/state contract; include current record identity where repeated; preserve logical focus and explicit keyboard action.,action_i_x17_a02,Recreate event,Recreează evenimentul,action-i-x17-a02,"T-I-X17-A02: invoke from X17; test success, cancellation, blocked state and retry against this exact effect."
I:X17-A03,source_action_group,,X17,Visit Calendar panel,app/src/main/java/com/v16studio/serviceloop/ui/DailyOperationsUi.kt,Current source; B-016,implemented,C05,Remove from Calendar,Not eligible/date-only; off/permission; linked/missing/suppressed; delete pending,color.action;color.onAction;color.actionPressed;color.surface;color.outlineControl;color.disabledContainer;color.disabledText;color.focus,L04,P01,Primary footer or current review/section commit named Remove from Calendar; conditional variants never shown simultaneously as competing primary actions.,Remove managed projection and store suppression; visit unchanged.,Use C05 role/name/state contract; include current record identity where repeated; preserve logical focus and explicit keyboard action.,action_i_x17_a03,Remove from Calendar,Elimină din calendar,action-i-x17-a03,"T-I-X17-A03: invoke from X17; test success, cancellation, blocked state and retry against this exact effect."
I:X17-A04,source_action_group,,X17,Visit Calendar panel,app/src/main/java/com/v16studio/serviceloop/ui/DailyOperationsUi.kt,Current source; B-016,implemented,C07,Open Calendar event,Not eligible/date-only; off/permission; linked/missing/suppressed; delete pending,color.action;color.focus;color.disabledText;color.surface,L04,P01,Explicit labelled secondary action in the matching X17 section; infrequent management variants in named More menu per screen composition.,Actual event ID handoff; external editing does not change ServiceLoop.,Use C07 role/name/state contract; include current record identity where repeated; preserve logical focus and explicit keyboard action.,action_i_x17_a04,Open Calendar event,Deschide evenimentul din calendar,action-i-x17-a04,"T-I-X17-A04: invoke from X17; test success, cancellation, blocked state and retry against this exact effect."
I:X18-A01,source_action_group,,X18,Notification surface,docs/project/IMPLEMENTATION_STATE.md,Current source; B-015/adopted supporting behavior,external/system-owned with app handoff contract,C36,Notification tap,Collapsed/expanded/locked; blocked/request accepted/suppressed,color.textPrimary,L12,P18,Explicit labelled secondary action in the matching X18 section; infrequent management variants in named More menu per screen composition.,Summary opens Home; appointment resolves actual visit state; no fabricated outcome.,Use C36 role/name/state contract; include current record identity where repeated; preserve logical focus and explicit keyboard action.,action_i_x18_a01,Notification tap,Deschide notificarea,action-i-x18-a01,"T-I-X18-A01: invoke from X18; test success, cancellation, blocked state and retry against this exact effect."
I:X18-A02,source_action_group,,X18,Notification surface,docs/project/IMPLEMENTATION_STATE.md,Current source; B-015/adopted supporting behavior,external/system-owned with app handoff contract,C36,Notification dismiss,Collapsed/expanded/locked; blocked/request accepted/suppressed,color.textPrimary,L12,P18,Explicit labelled secondary action in the matching X18 section; infrequent management variants in named More menu per screen composition.,OS removes visible notification only; no task/obligation mutation.,Use C36 role/name/state contract; include current record identity where repeated; preserve logical focus and explicit keyboard action.,action_i_x18_a02,Notification dismiss,Respinge notificarea,action-i-x18-a02,"T-I-X18-A02: invoke from X18; test success, cancellation, blocked state and retry against this exact effect."
I:X18-A03,source_action_group,,X18,Notification surface,docs/project/IMPLEMENTATION_STATE.md,Current source; B-015/adopted supporting behavior,external/system-owned with app handoff contract,C36,OS notification settings,Collapsed/expanded/locked; blocked/request accepted/suppressed,color.textPrimary,L12,P18,Named top-bar action; returned destination restores invoking context.,Platform-owned channel controls; no reskin or delivery promise.,Use C36 role/name/state contract; include current record identity where repeated; preserve logical focus and explicit keyboard action.,action_i_x18_a03,OS notification settings,Setări notificări OS,action-i-x18-a03,"T-I-X18-A03: invoke from X18; test success, cancellation, blocked state and retry against this exact effect."
I:X19-A01,source_action_group,,X19,Restricted recovery,app/src/main/java/com/v16studio/serviceloop/ui/Stage4Ui.kt,Current source; B-015/adopted supporting behavior,implemented,C05,Inspect/recover valid dataset,Corrupt/unreadable; interrupted replacement; neither dataset verified,color.action;color.onAction;color.actionPressed;color.surface;color.outlineControl;color.disabledContainer;color.disabledText;color.focus,L09,P01,Primary footer or current review/section commit named Inspect/recover valid dataset; conditional variants never shown simultaneously as competing primary actions.,"Restricted route only, retain readable files; no empty default dataset over failed store.",Use C05 role/name/state contract; include current record identity where repeated; preserve logical focus and explicit keyboard action.,action_i_x19_a01,Inspect/recover valid dataset,Inspectează/recuperează date valide,action-i-x19-a01,"T-I-X19-A01: invoke from X19; test success, cancellation, blocked state and retry against this exact effect."
I:X19-A02,source_action_group,,X19,Restricted recovery,app/src/main/java/com/v16studio/serviceloop/ui/Stage4Ui.kt,Current source; B-015/adopted supporting behavior,implemented,C05,Return previous verified dataset,Corrupt/unreadable; interrupted replacement; neither dataset verified,color.action;color.onAction;color.actionPressed;color.surface;color.outlineControl;color.disabledContainer;color.disabledText;color.focus,L09,P01,Primary footer or current review/section commit named Return previous verified dataset; conditional variants never shown simultaneously as competing primary actions.,Only actual verified previous copy after interrupted switch.,Use C05 role/name/state contract; include current record identity where repeated; preserve logical focus and explicit keyboard action.,action_i_x19_a02,Return previous verified dataset,Revino la datele anterioare verificate,action-i-x19-a02,"T-I-X19-A02: invoke from X19; test success, cancellation, blocked state and retry against this exact effect."
I:X19-A03,source_action_group,,X19,Restricted recovery,app/src/main/java/com/v16studio/serviceloop/ui/Stage4Ui.kt,Current source; B-015/adopted supporting behavior,implemented,C06,Guarded erase,Corrupt/unreadable; interrupted replacement; neither dataset verified,color.destructive;color.onDestructive;color.errorInk;color.errorContainer;color.focus,L09,P10,"Record More → named lifecycle/destructive action; opens explicit review. On dedicated review, named confirmation is footer last.",Full typed-loss review; never automatic rescue by clearing data.,Use C06 role/name/state contract; include current record identity where repeated; preserve logical focus and explicit keyboard action.,action_i_x19_a03,Guarded erase,Ștergere cu confirmare,action-i-x19-a03,"T-I-X19-A03: invoke from X19; test success, cancellation, blocked state and retry against this exact effect."
I:X20-A01,source_action_group,,X20,Expanded text editor,app/src/main/java/com/v16studio/serviceloop/ui/DailyOperationsUi.kt,Current source; B-015/adopted supporting behavior,implemented,C23,Edit same text buffer,Focused/dirty; parent explicit-save/autosave; failure,color.surface;color.textPrimary;color.textSecondary;color.outlineControl;color.focus;color.errorInk,L05,P06,Named Edit same text buffer field/selector in X20 content order; error directly below; see individual field ledger.,Exact parent buffer/public-private flag; no separate shadow copy or commit from expansion.,Use C23 role/name/state contract; include current record identity where repeated; preserve logical focus and explicit keyboard action.,action_i_x20_a01,Edit same text buffer,Editează același text,action-i-x20-a01,"T-I-X20-A01: invoke from X20; test success, cancellation, blocked state and retry against this exact effect."
I:X20-A02,source_action_group,,X20,Expanded text editor,app/src/main/java/com/v16studio/serviceloop/ui/DailyOperationsUi.kt,Current source; B-015/adopted supporting behavior,implemented,C07,Done / Back,Focused/dirty; parent explicit-save/autosave; failure,color.action;color.focus;color.disabledText;color.surface,L05,P01,Toolbar Back/Cancel or safe dialog dismissal; obey exact parent save contract.,Collapse to parent; parent Save or durable checkpoint contract unchanged.,Use C07 role/name/state contract; include current record identity where repeated; preserve logical focus and explicit keyboard action.,action_i_x20_a02,Done / Back,Gata / Înapoi,action-i-x20-a02,"T-I-X20-A02: invoke from X20; test success, cancellation, blocked state and retry against this exact effect."
C:D01-A01-V01,variant,C:D01-A01,D01,Unsaved changes and save rescue,docs/product/ServiceLoop_Conceptual_App_Map_v0_1.md,C:D01-A01,implemented,C20,Keep editing,Open; staged; error; ineligible; committing; safe return,color.surfaceRaised;color.textPrimary;color.textSecondary;color.action;color.errorInk;color.destructive;color.onDestructive;color.focus,L11,P10,Explicit labelled secondary action in the matching D01 section; infrequent management variants in named More menu per screen composition.,Variant “Keep editing” of C:D01-A01. Return to the same editor and buffer; no business mutation. Missing parent produces a safe explanation.,Use C20 role/name/state contract; include current record identity where repeated; preserve logical focus and explicit keyboard action.,action_c_d01_a01_v01,Keep editing,Continuă editarea,action-c-d01-a01-v01,T-C-D01-A01-V01: exercise this exact variant in its applicable state; inherit parent guards.
C:D01-A01-V02,variant,C:D01-A01,D01,Unsaved changes and save rescue,docs/product/ServiceLoop_Conceptual_App_Map_v0_1.md,C:D01-A01,implemented,C20,Resume recovered input,Open; staged; error; ineligible; committing; safe return,color.surfaceRaised;color.textPrimary;color.textSecondary;color.action;color.errorInk;color.destructive;color.onDestructive;color.focus,L11,P10,Explicit labelled secondary action in the matching D01 section; infrequent management variants in named More menu per screen composition.,Variant “Resume recovered input” of C:D01-A01. Return to the same editor and buffer; no business mutation. Missing parent produces a safe explanation.,Use C20 role/name/state contract; include current record identity where repeated; preserve logical focus and explicit keyboard action.,action_c_d01_a01_v02,Resume recovered input,Reia datele recuperate,action-c-d01-a01-v02,T-C-D01-A01-V02: exercise this exact variant in its applicable state; inherit parent guards.
C:D02-A01-V01,variant,C:D02-A01,D02,Entity selector,docs/product/ServiceLoop_Conceptual_App_Map_v0_1.md,C:D02-A01,implemented,C17,Search,Open; staged; error; ineligible; committing; safe return,color.surface;color.textPrimary;color.textSecondary;color.icon;color.outlineDecorative;color.focus,L11,P03,List/selector controls immediately below top bar and before result count; never a status badge.,Variant “Search” of C:D02-A01. Filter eligible local records by actual identity/context; no match does not create a record.,Use C17 role/name/state contract; include current record identity where repeated; preserve logical focus and explicit keyboard action.,action_c_d02_a01_v01,Search,Caută,action-c-d02-a01-v01,T-C-D02-A01-V01: exercise this exact variant in its applicable state; inherit parent guards.
C:D02-A01-V02,variant,C:D02-A01,D02,Entity selector,docs/product/ServiceLoop_Conceptual_App_Map_v0_1.md,C:D02-A01,implemented,C17,Clear search,Open; staged; error; ineligible; committing; safe return,color.surface;color.textPrimary;color.textSecondary;color.icon;color.outlineDecorative;color.focus,L11,P03,List/selector controls immediately below top bar and before result count; never a status badge.,Variant “Clear search” of C:D02-A01. Filter eligible local records by actual identity/context; no match does not create a record.,Use C17 role/name/state contract; include current record identity where repeated; preserve logical focus and explicit keyboard action.,action_c_d02_a01_v02,Clear search,Șterge căutarea,action-c-d02-a01-v02,T-C-D02-A01-V02: exercise this exact variant in its applicable state; inherit parent guards.
C:D02-A02-V01,variant,C:D02-A02,D02,Entity selector,docs/product/ServiceLoop_Conceptual_App_Map_v0_1.md,C:D02-A02,implemented,C13,Select row,Open; staged; error; ineligible; committing; safe return,color.action;color.onAction;color.outlineControl;color.textPrimary;color.textSecondary;color.focus;color.disabledText,L11,P04,Labelled choice/selection group named Select row / selection checkbox in D02; option toggles retain group/parent context.,Variant “Select row” of C:D02-A02. Single-choice row or staged multi-selection; ineligible rows explain why. No mutation of parent yet.,Use C13 role/name/state contract; include current record identity where repeated; preserve logical focus and explicit keyboard action.,action_c_d02_a02_v01,Select row,Selectează rândul,action-c-d02-a02-v01,T-C-D02-A02-V01: exercise this exact variant in its applicable state; inherit parent guards.
C:D02-A02-V02,variant,C:D02-A02,D02,Entity selector,docs/product/ServiceLoop_Conceptual_App_Map_v0_1.md,C:D02-A02,implemented,C13,selection checkbox,Open; staged; error; ineligible; committing; safe return,color.action;color.onAction;color.outlineControl;color.textPrimary;color.textSecondary;color.focus;color.disabledText,L11,P04,Labelled choice/selection group named Select row / selection checkbox in D02; option toggles retain group/parent context.,Variant “selection checkbox” of C:D02-A02. Single-choice row or staged multi-selection; ineligible rows explain why. No mutation of parent yet.,Use C13 role/name/state contract; include current record identity where repeated; preserve logical focus and explicit keyboard action.,action_c_d02_a02_v02,selection checkbox,Selectează,action-c-d02-a02-v02,T-C-D02-A02-V02: exercise this exact variant in its applicable state; inherit parent guards.
C:D02-A04-V01,variant,C:D02-A04,D02,Entity selector,docs/product/ServiceLoop_Conceptual_App_Map_v0_1.md,C:D02-A04,adopted/pending,C07,Add customer,Open; staged; error; ineligible; committing; safe return,color.action;color.focus;color.disabledText;color.surface,L11,P01,Explicit labelled secondary action in the matching D02 section; infrequent management variants in named More menu per screen composition.,Variant “Add customer” of C:D02-A04. Open only entity editors authorized for this selector; return the saved result. Cancelling restores previous selection.,Use C07 role/name/state contract; include current record identity where repeated; preserve logical focus and explicit keyboard action.,action_c_d02_a04_v01,Add customer,Adaugă client,action-c-d02-a04-v01,T-C-D02-A04-V01: exercise this exact variant in its applicable state; inherit parent guards.
C:D02-A04-V02,variant,C:D02-A04,D02,Entity selector,docs/product/ServiceLoop_Conceptual_App_Map_v0_1.md,C:D02-A04,adopted/pending,C07,Add site,Open; staged; error; ineligible; committing; safe return,color.action;color.focus;color.disabledText;color.surface,L11,P01,Explicit labelled secondary action in the matching D02 section; infrequent management variants in named More menu per screen composition.,Variant “Add site” of C:D02-A04. Open only entity editors authorized for this selector; return the saved result. Cancelling restores previous selection.,Use C07 role/name/state contract; include current record identity where repeated; preserve logical focus and explicit keyboard action.,action_c_d02_a04_v02,Add site,Adaugă locație,action-c-d02-a04-v02,T-C-D02-A04-V02: exercise this exact variant in its applicable state; inherit parent guards.
C:D02-A04-V03,variant,C:D02-A04,D02,Entity selector,docs/product/ServiceLoop_Conceptual_App_Map_v0_1.md,C:D02-A04,adopted/pending,C07,Add equipment,Open; staged; error; ineligible; committing; safe return,color.action;color.focus;color.disabledText;color.surface,L11,P01,Explicit labelled secondary action in the matching D02 section; infrequent management variants in named More menu per screen composition.,Variant “Add equipment” of C:D02-A04. Open only entity editors authorized for this selector; return the saved result. Cancelling restores previous selection.,Use C07 role/name/state contract; include current record identity where repeated; preserve logical focus and explicit keyboard action.,action_c_d02_a04_v03,Add equipment,Adaugă echipament,action-c-d02-a04-v03,T-C-D02-A04-V03: exercise this exact variant in its applicable state; inherit parent guards.
C:D02-A04-V04,variant,C:D02-A04,D02,Entity selector,docs/product/ServiceLoop_Conceptual_App_Map_v0_1.md,C:D02-A04,adopted/pending,C07,Add template,Open; staged; error; ineligible; committing; safe return,color.action;color.focus;color.disabledText;color.surface,L11,P01,Explicit labelled secondary action in the matching D02 section; infrequent management variants in named More menu per screen composition.,Variant “Add template” of C:D02-A04. Open only entity editors authorized for this selector; return the saved result. Cancelling restores previous selection.,Use C07 role/name/state contract; include current record identity where repeated; preserve logical focus and explicit keyboard action.,action_c_d02_a04_v04,Add template,Adaugă șablon,action-c-d02-a04-v04,T-C-D02-A04-V04: exercise this exact variant in its applicable state; inherit parent guards.
C:D04-A03-V01,variant,C:D04-A03,D04,Photo workspace,docs/product/ServiceLoop_Conceptual_App_Map_v0_1.md,C:D04-A03,adopted/pending,C24,View,Open; staged; error; ineligible; committing; safe return,color.photoMat;color.surface;color.textPrimary;color.textSecondary;color.outlineDecorative;color.selection;color.selectionOutline,L11,P14,"Photo/evidence group of D04; thumbnail opens viewer, labelled intake/selection actions adjacent.",Variant “View” of C:D04-A03. Inspect retained image; gestures supplement individually labelled controls. Missing bytes show File missing.,Use C24 role/name/state contract; include current record identity where repeated; preserve logical focus and explicit keyboard action.,action_c_d04_a03_v01,View,Vizualizează,action-c-d04-a03-v01,T-C-D04-A03-V01: exercise this exact variant in its applicable state; inherit parent guards.
C:D04-A03-V02,variant,C:D04-A03,D04,Photo workspace,docs/product/ServiceLoop_Conceptual_App_Map_v0_1.md,C:D04-A03,adopted/pending,C24,Previous,Open; staged; error; ineligible; committing; safe return,color.photoMat;color.surface;color.textPrimary;color.textSecondary;color.outlineDecorative;color.selection;color.selectionOutline,L11,P14,"Photo/evidence group of D04; thumbnail opens viewer, labelled intake/selection actions adjacent.",Variant “Previous” of C:D04-A03. Inspect retained image; gestures supplement individually labelled controls. Missing bytes show File missing.,Use C24 role/name/state contract; include current record identity where repeated; preserve logical focus and explicit keyboard action.,action_c_d04_a03_v02,Previous,Anterior,action-c-d04-a03-v02,T-C-D04-A03-V02: exercise this exact variant in its applicable state; inherit parent guards.
C:D04-A03-V03,variant,C:D04-A03,D04,Photo workspace,docs/product/ServiceLoop_Conceptual_App_Map_v0_1.md,C:D04-A03,adopted/pending,C24,Next,Open; staged; error; ineligible; committing; safe return,color.photoMat;color.surface;color.textPrimary;color.textSecondary;color.outlineDecorative;color.selection;color.selectionOutline,L11,P14,"Photo/evidence group of D04; thumbnail opens viewer, labelled intake/selection actions adjacent.",Variant “Next” of C:D04-A03. Inspect retained image; gestures supplement individually labelled controls. Missing bytes show File missing.,Use C24 role/name/state contract; include current record identity where repeated; preserve logical focus and explicit keyboard action.,action_c_d04_a03_v03,Next,Următor,action-c-d04-a03-v03,T-C-D04-A03-V03: exercise this exact variant in its applicable state; inherit parent guards.
C:D04-A03-V04,variant,C:D04-A03,D04,Photo workspace,docs/product/ServiceLoop_Conceptual_App_Map_v0_1.md,C:D04-A03,adopted/pending,C24,Zoom in,Open; staged; error; ineligible; committing; safe return,color.photoMat;color.surface;color.textPrimary;color.textSecondary;color.outlineDecorative;color.selection;color.selectionOutline,L11,P14,"Photo/evidence group of D04; thumbnail opens viewer, labelled intake/selection actions adjacent.",Variant “Zoom in” of C:D04-A03. Inspect retained image; gestures supplement individually labelled controls. Missing bytes show File missing.,Use C24 role/name/state contract; include current record identity where repeated; preserve logical focus and explicit keyboard action.,action_c_d04_a03_v04,Zoom in,Mărește,action-c-d04-a03-v04,T-C-D04-A03-V04: exercise this exact variant in its applicable state; inherit parent guards.
C:D04-A03-V05,variant,C:D04-A03,D04,Photo workspace,docs/product/ServiceLoop_Conceptual_App_Map_v0_1.md,C:D04-A03,adopted/pending,C24,Zoom out,Open; staged; error; ineligible; committing; safe return,color.photoMat;color.surface;color.textPrimary;color.textSecondary;color.outlineDecorative;color.selection;color.selectionOutline,L11,P14,"Photo/evidence group of D04; thumbnail opens viewer, labelled intake/selection actions adjacent.",Variant “Zoom out” of C:D04-A03. Inspect retained image; gestures supplement individually labelled controls. Missing bytes show File missing.,Use C24 role/name/state contract; include current record identity where repeated; preserve logical focus and explicit keyboard action.,action_c_d04_a03_v05,Zoom out,Micșorează,action-c-d04-a03-v05,T-C-D04-A03-V05: exercise this exact variant in its applicable state; inherit parent guards.
C:D04-A03-V06,variant,C:D04-A03,D04,Photo workspace,docs/product/ServiceLoop_Conceptual_App_Map_v0_1.md,C:D04-A03,adopted/pending,C24,Fit,Open; staged; error; ineligible; committing; safe return,color.photoMat;color.surface;color.textPrimary;color.textSecondary;color.outlineDecorative;color.selection;color.selectionOutline,L11,P14,"Photo/evidence group of D04; thumbnail opens viewer, labelled intake/selection actions adjacent.",Variant “Fit” of C:D04-A03. Inspect retained image; gestures supplement individually labelled controls. Missing bytes show File missing.,Use C24 role/name/state contract; include current record identity where repeated; preserve logical focus and explicit keyboard action.,action_c_d04_a03_v06,Fit,Încadrează,action-c-d04-a03-v06,T-C-D04-A03-V06: exercise this exact variant in its applicable state; inherit parent guards.
C:D04-A06-V01,variant,C:D04-A06,D04,Photo workspace,docs/product/ServiceLoop_Conceptual_App_Map_v0_1.md,C:D04-A06,adopted/pending,C06,Remove,Open; staged; error; ineligible; committing; safe return,color.destructive;color.onDestructive;color.errorInk;color.errorContainer;color.focus,L11,P10,Explicit labelled secondary action in the matching D04 section; infrequent management variants in named More menu per screen composition.,Variant “Remove” of C:D04-A06. Allowed editable context only; confirm app-copy/reference effects. Never remove gallery originals or historical retained evidence.,Use C06 role/name/state contract; include current record identity where repeated; preserve logical focus and explicit keyboard action.,action_c_d04_a06_v01,Remove,Elimină,action-c-d04-a06-v01,T-C-D04-A06-V01: exercise this exact variant in its applicable state; inherit parent guards.
C:D04-A06-V02,variant,C:D04-A06,D04,Photo workspace,docs/product/ServiceLoop_Conceptual_App_Map_v0_1.md,C:D04-A06,adopted/pending,C06,Replace,Open; staged; error; ineligible; committing; safe return,color.destructive;color.onDestructive;color.errorInk;color.errorContainer;color.focus,L11,P10,Explicit labelled secondary action in the matching D04 section; infrequent management variants in named More menu per screen composition.,Variant “Replace” of C:D04-A06. Allowed editable context only; confirm app-copy/reference effects. Never remove gallery originals or historical retained evidence.,Use C06 role/name/state contract; include current record identity where repeated; preserve logical focus and explicit keyboard action.,action_c_d04_a06_v02,Replace,Înlocuiește,action-c-d04-a06-v02,T-C-D04-A06-V02: exercise this exact variant in its applicable state; inherit parent guards.
C:D04-A07-V01,variant,C:D04-A07,D04,Photo workspace,docs/product/ServiceLoop_Conceptual_App_Map_v0_1.md,C:D04-A07,adopted/pending,C05,Use,Open; staged; error; ineligible; committing; safe return,color.action;color.onAction;color.actionPressed;color.surface;color.outlineControl;color.disabledContainer;color.disabledText;color.focus,L11,P01,Primary footer or current review/section commit named Use / Done; conditional variants never shown simultaneously as competing primary actions.,Variant “Use” of C:D04-A07. Accept verified intake or close viewer. Explicit-form parent still must Save; autosave waits for acknowledgement.,Use C05 role/name/state contract; include current record identity where repeated; preserve logical focus and explicit keyboard action.,action_c_d04_a07_v01,Use,Folosește,action-c-d04-a07-v01,T-C-D04-A07-V01: exercise this exact variant in its applicable state; inherit parent guards.
C:D04-A07-V02,variant,C:D04-A07,D04,Photo workspace,docs/product/ServiceLoop_Conceptual_App_Map_v0_1.md,C:D04-A07,adopted/pending,C05,Done,Open; staged; error; ineligible; committing; safe return,color.action;color.onAction;color.actionPressed;color.surface;color.outlineControl;color.disabledContainer;color.disabledText;color.focus,L11,P01,Primary footer or current review/section commit named Use / Done; conditional variants never shown simultaneously as competing primary actions.,Variant “Done” of C:D04-A07. Accept verified intake or close viewer. Explicit-form parent still must Save; autosave waits for acknowledgement.,Use C05 role/name/state contract; include current record identity where repeated; preserve logical focus and explicit keyboard action.,action_c_d04_a07_v02,Done,Gata,action-c-d04-a07-v02,T-C-D04-A07-V02: exercise this exact variant in its applicable state; inherit parent guards.
C:D05-A01-V01,variant,C:D05-A01,D05,Contact and navigation handoff,docs/product/ServiceLoop_Conceptual_App_Map_v0_1.md,C:D05-A01,adopted/pending,C13,Recipient: Site contact,Open; staged; error; ineligible; committing; safe return,color.action;color.onAction;color.outlineControl;color.textPrimary;color.textSecondary;color.focus;color.disabledText,L11,P04,Labelled choice/selection group named Recipient: Site contact / Customer contact in D05; option toggles retain group/parent context.,"Variant “Recipient: Site contact” of C:D05-A01. Choose one displayed source with actual values, not an invisible mixture of contacts.",Use C13 role/name/state contract; include current record identity where repeated; preserve logical focus and explicit keyboard action.,action_c_d05_a01_v01,Recipient: Site contact,Destinatar: contactul locației,action-c-d05-a01-v01,T-C-D05-A01-V01: exercise this exact variant in its applicable state; inherit parent guards.
C:D05-A01-V02,variant,C:D05-A01,D05,Contact and navigation handoff,docs/product/ServiceLoop_Conceptual_App_Map_v0_1.md,C:D05-A01,adopted/pending,C13,Customer contact,Open; staged; error; ineligible; committing; safe return,color.action;color.onAction;color.outlineControl;color.textPrimary;color.textSecondary;color.focus;color.disabledText,L11,P04,Labelled choice/selection group named Recipient: Site contact / Customer contact in D05; option toggles retain group/parent context.,"Variant “Customer contact” of C:D05-A01. Choose one displayed source with actual values, not an invisible mixture of contacts.",Use C13 role/name/state contract; include current record identity where repeated; preserve logical focus and explicit keyboard action.,action_c_d05_a01_v02,Customer contact,contactul clientului,action-c-d05-a01-v02,T-C-D05-A01-V02: exercise this exact variant in its applicable state; inherit parent guards.
C:D05-A06-V01,variant,C:D05-A06,D05,Contact and navigation handoff,docs/product/ServiceLoop_Conceptual_App_Map_v0_1.md,C:D05-A06,adopted/pending,C07,Copy phone,Open; staged; error; ineligible; committing; safe return,color.action;color.focus;color.disabledText;color.surface,L11,P01,Explicit labelled secondary action in the matching D05 section; infrequent management variants in named More menu per screen composition.,Variant “Copy phone” of C:D05-A06. Copy exactly selected visible content on explicit action; clipboard warning for sensitive content.,Use C07 role/name/state contract; include current record identity where repeated; preserve logical focus and explicit keyboard action.,action_c_d05_a06_v01,Copy phone,Copiază telefonul,action-c-d05-a06-v01,T-C-D05-A06-V01: exercise this exact variant in its applicable state; inherit parent guards.
C:D05-A06-V02,variant,C:D05-A06,D05,Contact and navigation handoff,docs/product/ServiceLoop_Conceptual_App_Map_v0_1.md,C:D05-A06,adopted/pending,C07,email,Open; staged; error; ineligible; committing; safe return,color.action;color.focus;color.disabledText;color.surface,L11,P01,Explicit labelled secondary action in the matching D05 section; infrequent management variants in named More menu per screen composition.,Variant “email” of C:D05-A06. Copy exactly selected visible content on explicit action; clipboard warning for sensitive content.,Use C07 role/name/state contract; include current record identity where repeated; preserve logical focus and explicit keyboard action.,action_c_d05_a06_v02,email,e-mailul,action-c-d05-a06-v02,T-C-D05-A06-V02: exercise this exact variant in its applicable state; inherit parent guards.
C:D05-A06-V03,variant,C:D05-A06,D05,Contact and navigation handoff,docs/product/ServiceLoop_Conceptual_App_Map_v0_1.md,C:D05-A06,adopted/pending,C07,address,Open; staged; error; ineligible; committing; safe return,color.action;color.focus;color.disabledText;color.surface,L11,P01,Explicit labelled secondary action in the matching D05 section; infrequent management variants in named More menu per screen composition.,Variant “address” of C:D05-A06. Copy exactly selected visible content on explicit action; clipboard warning for sensitive content.,Use C07 role/name/state contract; include current record identity where repeated; preserve logical focus and explicit keyboard action.,action_c_d05_a06_v03,address,adresa,action-c-d05-a06-v03,T-C-D05-A06-V03: exercise this exact variant in its applicable state; inherit parent guards.
C:D05-A06-V04,variant,C:D05-A06,D05,Contact and navigation handoff,docs/product/ServiceLoop_Conceptual_App_Map_v0_1.md,C:D05-A06,adopted/pending,C07,prepared message,Open; staged; error; ineligible; committing; safe return,color.action;color.focus;color.disabledText;color.surface,L11,P01,Explicit labelled secondary action in the matching D05 section; infrequent management variants in named More menu per screen composition.,Variant “prepared message” of C:D05-A06. Copy exactly selected visible content on explicit action; clipboard warning for sensitive content.,Use C07 role/name/state contract; include current record identity where repeated; preserve logical focus and explicit keyboard action.,action_c_d05_a06_v04,prepared message,mesajul,action-c-d05-a06-v04,T-C-D05-A06-V04: exercise this exact variant in its applicable state; inherit parent guards.
C:D11-A04-V01,variant,C:D11-A04,D11,File-operation progress,docs/product/ServiceLoop_Conceptual_App_Map_v0_1.md,C:D11-A04,adopted/pending,C05,Done,Open; staged; error; ineligible; committing; safe return,color.action;color.onAction;color.actionPressed;color.surface;color.outlineControl;color.disabledContainer;color.disabledText;color.focus,L11,P01,Primary footer or current review/section commit named Done / Return to record; conditional variants never shown simultaneously as competing primary actions.,Variant “Done” of C:D11-A04. Only terminal result; name full/incomplete/unverified truthfully. Does not certify receipt.,Use C05 role/name/state contract; include current record identity where repeated; preserve logical focus and explicit keyboard action.,action_c_d11_a04_v01,Done,Gata,action-c-d11-a04-v01,T-C-D11-A04-V01: exercise this exact variant in its applicable state; inherit parent guards.
C:D11-A04-V02,variant,C:D11-A04,D11,File-operation progress,docs/product/ServiceLoop_Conceptual_App_Map_v0_1.md,C:D11-A04,adopted/pending,C05,Return to record,Open; staged; error; ineligible; committing; safe return,color.action;color.onAction;color.actionPressed;color.surface;color.outlineControl;color.disabledContainer;color.disabledText;color.focus,L11,P01,Primary footer or current review/section commit named Done / Return to record; conditional variants never shown simultaneously as competing primary actions.,Variant “Return to record” of C:D11-A04. Only terminal result; name full/incomplete/unverified truthfully. Does not certify receipt.,Use C05 role/name/state contract; include current record identity where repeated; preserve logical focus and explicit keyboard action.,action_c_d11_a04_v02,Return to record,Înapoi la înregistrare,action-c-d11-a04-v02,T-C-D11-A04-V02: exercise this exact variant in its applicable state; inherit parent guards.
C:D13-A03-V01,variant,C:D13-A03,D13,Possible duplicate,docs/product/ServiceLoop_Conceptual_App_Map_v0_1.md,C:D13-A03,adopted/pending,C07,Go back and edit,Open; staged; error; ineligible; committing; safe return,color.action;color.focus;color.disabledText;color.surface,L11,P01,Toolbar Back/Cancel or safe dialog dismissal; obey exact parent save contract.,Variant “Go back and edit” of C:D13-A03. Correct or abandon candidate; no duplicate is committed.,Use C07 role/name/state contract; include current record identity where repeated; preserve logical focus and explicit keyboard action.,action_c_d13_a03_v01,Go back and edit,Înapoi la editare,action-c-d13-a03-v01,T-C-D13-A03-V01: exercise this exact variant in its applicable state; inherit parent guards.
C:D13-A03-V02,variant,C:D13-A03,D13,Possible duplicate,docs/product/ServiceLoop_Conceptual_App_Map_v0_1.md,C:D13-A03,adopted/pending,C07,Cancel new record,Open; staged; error; ineligible; committing; safe return,color.action;color.focus;color.disabledText;color.surface,L11,P01,Toolbar Back/Cancel or safe dialog dismissal; obey exact parent save contract.,Variant “Cancel new record” of C:D13-A03. Correct or abandon candidate; no duplicate is committed.,Use C07 role/name/state contract; include current record identity where repeated; preserve logical focus and explicit keyboard action.,action_c_d13_a03_v02,Cancel new record,Renunță la înregistrarea nouă,action-c-d13-a03-v02,T-C-D13-A03-V02: exercise this exact variant in its applicable state; inherit parent guards.
C:S02-A01-V01,variant,C:S02-A01,S02,Home,docs/product/ServiceLoop_Conceptual_App_Map_v0_1.md,C:S02-A01,implemented,C11,Overdue services,Initial load; empty business; working draft; appointments passed; refresh failed with previous data; recovery/capability notice,color.surface;color.canvas;color.textPrimary;color.textSecondary;color.outlineDecorative;color.icon;color.focus,L02,P01,"Named relationship/result row in S02 body, after identity within its labelled section; trailing chevron only when navigable.","Variant “Overdue services” of C:S02-A01. Open Due services with due before business Today, including booked obligations; individual row opens plan.",Use C11 role/name/state contract; include current record identity where repeated; preserve logical focus and explicit keyboard action.,action_c_s02_a01_v01,Overdue services,Servicii restante,action-c-s02-a01-v01,T-C-S02-A01-V01: exercise this exact variant in its applicable state; inherit parent guards.
C:S02-A01-V02,variant,C:S02-A01,S02,Home,docs/product/ServiceLoop_Conceptual_App_Map_v0_1.md,C:S02-A01,implemented,C11,View all,Initial load; empty business; working draft; appointments passed; refresh failed with previous data; recovery/capability notice,color.surface;color.canvas;color.textPrimary;color.textSecondary;color.outlineDecorative;color.icon;color.focus,L02,P01,"Named relationship/result row in S02 body, after identity within its labelled section; trailing chevron only when navigable.","Variant “View all” of C:S02-A01. Open Due services with due before business Today, including booked obligations; individual row opens plan.",Use C11 role/name/state contract; include current record identity where repeated; preserve logical focus and explicit keyboard action.,action_c_s02_a01_v02,View all,Vezi toate,action-c-s02-a01-v02,T-C-S02-A01-V02: exercise this exact variant in its applicable state; inherit parent guards.
C:S02-A02-V01,variant,C:S02-A02,S02,Home,docs/product/ServiceLoop_Conceptual_App_Map_v0_1.md,C:S02-A02,implemented,C11,Due soon,Initial load; empty business; working draft; appointments passed; refresh failed with previous data; recovery/capability notice,color.surface;color.canvas;color.textPrimary;color.textSecondary;color.outlineDecorative;color.icon;color.focus,L02,P01,"Named relationship/result row in S02 body, after identity within its labelled section; trailing chevron only when navigable.",Variant “Due soon” of C:S02-A02. Open Today through configured horizon; subtitle discloses inclusive range.,Use C11 role/name/state contract; include current record identity where repeated; preserve logical focus and explicit keyboard action.,action_c_s02_a02_v01,Due soon,Servicii scadente în curând,action-c-s02-a02-v01,T-C-S02-A02-V01: exercise this exact variant in its applicable state; inherit parent guards.
C:S02-A02-V02,variant,C:S02-A02,S02,Home,docs/product/ServiceLoop_Conceptual_App_Map_v0_1.md,C:S02-A02,implemented,C11,View all,Initial load; empty business; working draft; appointments passed; refresh failed with previous data; recovery/capability notice,color.surface;color.canvas;color.textPrimary;color.textSecondary;color.outlineDecorative;color.icon;color.focus,L02,P01,"Named relationship/result row in S02 body, after identity within its labelled section; trailing chevron only when navigable.",Variant “View all” of C:S02-A02. Open Today through configured horizon; subtitle discloses inclusive range.,Use C11 role/name/state contract; include current record identity where repeated; preserve logical focus and explicit keyboard action.,action_c_s02_a02_v02,View all,Vezi toate,action-c-s02-a02-v02,T-C-S02-A02-V02: exercise this exact variant in its applicable state; inherit parent guards.
C:S02-A03-V01,variant,C:S02-A03,S02,Home,docs/product/ServiceLoop_Conceptual_App_Map_v0_1.md,C:S02-A03,adopted/pending (partial control exposed),C11,Booked visits,Initial load; empty business; working draft; appointments passed; refresh failed with previous data; recovery/capability notice,color.surface;color.canvas;color.textPrimary;color.textSecondary;color.outlineDecorative;color.icon;color.focus,L02,P01,"Named relationship/result row in S02 body, after identity within its labelled section; trailing chevron only when navigable.","Variant “Booked visits” of C:S02-A03. Upcoming booking scope; separately expose passed unresolved appointments, never auto-complete.",Use C11 role/name/state contract; include current record identity where repeated; preserve logical focus and explicit keyboard action.,action_c_s02_a03_v01,Booked visits,Vizite programate,action-c-s02-a03-v01,T-C-S02-A03-V01: exercise this exact variant in its applicable state; inherit parent guards.
C:S02-A03-V02,variant,C:S02-A03,S02,Home,docs/product/ServiceLoop_Conceptual_App_Map_v0_1.md,C:S02-A03,adopted/pending (partial control exposed),C11,View all,Initial load; empty business; working draft; appointments passed; refresh failed with previous data; recovery/capability notice,color.surface;color.canvas;color.textPrimary;color.textSecondary;color.outlineDecorative;color.icon;color.focus,L02,P01,"Named relationship/result row in S02 body, after identity within its labelled section; trailing chevron only when navigable.","Variant “View all” of C:S02-A03. Upcoming booking scope; separately expose passed unresolved appointments, never auto-complete.",Use C11 role/name/state contract; include current record identity where repeated; preserve logical focus and explicit keyboard action.,action_c_s02_a03_v02,View all,Vezi toate,action-c-s02-a03-v02,T-C-S02-A03-V02: exercise this exact variant in its applicable state; inherit parent guards.
C:S02-A04-V01,variant,C:S02-A04,S02,Home,docs/product/ServiceLoop_Conceptual_App_Map_v0_1.md,C:S02-A04,adopted/pending (partial control exposed),C11,Unfinished visits,Initial load; empty business; working draft; appointments passed; refresh failed with previous data; recovery/capability notice,color.surface;color.canvas;color.textPrimary;color.textSecondary;color.outlineDecorative;color.icon;color.focus,L02,P01,"Named relationship/result row in S02 body, after identity within its labelled section; trailing chevron only when navigable.",Variant “Unfinished visits” of C:S02-A04. Open actual Working record; correction drafts separately labelled; no guessing a different visit.,Use C11 role/name/state contract; include current record identity where repeated; preserve logical focus and explicit keyboard action.,action_c_s02_a04_v01,Unfinished visits,Vizite nefinalizate,action-c-s02-a04-v01,T-C-S02-A04-V01: exercise this exact variant in its applicable state; inherit parent guards.
C:S02-A04-V02,variant,C:S02-A04,S02,Home,docs/product/ServiceLoop_Conceptual_App_Map_v0_1.md,C:S02-A04,adopted/pending (partial control exposed),C11,View all,Initial load; empty business; working draft; appointments passed; refresh failed with previous data; recovery/capability notice,color.surface;color.canvas;color.textPrimary;color.textSecondary;color.outlineDecorative;color.icon;color.focus,L02,P01,"Named relationship/result row in S02 body, after identity within its labelled section; trailing chevron only when navigable.",Variant “View all” of C:S02-A04. Open actual Working record; correction drafts separately labelled; no guessing a different visit.,Use C11 role/name/state contract; include current record identity where repeated; preserve logical focus and explicit keyboard action.,action_c_s02_a04_v02,View all,Vezi toate,action-c-s02-a04-v02,T-C-S02-A04-V02: exercise this exact variant in its applicable state; inherit parent guards.
C:S02-A05-V01,variant,C:S02-A05,S02,Home,docs/product/ServiceLoop_Conceptual_App_Map_v0_1.md,C:S02-A05,adopted/pending (partial control exposed),C11,Follow-ups,Initial load; empty business; working draft; appointments passed; refresh failed with previous data; recovery/capability notice,color.surface;color.canvas;color.textPrimary;color.textSecondary;color.outlineDecorative;color.icon;color.focus,L02,P01,"Named relationship/result row in S02 body, after identity within its labelled section; trailing chevron only when navigable.",Variant “Follow-ups” of C:S02-A05. Open relevant due/open Contact or Corrective task scope; all-open route includes future tasks.,Use C11 role/name/state contract; include current record identity where repeated; preserve logical focus and explicit keyboard action.,action_c_s02_a05_v01,Follow-ups,Acțiuni de urmărire,action-c-s02-a05-v01,T-C-S02-A05-V01: exercise this exact variant in its applicable state; inherit parent guards.
C:S02-A05-V02,variant,C:S02-A05,S02,Home,docs/product/ServiceLoop_Conceptual_App_Map_v0_1.md,C:S02-A05,adopted/pending (partial control exposed),C11,View all,Initial load; empty business; working draft; appointments passed; refresh failed with previous data; recovery/capability notice,color.surface;color.canvas;color.textPrimary;color.textSecondary;color.outlineDecorative;color.icon;color.focus,L02,P01,"Named relationship/result row in S02 body, after identity within its labelled section; trailing chevron only when navigable.",Variant “View all” of C:S02-A05. Open relevant due/open Contact or Corrective task scope; all-open route includes future tasks.,Use C11 role/name/state contract; include current record identity where repeated; preserve logical focus and explicit keyboard action.,action_c_s02_a05_v02,View all,Vezi toate,action-c-s02-a05-v02,T-C-S02-A05-V02: exercise this exact variant in its applicable state; inherit parent guards.
C:S02-A12-V01,variant,C:S02-A12,S02,Home,docs/product/ServiceLoop_Conceptual_App_Map_v0_1.md,C:S02-A12,implemented,C03,Work,Initial load; empty business; working draft; appointments passed; refresh failed with previous data; recovery/capability notice,color.surface;color.selection;color.action;color.textSecondary;color.focus,L02,P01,"Root bottom navigation, or separate Settings toolbar action as named; never inside unfinished editor.",Variant “Work” of C:S02-A12. Switch root and retain session filter/scroll; never discard durable Working data.,Use C03 role/name/state contract; include current record identity where repeated; preserve logical focus and explicit keyboard action.,action_c_s02_a12_v01,Work,Lucrări,action-c-s02-a12-v01,T-C-S02-A12-V01: exercise this exact variant in its applicable state; inherit parent guards.
C:S02-A12-V02,variant,C:S02-A12,S02,Home,docs/product/ServiceLoop_Conceptual_App_Map_v0_1.md,C:S02-A12,implemented,C03,Customers,Initial load; empty business; working draft; appointments passed; refresh failed with previous data; recovery/capability notice,color.surface;color.selection;color.action;color.textSecondary;color.focus,L02,P01,"Root bottom navigation, or separate Settings toolbar action as named; never inside unfinished editor.",Variant “Customers” of C:S02-A12. Switch root and retain session filter/scroll; never discard durable Working data.,Use C03 role/name/state contract; include current record identity where repeated; preserve logical focus and explicit keyboard action.,action_c_s02_a12_v02,Customers,Clienți,action-c-s02-a12-v02,T-C-S02-A12-V02: exercise this exact variant in its applicable state; inherit parent guards.
C:S03-A01-V01,variant,C:S03-A01,S03,Work,docs/product/ServiceLoop_Conceptual_App_Map_v0_1.md,C:S03-A01,implemented,C16,Due services,Each tab empty/no-match/loading/read error; overdue+booked; partial selection; historical/void visits,color.selection;color.onSelection;color.selectionOutline;color.surface;color.textPrimary;color.outlineControl;color.focus,L03,P03,List/selector controls immediately below top bar and before result count; never a status badge.,Variant “Due services” of C:S03-A01. Change list family with each tab's retained session context; no mutation.,Use C16 role/name/state contract; include current record identity where repeated; preserve logical focus and explicit keyboard action.,action_c_s03_a01_v01,Due services,Servicii scadente,action-c-s03-a01-v01,T-C-S03-A01-V01: exercise this exact variant in its applicable state; inherit parent guards.
C:S03-A01-V02,variant,C:S03-A01,S03,Work,docs/product/ServiceLoop_Conceptual_App_Map_v0_1.md,C:S03-A01,implemented,C16,Visits,Each tab empty/no-match/loading/read error; overdue+booked; partial selection; historical/void visits,color.selection;color.onSelection;color.selectionOutline;color.surface;color.textPrimary;color.outlineControl;color.focus,L03,P03,List/selector controls immediately below top bar and before result count; never a status badge.,Variant “Visits” of C:S03-A01. Change list family with each tab's retained session context; no mutation.,Use C16 role/name/state contract; include current record identity where repeated; preserve logical focus and explicit keyboard action.,action_c_s03_a01_v02,Visits,Vizite,action-c-s03-a01-v02,T-C-S03-A01-V02: exercise this exact variant in its applicable state; inherit parent guards.
C:S03-A01-V03,variant,C:S03-A01,S03,Work,docs/product/ServiceLoop_Conceptual_App_Map_v0_1.md,C:S03-A01,implemented,C16,Follow-ups,Each tab empty/no-match/loading/read error; overdue+booked; partial selection; historical/void visits,color.selection;color.onSelection;color.selectionOutline;color.surface;color.textPrimary;color.outlineControl;color.focus,L03,P03,List/selector controls immediately below top bar and before result count; never a status badge.,Variant “Follow-ups” of C:S03-A01. Change list family with each tab's retained session context; no mutation.,Use C16 role/name/state contract; include current record identity where repeated; preserve logical focus and explicit keyboard action.,action_c_s03_a01_v03,Follow-ups,Acțiuni de urmărire,action-c-s03-a01-v03,T-C-S03-A01-V03: exercise this exact variant in its applicable state; inherit parent guards.
C:S03-A02-V01,variant,C:S03-A02,S03,Work,docs/product/ServiceLoop_Conceptual_App_Map_v0_1.md,C:S03-A02,adopted/pending (partial control exposed),C17,Search,Each tab empty/no-match/loading/read error; overdue+booked; partial selection; historical/void visits,color.surface;color.textPrimary;color.textSecondary;color.icon;color.outlineDecorative;color.focus,L03,P03,List/selector controls immediately below top bar and before result count; never a status badge.,Variant “Search” of C:S03-A02. Filter the active list by names/references/context; no-results distinct from empty.,Use C17 role/name/state contract; include current record identity where repeated; preserve logical focus and explicit keyboard action.,action_c_s03_a02_v01,Search,Caută,action-c-s03-a02-v01,T-C-S03-A02-V01: exercise this exact variant in its applicable state; inherit parent guards.
C:S03-A02-V02,variant,C:S03-A02,S03,Work,docs/product/ServiceLoop_Conceptual_App_Map_v0_1.md,C:S03-A02,adopted/pending (partial control exposed),C17,Clear,Each tab empty/no-match/loading/read error; overdue+booked; partial selection; historical/void visits,color.surface;color.textPrimary;color.textSecondary;color.icon;color.outlineDecorative;color.focus,L03,P03,List/selector controls immediately below top bar and before result count; never a status badge.,Variant “Clear” of C:S03-A02. Filter the active list by names/references/context; no-results distinct from empty.,Use C17 role/name/state contract; include current record identity where repeated; preserve logical focus and explicit keyboard action.,action_c_s03_a02_v02,Clear,Șterge,action-c-s03-a02-v02,T-C-S03-A02-V02: exercise this exact variant in its applicable state; inherit parent guards.
C:S03-A09-V01,variant,C:S03-A09,S03,Work,docs/product/ServiceLoop_Conceptual_App_Map_v0_1.md,C:S03-A09,adopted/pending (partial control exposed),C11,Open row,Each tab empty/no-match/loading/read error; overdue+booked; partial selection; historical/void visits,color.surface;color.canvas;color.textPrimary;color.textSecondary;color.outlineDecorative;color.icon;color.focus,L03,P01,"Named relationship/result row in S03 body, after identity within its labelled section; trailing chevron only when navigable.","Variant “Open row” of C:S03-A09. Route by actual current entity state; unavailable link explains, never matches by similar name.",Use C11 role/name/state contract; include current record identity where repeated; preserve logical focus and explicit keyboard action.,action_c_s03_a09_v01,Open row,Deschide rândul,action-c-s03-a09-v01,T-C-S03-A09-V01: exercise this exact variant in its applicable state; inherit parent guards.
C:S03-A09-V02,variant,C:S03-A09,S03,Work,docs/product/ServiceLoop_Conceptual_App_Map_v0_1.md,C:S03-A09,adopted/pending (partial control exposed),C11,linked booking badge,Each tab empty/no-match/loading/read error; overdue+booked; partial selection; historical/void visits,color.surface;color.canvas;color.textPrimary;color.textSecondary;color.outlineDecorative;color.icon;color.focus,L03,P01,"Named relationship/result row in S03 body, after identity within its labelled section; trailing chevron only when navigable.","Variant “linked booking badge” of C:S03-A09. Route by actual current entity state; unavailable link explains, never matches by similar name.",Use C11 role/name/state contract; include current record identity where repeated; preserve logical focus and explicit keyboard action.,action_c_s03_a09_v02,linked booking badge,vizita asociată,action-c-s03-a09-v02,T-C-S03-A09-V02: exercise this exact variant in its applicable state; inherit parent guards.
C:S03-A11-V01,variant,C:S03-A11,S03,Work,docs/product/ServiceLoop_Conceptual_App_Map_v0_1.md,C:S03-A11,adopted/pending (partial control exposed),C05,Book selected,Each tab empty/no-match/loading/read error; overdue+booked; partial selection; historical/void visits,color.action;color.onAction;color.actionPressed;color.surface;color.outlineControl;color.disabledContainer;color.disabledText;color.focus,L03,P01,Primary footer or current review/section commit named Book selected / Start selected; conditional variants never shown simultaneously as competing primary actions.,Variant “Book selected” of C:S03-A11. Adopted setup review with staged work; current direct commit divergence E04 is not a cosmetic fix.,Use C05 role/name/state contract; include current record identity where repeated; preserve logical focus and explicit keyboard action.,action_c_s03_a11_v01,Book selected,Programează selecția,action-c-s03-a11-v01,T-C-S03-A11-V01: exercise this exact variant in its applicable state; inherit parent guards.
C:S03-A11-V02,variant,C:S03-A11,S03,Work,docs/product/ServiceLoop_Conceptual_App_Map_v0_1.md,C:S03-A11,adopted/pending (partial control exposed),C05,Start selected,Each tab empty/no-match/loading/read error; overdue+booked; partial selection; historical/void visits,color.action;color.onAction;color.actionPressed;color.surface;color.outlineControl;color.disabledContainer;color.disabledText;color.focus,L03,P01,Primary footer or current review/section commit named Book selected / Start selected; conditional variants never shown simultaneously as competing primary actions.,Variant “Start selected” of C:S03-A11. Adopted setup review with staged work; current direct commit divergence E04 is not a cosmetic fix.,Use C05 role/name/state contract; include current record identity where repeated; preserve logical focus and explicit keyboard action.,action_c_s03_a11_v02,Start selected,Începe selecția,action-c-s03-a11-v02,T-C-S03-A11-V02: exercise this exact variant in its applicable state; inherit parent guards.
C:S03-A13-V01,variant,C:S03-A13,S03,Work,docs/product/ServiceLoop_Conceptual_App_Map_v0_1.md,C:S03-A13,adopted/pending (partial control exposed),C05,New visit,Each tab empty/no-match/loading/read error; overdue+booked; partial selection; historical/void visits,color.action;color.onAction;color.actionPressed;color.surface;color.outlineControl;color.disabledContainer;color.disabledText;color.focus,L03,P01,Primary footer or current review/section commit named New visit / New follow-up; conditional variants never shown simultaneously as competing primary actions.,Variant “New visit” of C:S03-A13. Open corresponding scoped editor; no blank durable entity before save/start.,Use C05 role/name/state contract; include current record identity where repeated; preserve logical focus and explicit keyboard action.,action_c_s03_a13_v01,New visit,Vizită nouă,action-c-s03-a13-v01,T-C-S03-A13-V01: exercise this exact variant in its applicable state; inherit parent guards.
C:S03-A13-V02,variant,C:S03-A13,S03,Work,docs/product/ServiceLoop_Conceptual_App_Map_v0_1.md,C:S03-A13,adopted/pending (partial control exposed),C05,New follow-up,Each tab empty/no-match/loading/read error; overdue+booked; partial selection; historical/void visits,color.action;color.onAction;color.actionPressed;color.surface;color.outlineControl;color.disabledContainer;color.disabledText;color.focus,L03,P01,Primary footer or current review/section commit named New visit / New follow-up; conditional variants never shown simultaneously as competing primary actions.,Variant “New follow-up” of C:S03-A13. Open corresponding scoped editor; no blank durable entity before save/start.,Use C05 role/name/state contract; include current record identity where repeated; preserve logical focus and explicit keyboard action.,action_c_s03_a13_v02,New follow-up,Acțiune de urmărire nouă,action-c-s03-a13-v02,T-C-S03-A13-V02: exercise this exact variant in its applicable state; inherit parent guards.
C:S03-A14-V01,variant,C:S03-A14,S03,Work,docs/product/ServiceLoop_Conceptual_App_Map_v0_1.md,C:S03-A14,implemented,C03,Home,Each tab empty/no-match/loading/read error; overdue+booked; partial selection; historical/void visits,color.surface;color.selection;color.action;color.textSecondary;color.focus,L03,P01,"Root bottom navigation, or separate Settings toolbar action as named; never inside unfinished editor.",Variant “Home” of C:S03-A14. Root/context navigation with state retention and no business mutation.,Use C03 role/name/state contract; include current record identity where repeated; preserve logical focus and explicit keyboard action.,action_c_s03_a14_v01,Home,Acasă,action-c-s03-a14-v01,T-C-S03-A14-V01: exercise this exact variant in its applicable state; inherit parent guards.
C:S03-A14-V02,variant,C:S03-A14,S03,Work,docs/product/ServiceLoop_Conceptual_App_Map_v0_1.md,C:S03-A14,implemented,C03,Customers,Each tab empty/no-match/loading/read error; overdue+booked; partial selection; historical/void visits,color.surface;color.selection;color.action;color.textSecondary;color.focus,L03,P01,"Root bottom navigation, or separate Settings toolbar action as named; never inside unfinished editor.",Variant “Customers” of C:S03-A14. Root/context navigation with state retention and no business mutation.,Use C03 role/name/state contract; include current record identity where repeated; preserve logical focus and explicit keyboard action.,action_c_s03_a14_v02,Customers,Clienți,action-c-s03-a14-v02,T-C-S03-A14-V02: exercise this exact variant in its applicable state; inherit parent guards.
C:S03-A14-V03,variant,C:S03-A14,S03,Work,docs/product/ServiceLoop_Conceptual_App_Map_v0_1.md,C:S03-A14,implemented,C03,Settings,Each tab empty/no-match/loading/read error; overdue+booked; partial selection; historical/void visits,color.surface;color.selection;color.action;color.textSecondary;color.focus,L03,P01,"Root bottom navigation, or separate Settings toolbar action as named; never inside unfinished editor.",Variant “Settings” of C:S03-A14. Root/context navigation with state retention and no business mutation.,Use C03 role/name/state contract; include current record identity where repeated; preserve logical focus and explicit keyboard action.,action_c_s03_a14_v03,Settings,Setări,action-c-s03-a14-v03,T-C-S03-A14-V03: exercise this exact variant in its applicable state; inherit parent guards.
C:S04-A01-V01,variant,C:S04-A01,S04,Search,docs/product/ServiceLoop_Conceptual_App_Map_v0_1.md,C:S04-A01,implemented,C17,Search text,Empty query; searching; results; no matches; read failure,color.surface;color.textPrimary;color.textSecondary;color.icon;color.outlineDecorative;color.focus,L03,P03,List/selector controls immediately below top bar and before result count; never a status badge.,"Variant “Search text” of C:S04-A01. Debounced local lookup; empty query explains fields, not full history dump.",Use C17 role/name/state contract; include current record identity where repeated; preserve logical focus and explicit keyboard action.,action_c_s04_a01_v01,Search text,Text căutare,action-c-s04-a01-v01,T-C-S04-A01-V01: exercise this exact variant in its applicable state; inherit parent guards.
C:S04-A01-V02,variant,C:S04-A01,S04,Search,docs/product/ServiceLoop_Conceptual_App_Map_v0_1.md,C:S04-A01,implemented,C17,Clear,Empty query; searching; results; no matches; read failure,color.surface;color.textPrimary;color.textSecondary;color.icon;color.outlineDecorative;color.focus,L03,P03,List/selector controls immediately below top bar and before result count; never a status badge.,"Variant “Clear” of C:S04-A01. Debounced local lookup; empty query explains fields, not full history dump.",Use C17 role/name/state contract; include current record identity where repeated; preserve logical focus and explicit keyboard action.,action_c_s04_a01_v02,Clear,Șterge,action-c-s04-a01-v02,T-C-S04-A01-V02: exercise this exact variant in its applicable state; inherit parent guards.
C:S04-A02-V01,variant,C:S04-A02,S04,Search,docs/product/ServiceLoop_Conceptual_App_Map_v0_1.md,C:S04-A02,adopted/pending,C16,Entity chips,Empty query; searching; results; no matches; read failure,color.selection;color.onSelection;color.selectionOutline;color.surface;color.textPrimary;color.outlineControl;color.focus,L03,P03,List/selector controls immediately below top bar and before result count; never a status badge.,Variant “Entity chips” of C:S04-A02. Filter entity/inactive scope; no activation or merge.,Use C16 role/name/state contract; include current record identity where repeated; preserve logical focus and explicit keyboard action.,action_c_s04_a02_v01,Entity chips,Tip înregistrare,action-c-s04-a02-v01,T-C-S04-A02-V01: exercise this exact variant in its applicable state; inherit parent guards.
C:S04-A02-V02,variant,C:S04-A02,S04,Search,docs/product/ServiceLoop_Conceptual_App_Map_v0_1.md,C:S04-A02,adopted/pending,C16,Include inactive,Empty query; searching; results; no matches; read failure,color.selection;color.onSelection;color.selectionOutline;color.surface;color.textPrimary;color.outlineControl;color.focus,L03,P03,List/selector controls immediately below top bar and before result count; never a status badge.,Variant “Include inactive” of C:S04-A02. Filter entity/inactive scope; no activation or merge.,Use C16 role/name/state contract; include current record identity where repeated; preserve logical focus and explicit keyboard action.,action_c_s04_a02_v02,Include inactive,Include inactive,action-c-s04-a02-v02,T-C-S04-A02-V02: exercise this exact variant in its applicable state; inherit parent guards.
C:S05-A01-V01,variant,C:S05-A01,S05,Customers,docs/product/ServiceLoop_Conceptual_App_Map_v0_1.md,C:S05-A01,implemented,C16,Customers,No directory; no sites; no equipment; no matches; archived/retired; failed load,color.selection;color.onSelection;color.selectionOutline;color.surface;color.textPrimary;color.outlineControl;color.focus,L03,P03,List/selector controls immediately below top bar and before result count; never a status badge.,Variant “Customers” of C:S05-A01. B-011 adds peer Sites register to original source action; selected tab retained.,Use C16 role/name/state contract; include current record identity where repeated; preserve logical focus and explicit keyboard action.,action_c_s05_a01_v01,Customers,Clienți,action-c-s05-a01-v01,T-C-S05-A01-V01: exercise this exact variant in its applicable state; inherit parent guards.
C:S05-A01-V02,variant,C:S05-A01,S05,Customers,docs/product/ServiceLoop_Conceptual_App_Map_v0_1.md,C:S05-A01,implemented,C16,Equipment,No directory; no sites; no equipment; no matches; archived/retired; failed load,color.selection;color.onSelection;color.selectionOutline;color.surface;color.textPrimary;color.outlineControl;color.focus,L03,P03,List/selector controls immediately below top bar and before result count; never a status badge.,Variant “Equipment” of C:S05-A01. B-011 adds peer Sites register to original source action; selected tab retained.,Use C16 role/name/state contract; include current record identity where repeated; preserve logical focus and explicit keyboard action.,action_c_s05_a01_v02,Equipment,Echipamente,action-c-s05-a01-v02,T-C-S05-A01-V02: exercise this exact variant in its applicable state; inherit parent guards.
C:S05-A01-V03,variant,C:S05-A01,S05,Customers,docs/product/ServiceLoop_Conceptual_App_Map_v0_1.md,C:S05-A01,implemented,C16,Sites,No directory; no sites; no equipment; no matches; archived/retired; failed load,color.selection;color.onSelection;color.selectionOutline;color.surface;color.textPrimary;color.outlineControl;color.focus,L03,P03,List/selector controls immediately below top bar and before result count; never a status badge.,Variant “Sites” of C:S05-A01. B-011 adds peer Sites register to original source action; selected tab retained.,Use C16 role/name/state contract; include current record identity where repeated; preserve logical focus and explicit keyboard action.,action_c_s05_a01_v03,Sites,Locații,action-c-s05-a01-v03,T-C-S05-A01-V03: exercise this exact variant in its applicable state; inherit parent guards.
C:S05-A02-V01,variant,C:S05-A02,S05,Customers,docs/product/ServiceLoop_Conceptual_App_Map_v0_1.md,C:S05-A02,adopted/pending,C17,Search,No directory; no sites; no equipment; no matches; archived/retired; failed load,color.surface;color.textPrimary;color.textSecondary;color.icon;color.outlineDecorative;color.focus,L03,P03,List/selector controls immediately below top bar and before result count; never a status badge.,"Variant “Search” of C:S05-A02. Search fields appropriate to active register, including references and equipment identifiers.",Use C17 role/name/state contract; include current record identity where repeated; preserve logical focus and explicit keyboard action.,action_c_s05_a02_v01,Search,Caută,action-c-s05-a02-v01,T-C-S05-A02-V01: exercise this exact variant in its applicable state; inherit parent guards.
C:S05-A02-V02,variant,C:S05-A02,S05,Customers,docs/product/ServiceLoop_Conceptual_App_Map_v0_1.md,C:S05-A02,adopted/pending,C17,Clear,No directory; no sites; no equipment; no matches; archived/retired; failed load,color.surface;color.textPrimary;color.textSecondary;color.icon;color.outlineDecorative;color.focus,L03,P03,List/selector controls immediately below top bar and before result count; never a status badge.,"Variant “Clear” of C:S05-A02. Search fields appropriate to active register, including references and equipment identifiers.",Use C17 role/name/state contract; include current record identity where repeated; preserve logical focus and explicit keyboard action.,action_c_s05_a02_v02,Clear,Șterge,action-c-s05-a02-v02,T-C-S05-A02-V02: exercise this exact variant in its applicable state; inherit parent guards.
C:S05-A05-V01,variant,C:S05-A05,S05,Customers,docs/product/ServiceLoop_Conceptual_App_Map_v0_1.md,C:S05-A05,implemented,C11,Customer,No directory; no sites; no equipment; no matches; archived/retired; failed load,color.surface;color.canvas;color.textPrimary;color.textSecondary;color.outlineDecorative;color.icon;color.focus,L03,P01,"Named relationship/result row in S05 body, after identity within its labelled section; trailing chevron only when navigable.",Variant “Customer” of C:S05-A05. Open correct stable-ID detail; no hidden long-press dependency.,Use C11 role/name/state contract; include current record identity where repeated; preserve logical focus and explicit keyboard action.,action_c_s05_a05_v01,Customer,Rând client,action-c-s05-a05-v01,T-C-S05-A05-V01: exercise this exact variant in its applicable state; inherit parent guards.
C:S05-A05-V02,variant,C:S05-A05,S05,Customers,docs/product/ServiceLoop_Conceptual_App_Map_v0_1.md,C:S05-A05,implemented,C11,equipment,No directory; no sites; no equipment; no matches; archived/retired; failed load,color.surface;color.canvas;color.textPrimary;color.textSecondary;color.outlineDecorative;color.icon;color.focus,L03,P01,"Named relationship/result row in S05 body, after identity within its labelled section; trailing chevron only when navigable.",Variant “equipment” of C:S05-A05. Open correct stable-ID detail; no hidden long-press dependency.,Use C11 role/name/state contract; include current record identity where repeated; preserve logical focus and explicit keyboard action.,action_c_s05_a05_v02,equipment,echipament,action-c-s05-a05-v02,T-C-S05-A05-V02: exercise this exact variant in its applicable state; inherit parent guards.
C:S05-A05-V03,variant,C:S05-A05,S05,Customers,docs/product/ServiceLoop_Conceptual_App_Map_v0_1.md,C:S05-A05,implemented,C11,site row,No directory; no sites; no equipment; no matches; archived/retired; failed load,color.surface;color.canvas;color.textPrimary;color.textSecondary;color.outlineDecorative;color.icon;color.focus,L03,P01,"Named relationship/result row in S05 body, after identity within its labelled section; trailing chevron only when navigable.",Variant “site row” of C:S05-A05. Open correct stable-ID detail; no hidden long-press dependency.,Use C11 role/name/state contract; include current record identity where repeated; preserve logical focus and explicit keyboard action.,action_c_s05_a05_v03,site row,locație,action-c-s05-a05-v03,T-C-S05-A05-V03: exercise this exact variant in its applicable state; inherit parent guards.
C:S05-A06-V01,variant,C:S05-A06,S05,Customers,docs/product/ServiceLoop_Conceptual_App_Map_v0_1.md,C:S05-A06,implemented,C05,Add customer,No directory; no sites; no equipment; no matches; archived/retired; failed load,color.action;color.onAction;color.actionPressed;color.surface;color.outlineControl;color.disabledContainer;color.disabledText;color.focus,L03,P01,Primary footer or current review/section commit named Add customer / Add equipment; conditional variants never shown simultaneously as competing primary actions.,Variant “Add customer” of C:S05-A06. Equipment first selects actual site; cancellation creates nothing.,Use C05 role/name/state contract; include current record identity where repeated; preserve logical focus and explicit keyboard action.,action_c_s05_a06_v01,Add customer,Adaugă client,action-c-s05-a06-v01,T-C-S05-A06-V01: exercise this exact variant in its applicable state; inherit parent guards.
C:S05-A06-V02,variant,C:S05-A06,S05,Customers,docs/product/ServiceLoop_Conceptual_App_Map_v0_1.md,C:S05-A06,implemented,C05,Add equipment,No directory; no sites; no equipment; no matches; archived/retired; failed load,color.action;color.onAction;color.actionPressed;color.surface;color.outlineControl;color.disabledContainer;color.disabledText;color.focus,L03,P01,Primary footer or current review/section commit named Add customer / Add equipment; conditional variants never shown simultaneously as competing primary actions.,Variant “Add equipment” of C:S05-A06. Equipment first selects actual site; cancellation creates nothing.,Use C05 role/name/state contract; include current record identity where repeated; preserve logical focus and explicit keyboard action.,action_c_s05_a06_v02,Add equipment,Adaugă echipament,action-c-s05-a06-v02,T-C-S05-A06-V02: exercise this exact variant in its applicable state; inherit parent guards.
C:S05-A07-V01,variant,C:S05-A07,S05,Customers,docs/product/ServiceLoop_Conceptual_App_Map_v0_1.md,C:S05-A07,implemented,C07,Global search,No directory; no sites; no equipment; no matches; archived/retired; failed load,color.action;color.focus;color.disabledText;color.surface,L03,P01,Named top-bar action; returned destination restores invoking context.,Variant “Global search” of C:S05-A07. Open supporting route and return here.,Use C07 role/name/state contract; include current record identity where repeated; preserve logical focus and explicit keyboard action.,action_c_s05_a07_v01,Global search,Căutare globală,action-c-s05-a07-v01,T-C-S05-A07-V01: exercise this exact variant in its applicable state; inherit parent guards.
C:S05-A07-V02,variant,C:S05-A07,S05,Customers,docs/product/ServiceLoop_Conceptual_App_Map_v0_1.md,C:S05-A07,implemented,C07,Settings,No directory; no sites; no equipment; no matches; archived/retired; failed load,color.action;color.focus;color.disabledText;color.surface,L03,P01,Named top-bar action; returned destination restores invoking context.,Variant “Settings” of C:S05-A07. Open supporting route and return here.,Use C07 role/name/state contract; include current record identity where repeated; preserve logical focus and explicit keyboard action.,action_c_s05_a07_v02,Settings,Setări,action-c-s05-a07-v02,T-C-S05-A07-V02: exercise this exact variant in its applicable state; inherit parent guards.
C:S05-A08-V01,variant,C:S05-A08,S05,Customers,docs/product/ServiceLoop_Conceptual_App_Map_v0_1.md,C:S05-A08,implemented,C03,Home,No directory; no sites; no equipment; no matches; archived/retired; failed load,color.surface;color.selection;color.action;color.textSecondary;color.focus,L03,P01,"Root bottom navigation, or separate Settings toolbar action as named; never inside unfinished editor.",Variant “Home” of C:S05-A08. Switch root without business mutation.,Use C03 role/name/state contract; include current record identity where repeated; preserve logical focus and explicit keyboard action.,action_c_s05_a08_v01,Home,Acasă,action-c-s05-a08-v01,T-C-S05-A08-V01: exercise this exact variant in its applicable state; inherit parent guards.
C:S05-A08-V02,variant,C:S05-A08,S05,Customers,docs/product/ServiceLoop_Conceptual_App_Map_v0_1.md,C:S05-A08,implemented,C03,Work,No directory; no sites; no equipment; no matches; archived/retired; failed load,color.surface;color.selection;color.action;color.textSecondary;color.focus,L03,P01,"Root bottom navigation, or separate Settings toolbar action as named; never inside unfinished editor.",Variant “Work” of C:S05-A08. Switch root without business mutation.,Use C03 role/name/state contract; include current record identity where repeated; preserve logical focus and explicit keyboard action.,action_c_s05_a08_v02,Work,Lucrări,action-c-s05-a08-v02,T-C-S05-A08-V02: exercise this exact variant in its applicable state; inherit parent guards.
C:S06-A03-V01,variant,C:S06-A03,S06,Customer,docs/product/ServiceLoop_Conceptual_App_Map_v0_1.md,C:S06-A03,implemented,C11,Site row,Active; archived; no site/equipment/contact; recent note entered in error; read failure,color.surface;color.canvas;color.textPrimary;color.textSecondary;color.outlineDecorative;color.icon;color.focus,L04,P01,"Named relationship/result row in S06 body, after identity within its labelled section; trailing chevron only when navigable.",Variant “Site row” of C:S06-A03. Open existing detail or new scoped site editor; new site only when eligible.,Use C11 role/name/state contract; include current record identity where repeated; preserve logical focus and explicit keyboard action.,action_c_s06_a03_v01,Site row,Locație,action-c-s06-a03-v01,T-C-S06-A03-V01: exercise this exact variant in its applicable state; inherit parent guards.
C:S06-A03-V02,variant,C:S06-A03,S06,Customer,docs/product/ServiceLoop_Conceptual_App_Map_v0_1.md,C:S06-A03,implemented,C11,Add site,Active; archived; no site/equipment/contact; recent note entered in error; read failure,color.surface;color.canvas;color.textPrimary;color.textSecondary;color.outlineDecorative;color.icon;color.focus,L04,P01,"Named relationship/result row in S06 body, after identity within its labelled section; trailing chevron only when navigable.",Variant “Add site” of C:S06-A03. Open existing detail or new scoped site editor; new site only when eligible.,Use C11 role/name/state contract; include current record identity where repeated; preserve logical focus and explicit keyboard action.,action_c_s06_a03_v02,Add site,Adaugă locație,action-c-s06-a03-v02,T-C-S06-A03-V02: exercise this exact variant in its applicable state; inherit parent guards.
C:S06-A04-V01,variant,C:S06-A04,S06,Customer,docs/product/ServiceLoop_Conceptual_App_Map_v0_1.md,C:S06-A04,adopted/pending,C11,Equipment,Active; archived; no site/equipment/contact; recent note entered in error; read failure,color.surface;color.canvas;color.textPrimary;color.textSecondary;color.outlineDecorative;color.icon;color.focus,L04,P01,"Named relationship/result row in S06 body, after identity within its labelled section; trailing chevron only when navigable.",Variant “Equipment” of C:S06-A04. Open explicitly customer-scoped list with clearable visible scope.,Use C11 role/name/state contract; include current record identity where repeated; preserve logical focus and explicit keyboard action.,action_c_s06_a04_v01,Equipment,Echipamente,action-c-s06-a04-v01,T-C-S06-A04-V01: exercise this exact variant in its applicable state; inherit parent guards.
C:S06-A04-V02,variant,C:S06-A04,S06,Customer,docs/product/ServiceLoop_Conceptual_App_Map_v0_1.md,C:S06-A04,adopted/pending,C11,Due services,Active; archived; no site/equipment/contact; recent note entered in error; read failure,color.surface;color.canvas;color.textPrimary;color.textSecondary;color.outlineDecorative;color.icon;color.focus,L04,P01,"Named relationship/result row in S06 body, after identity within its labelled section; trailing chevron only when navigable.",Variant “Due services” of C:S06-A04. Open explicitly customer-scoped list with clearable visible scope.,Use C11 role/name/state contract; include current record identity where repeated; preserve logical focus and explicit keyboard action.,action_c_s06_a04_v02,Due services,Servicii scadente,action-c-s06-a04-v02,T-C-S06-A04-V02: exercise this exact variant in its applicable state; inherit parent guards.
C:S06-A04-V03,variant,C:S06-A04,S06,Customer,docs/product/ServiceLoop_Conceptual_App_Map_v0_1.md,C:S06-A04,adopted/pending,C11,Visits,Active; archived; no site/equipment/contact; recent note entered in error; read failure,color.surface;color.canvas;color.textPrimary;color.textSecondary;color.outlineDecorative;color.icon;color.focus,L04,P01,"Named relationship/result row in S06 body, after identity within its labelled section; trailing chevron only when navigable.",Variant “Visits” of C:S06-A04. Open explicitly customer-scoped list with clearable visible scope.,Use C11 role/name/state contract; include current record identity where repeated; preserve logical focus and explicit keyboard action.,action_c_s06_a04_v03,Visits,Vizite,action-c-s06-a04-v03,T-C-S06-A04-V03: exercise this exact variant in its applicable state; inherit parent guards.
C:S06-A04-V04,variant,C:S06-A04,S06,Customer,docs/product/ServiceLoop_Conceptual_App_Map_v0_1.md,C:S06-A04,adopted/pending,C11,Follow-ups,Active; archived; no site/equipment/contact; recent note entered in error; read failure,color.surface;color.canvas;color.textPrimary;color.textSecondary;color.outlineDecorative;color.icon;color.focus,L04,P01,"Named relationship/result row in S06 body, after identity within its labelled section; trailing chevron only when navigable.",Variant “Follow-ups” of C:S06-A04. Open explicitly customer-scoped list with clearable visible scope.,Use C11 role/name/state contract; include current record identity where repeated; preserve logical focus and explicit keyboard action.,action_c_s06_a04_v04,Follow-ups,Acțiuni de urmărire,action-c-s06-a04-v04,T-C-S06-A04-V04: exercise this exact variant in its applicable state; inherit parent guards.
C:S06-A06-V01,variant,C:S06-A06,S06,Customer,docs/product/ServiceLoop_Conceptual_App_Map_v0_1.md,C:S06-A06,adopted/pending (partial control exposed),C07,New visit,Active; archived; no site/equipment/contact; recent note entered in error; read failure,color.action;color.focus;color.disabledText;color.surface,L04,P01,Explicit labelled secondary action in the matching S06 section; infrequent management variants in named More menu per screen composition.,Variant “New visit” of C:S06-A06. Use unambiguous default site when applicable; archived context blocks new current work.,Use C07 role/name/state contract; include current record identity where repeated; preserve logical focus and explicit keyboard action.,action_c_s06_a06_v01,New visit,Vizită nouă,action-c-s06-a06-v01,T-C-S06-A06-V01: exercise this exact variant in its applicable state; inherit parent guards.
C:S06-A06-V02,variant,C:S06-A06,S06,Customer,docs/product/ServiceLoop_Conceptual_App_Map_v0_1.md,C:S06-A06,adopted/pending (partial control exposed),C07,Record contact,Active; archived; no site/equipment/contact; recent note entered in error; read failure,color.action;color.focus;color.disabledText;color.surface,L04,P01,Explicit labelled secondary action in the matching S06 section; infrequent management variants in named More menu per screen composition.,Variant “Record contact” of C:S06-A06. Use unambiguous default site when applicable; archived context blocks new current work.,Use C07 role/name/state contract; include current record identity where repeated; preserve logical focus and explicit keyboard action.,action_c_s06_a06_v02,Record contact,Înregistrează contactarea,action-c-s06-a06-v02,T-C-S06-A06-V02: exercise this exact variant in its applicable state; inherit parent guards.
C:S06-A06-V03,variant,C:S06-A06,S06,Customer,docs/product/ServiceLoop_Conceptual_App_Map_v0_1.md,C:S06-A06,adopted/pending (partial control exposed),C07,Add follow-up,Active; archived; no site/equipment/contact; recent note entered in error; read failure,color.action;color.focus;color.disabledText;color.surface,L04,P01,Explicit labelled secondary action in the matching S06 section; infrequent management variants in named More menu per screen composition.,Variant “Add follow-up” of C:S06-A06. Use unambiguous default site when applicable; archived context blocks new current work.,Use C07 role/name/state contract; include current record identity where repeated; preserve logical focus and explicit keyboard action.,action_c_s06_a06_v03,Add follow-up,Adaugă acțiune de urmărire,action-c-s06-a06-v03,T-C-S06-A06-V03: exercise this exact variant in its applicable state; inherit parent guards.
C:S06-A07-V01,variant,C:S06-A07,S06,Customer,docs/product/ServiceLoop_Conceptual_App_Map_v0_1.md,C:S06-A07,implemented,C34,Archive,Active; archived; no site/equipment/contact; recent note entered in error; read failure,color.textPrimary;color.textSecondary;color.errorInk;color.warningInk;color.action,L04,P10,"Record More → named lifecycle/destructive action; opens explicit review. On dedicated review, named confirmation is footer last.",Variant “Archive” of C:S06-A07. Reasoned dependency review; no cascading child cancellation/archive.,Use C34 role/name/state contract; include current record identity where repeated; preserve logical focus and explicit keyboard action.,action_c_s06_a07_v01,Archive,Arhivează,action-c-s06-a07-v01,T-C-S06-A07-V01: exercise this exact variant in its applicable state; inherit parent guards.
C:S06-A07-V02,variant,C:S06-A07,S06,Customer,docs/product/ServiceLoop_Conceptual_App_Map_v0_1.md,C:S06-A07,implemented,C34,Restore customer,Active; archived; no site/equipment/contact; recent note entered in error; read failure,color.textPrimary;color.textSecondary;color.errorInk;color.warningInk;color.action,L04,P10,"Record More → named lifecycle/destructive action; opens explicit review. On dedicated review, named confirmation is footer last.",Variant “Restore customer” of C:S06-A07. Reasoned dependency review; no cascading child cancellation/archive.,Use C34 role/name/state contract; include current record identity where repeated; preserve logical focus and explicit keyboard action.,action_c_s06_a07_v02,Restore customer,Restaurează clientul,action-c-s06-a07-v02,T-C-S06-A07-V02: exercise this exact variant in its applicable state; inherit parent guards.
C:S07-A02-V01,variant,C:S07-A02,S07,Customer editor,docs/product/ServiceLoop_Conceptual_App_Map_v0_1.md,C:S07-A02,adopted/pending,C07,Choose phone,New/edit; dirty; duplicate review; invalid required name; write failed; unavailable contact handler,color.action;color.focus;color.disabledText;color.surface,L05,P01,Explicit labelled secondary action in the matching S07 section; infrequent management variants in named More menu per screen composition.,Variant “Choose phone” of C:S07-A02. Selected-data handoff only; manual entry remains; no contact-list sync.,Use C07 role/name/state contract; include current record identity where repeated; preserve logical focus and explicit keyboard action.,action_c_s07_a02_v01,Choose phone,Alege telefon,action-c-s07-a02-v01,T-C-S07-A02-V01: exercise this exact variant in its applicable state; inherit parent guards.
C:S07-A02-V02,variant,C:S07-A02,S07,Customer editor,docs/product/ServiceLoop_Conceptual_App_Map_v0_1.md,C:S07-A02,adopted/pending,C07,Choose email from contacts,New/edit; dirty; duplicate review; invalid required name; write failed; unavailable contact handler,color.action;color.focus;color.disabledText;color.surface,L05,P01,Explicit labelled secondary action in the matching S07 section; infrequent management variants in named More menu per screen composition.,Variant “Choose email from contacts” of C:S07-A02. Selected-data handoff only; manual entry remains; no contact-list sync.,Use C07 role/name/state contract; include current record identity where repeated; preserve logical focus and explicit keyboard action.,action_c_s07_a02_v02,Choose email from contacts,e-mail din contacte,action-c-s07-a02-v02,T-C-S07-A02-V02: exercise this exact variant in its applicable state; inherit parent guards.
C:S07-A04-V01,variant,C:S07-A04,S07,Customer editor,docs/product/ServiceLoop_Conceptual_App_Map_v0_1.md,C:S07-A04,implemented,C07,Cancel,New/edit; dirty; duplicate review; invalid required name; write failed; unavailable contact handler,color.action;color.focus;color.disabledText;color.surface,L05,P01,Toolbar Back/Cancel or safe dialog dismissal; obey exact parent save contract.,Variant “Cancel” of C:S07-A04. Dirty guard preserves old record; new cancelled form creates no customer/site.,Use C07 role/name/state contract; include current record identity where repeated; preserve logical focus and explicit keyboard action.,action_c_s07_a04_v01,Cancel,Renunță,action-c-s07-a04-v01,T-C-S07-A04-V01: exercise this exact variant in its applicable state; inherit parent guards.
C:S07-A04-V02,variant,C:S07-A04,S07,Customer editor,docs/product/ServiceLoop_Conceptual_App_Map_v0_1.md,C:S07-A04,implemented,C07,Back,New/edit; dirty; duplicate review; invalid required name; write failed; unavailable contact handler,color.action;color.focus;color.disabledText;color.surface,L05,P01,Toolbar Back/Cancel or safe dialog dismissal; obey exact parent save contract.,Variant “Back” of C:S07-A04. Dirty guard preserves old record; new cancelled form creates no customer/site.,Use C07 role/name/state contract; include current record identity where repeated; preserve logical focus and explicit keyboard action.,action_c_s07_a04_v02,Back,Înapoi,action-c-s07-a04-v02,T-C-S07-A04-V02: exercise this exact variant in its applicable state; inherit parent guards.
C:S08-A03-V01,variant,C:S08-A03,S08,Site,docs/product/ServiceLoop_Conceptual_App_Map_v0_1.md,C:S08-A03,adopted/pending (partial control exposed),C07,Contact,Active/archived; missing address/contact; no equipment; default/nondefault; read failure,color.action;color.focus;color.disabledText;color.surface,L04,P01,Explicit labelled secondary action in the matching S08 section; infrequent management variants in named More menu per screen composition.,Variant “Contact” of C:S08-A03. Use selected actual contact/address; missing values explain and offer editor.,Use C07 role/name/state contract; include current record identity where repeated; preserve logical focus and explicit keyboard action.,action_c_s08_a03_v01,Contact,Contactează,action-c-s08-a03-v01,T-C-S08-A03-V01: exercise this exact variant in its applicable state; inherit parent guards.
C:S08-A03-V02,variant,C:S08-A03,S08,Site,docs/product/ServiceLoop_Conceptual_App_Map_v0_1.md,C:S08-A03,adopted/pending (partial control exposed),C07,Open map,Active/archived; missing address/contact; no equipment; default/nondefault; read failure,color.action;color.focus;color.disabledText;color.surface,L04,P01,Explicit labelled secondary action in the matching S08 section; infrequent management variants in named More menu per screen composition.,Variant “Open map” of C:S08-A03. Use selected actual contact/address; missing values explain and offer editor.,Use C07 role/name/state contract; include current record identity where repeated; preserve logical focus and explicit keyboard action.,action_c_s08_a03_v02,Open map,Deschide harta,action-c-s08-a03-v02,T-C-S08-A03-V02: exercise this exact variant in its applicable state; inherit parent guards.
C:S08-A05-V01,variant,C:S08-A05,S08,Site,docs/product/ServiceLoop_Conceptual_App_Map_v0_1.md,C:S08-A05,implemented,C11,Equipment row,Active/archived; missing address/contact; no equipment; default/nondefault; read failure,color.surface;color.canvas;color.textPrimary;color.textSecondary;color.outlineDecorative;color.icon;color.focus,L04,P01,"Named relationship/result row in S08 body, after identity within its labelled section; trailing chevron only when navigable.",Variant “Equipment row” of C:S08-A05. Open or create equipment at this site; retired visibility controlled explicitly.,Use C11 role/name/state contract; include current record identity where repeated; preserve logical focus and explicit keyboard action.,action_c_s08_a05_v01,Equipment row,Echipament,action-c-s08-a05-v01,T-C-S08-A05-V01: exercise this exact variant in its applicable state; inherit parent guards.
C:S08-A05-V02,variant,C:S08-A05,S08,Site,docs/product/ServiceLoop_Conceptual_App_Map_v0_1.md,C:S08-A05,implemented,C11,Add equipment,Active/archived; missing address/contact; no equipment; default/nondefault; read failure,color.surface;color.canvas;color.textPrimary;color.textSecondary;color.outlineDecorative;color.icon;color.focus,L04,P01,"Named relationship/result row in S08 body, after identity within its labelled section; trailing chevron only when navigable.",Variant “Add equipment” of C:S08-A05. Open or create equipment at this site; retired visibility controlled explicitly.,Use C11 role/name/state contract; include current record identity where repeated; preserve logical focus and explicit keyboard action.,action_c_s08_a05_v02,Add equipment,Adaugă echipament,action-c-s08-a05-v02,T-C-S08-A05-V02: exercise this exact variant in its applicable state; inherit parent guards.
C:S08-A06-V01,variant,C:S08-A06,S08,Site,docs/product/ServiceLoop_Conceptual_App_Map_v0_1.md,C:S08-A06,adopted/pending,C11,Due services,Active/archived; missing address/contact; no equipment; default/nondefault; read failure,color.surface;color.canvas;color.textPrimary;color.textSecondary;color.outlineDecorative;color.icon;color.focus,L04,P01,"Named relationship/result row in S08 body, after identity within its labelled section; trailing chevron only when navigable.",Variant “Due services” of C:S08-A06. Scoped list with visible site context and named count units.,Use C11 role/name/state contract; include current record identity where repeated; preserve logical focus and explicit keyboard action.,action_c_s08_a06_v01,Due services,Servicii scadente,action-c-s08-a06-v01,T-C-S08-A06-V01: exercise this exact variant in its applicable state; inherit parent guards.
C:S08-A06-V02,variant,C:S08-A06,S08,Site,docs/product/ServiceLoop_Conceptual_App_Map_v0_1.md,C:S08-A06,adopted/pending,C11,Visits,Active/archived; missing address/contact; no equipment; default/nondefault; read failure,color.surface;color.canvas;color.textPrimary;color.textSecondary;color.outlineDecorative;color.icon;color.focus,L04,P01,"Named relationship/result row in S08 body, after identity within its labelled section; trailing chevron only when navigable.",Variant “Visits” of C:S08-A06. Scoped list with visible site context and named count units.,Use C11 role/name/state contract; include current record identity where repeated; preserve logical focus and explicit keyboard action.,action_c_s08_a06_v02,Visits,Vizite,action-c-s08-a06-v02,T-C-S08-A06-V02: exercise this exact variant in its applicable state; inherit parent guards.
C:S08-A06-V03,variant,C:S08-A06,S08,Site,docs/product/ServiceLoop_Conceptual_App_Map_v0_1.md,C:S08-A06,adopted/pending,C11,Follow-ups,Active/archived; missing address/contact; no equipment; default/nondefault; read failure,color.surface;color.canvas;color.textPrimary;color.textSecondary;color.outlineDecorative;color.icon;color.focus,L04,P01,"Named relationship/result row in S08 body, after identity within its labelled section; trailing chevron only when navigable.",Variant “Follow-ups” of C:S08-A06. Scoped list with visible site context and named count units.,Use C11 role/name/state contract; include current record identity where repeated; preserve logical focus and explicit keyboard action.,action_c_s08_a06_v03,Follow-ups,Acțiuni de urmărire,action-c-s08-a06-v03,T-C-S08-A06-V03: exercise this exact variant in its applicable state; inherit parent guards.
C:S08-A08-V01,variant,C:S08-A08,S08,Site,docs/product/ServiceLoop_Conceptual_App_Map_v0_1.md,C:S08-A08,adopted/pending,C07,Book visit,Active/archived; missing address/contact; no equipment; default/nondefault; read failure,color.action;color.focus;color.disabledText;color.surface,L04,P01,Explicit labelled secondary action in the matching S08 section; infrequent management variants in named More menu per screen composition.,Variant “Book visit” of C:S08-A08. Eligible context only; no automatic message/outcome.,Use C07 role/name/state contract; include current record identity where repeated; preserve logical focus and explicit keyboard action.,action_c_s08_a08_v01,Book visit,Programează vizită,action-c-s08-a08-v01,T-C-S08-A08-V01: exercise this exact variant in its applicable state; inherit parent guards.
C:S08-A08-V02,variant,C:S08-A08,S08,Site,docs/product/ServiceLoop_Conceptual_App_Map_v0_1.md,C:S08-A08,adopted/pending,C07,Start visit,Active/archived; missing address/contact; no equipment; default/nondefault; read failure,color.action;color.focus;color.disabledText;color.surface,L04,P01,Explicit labelled secondary action in the matching S08 section; infrequent management variants in named More menu per screen composition.,Variant “Start visit” of C:S08-A08. Eligible context only; no automatic message/outcome.,Use C07 role/name/state contract; include current record identity where repeated; preserve logical focus and explicit keyboard action.,action_c_s08_a08_v02,Start visit,Începe vizita,action-c-s08-a08-v02,T-C-S08-A08-V02: exercise this exact variant in its applicable state; inherit parent guards.
C:S08-A08-V03,variant,C:S08-A08,S08,Site,docs/product/ServiceLoop_Conceptual_App_Map_v0_1.md,C:S08-A08,adopted/pending,C07,Record contact,Active/archived; missing address/contact; no equipment; default/nondefault; read failure,color.action;color.focus;color.disabledText;color.surface,L04,P01,Explicit labelled secondary action in the matching S08 section; infrequent management variants in named More menu per screen composition.,Variant “Record contact” of C:S08-A08. Eligible context only; no automatic message/outcome.,Use C07 role/name/state contract; include current record identity where repeated; preserve logical focus and explicit keyboard action.,action_c_s08_a08_v03,Record contact,Înregistrează contactarea,action-c-s08-a08-v03,T-C-S08-A08-V03: exercise this exact variant in its applicable state; inherit parent guards.
C:S08-A08-V04,variant,C:S08-A08,S08,Site,docs/product/ServiceLoop_Conceptual_App_Map_v0_1.md,C:S08-A08,adopted/pending,C07,Add follow-up,Active/archived; missing address/contact; no equipment; default/nondefault; read failure,color.action;color.focus;color.disabledText;color.surface,L04,P01,Explicit labelled secondary action in the matching S08 section; infrequent management variants in named More menu per screen composition.,Variant “Add follow-up” of C:S08-A08. Eligible context only; no automatic message/outcome.,Use C07 role/name/state contract; include current record identity where repeated; preserve logical focus and explicit keyboard action.,action_c_s08_a08_v04,Add follow-up,Adaugă acțiune de urmărire,action-c-s08-a08-v04,T-C-S08-A08-V04: exercise this exact variant in its applicable state; inherit parent guards.
C:S08-A09-V01,variant,C:S08-A09,S08,Site,docs/product/ServiceLoop_Conceptual_App_Map_v0_1.md,C:S08-A09,implemented,C34,Archive,Active/archived; missing address/contact; no equipment; default/nondefault; read failure,color.textPrimary;color.textSecondary;color.errorInk;color.warningInk;color.action,L04,P10,"Record More → named lifecycle/destructive action; opens explicit review. On dedicated review, named confirmation is footer last.",Variant “Archive” of C:S08-A09. Named blockers and reason; no cascading cancellation.,Use C34 role/name/state contract; include current record identity where repeated; preserve logical focus and explicit keyboard action.,action_c_s08_a09_v01,Archive,Arhivează,action-c-s08-a09-v01,T-C-S08-A09-V01: exercise this exact variant in its applicable state; inherit parent guards.
C:S08-A09-V02,variant,C:S08-A09,S08,Site,docs/product/ServiceLoop_Conceptual_App_Map_v0_1.md,C:S08-A09,implemented,C34,Restore site,Active/archived; missing address/contact; no equipment; default/nondefault; read failure,color.textPrimary;color.textSecondary;color.errorInk;color.warningInk;color.action,L04,P10,"Record More → named lifecycle/destructive action; opens explicit review. On dedicated review, named confirmation is footer last.",Variant “Restore site” of C:S08-A09. Named blockers and reason; no cascading cancellation.,Use C34 role/name/state contract; include current record identity where repeated; preserve logical focus and explicit keyboard action.,action_c_s08_a09_v02,Restore site,Restaurează locația,action-c-s08-a09-v02,T-C-S08-A09-V02: exercise this exact variant in its applicable state; inherit parent guards.
C:S09-A03-V01,variant,C:S09-A03,S09,Site editor,docs/product/ServiceLoop_Conceptual_App_Map_v0_1.md,C:S09-A03,adopted/pending,C07,Choose phone,New/edit; default; inherited/separate contact; duplicate name; reassignment blocked; failed save,color.action;color.focus;color.disabledText;color.surface,L05,P01,Explicit labelled secondary action in the matching S09 section; infrequent management variants in named More menu per screen composition.,"Variant “Choose phone” of C:S09-A03. Selected-contact-data picker, not broad address-book read; cancel unchanged.",Use C07 role/name/state contract; include current record identity where repeated; preserve logical focus and explicit keyboard action.,action_c_s09_a03_v01,Choose phone,Alege telefonul,action-c-s09-a03-v01,T-C-S09-A03-V01: exercise this exact variant in its applicable state; inherit parent guards.
C:S09-A03-V02,variant,C:S09-A03,S09,Site editor,docs/product/ServiceLoop_Conceptual_App_Map_v0_1.md,C:S09-A03,adopted/pending,C07,Choose email,New/edit; default; inherited/separate contact; duplicate name; reassignment blocked; failed save,color.action;color.focus;color.disabledText;color.surface,L05,P01,Explicit labelled secondary action in the matching S09 section; infrequent management variants in named More menu per screen composition.,"Variant “Choose email” of C:S09-A03. Selected-contact-data picker, not broad address-book read; cancel unchanged.",Use C07 role/name/state contract; include current record identity where repeated; preserve logical focus and explicit keyboard action.,action_c_s09_a03_v02,Choose email,e-mailul,action-c-s09-a03-v02,T-C-S09-A03-V02: exercise this exact variant in its applicable state; inherit parent guards.
C:S09-A05-V01,variant,C:S09-A05,S09,Site editor,docs/product/ServiceLoop_Conceptual_App_Map_v0_1.md,C:S09-A05,implemented,C07,Cancel,New/edit; default; inherited/separate contact; duplicate name; reassignment blocked; failed save,color.action;color.focus;color.disabledText;color.surface,L05,P01,Toolbar Back/Cancel or safe dialog dismissal; obey exact parent save contract.,Variant “Cancel” of C:S09-A05. Discard only uncommitted draft after guard.,Use C07 role/name/state contract; include current record identity where repeated; preserve logical focus and explicit keyboard action.,action_c_s09_a05_v01,Cancel,Renunță,action-c-s09-a05-v01,T-C-S09-A05-V01: exercise this exact variant in its applicable state; inherit parent guards.
C:S09-A05-V02,variant,C:S09-A05,S09,Site editor,docs/product/ServiceLoop_Conceptual_App_Map_v0_1.md,C:S09-A05,implemented,C07,Back,New/edit; default; inherited/separate contact; duplicate name; reassignment blocked; failed save,color.action;color.focus;color.disabledText;color.surface,L05,P01,Toolbar Back/Cancel or safe dialog dismissal; obey exact parent save contract.,Variant “Back” of C:S09-A05. Discard only uncommitted draft after guard.,Use C07 role/name/state contract; include current record identity where repeated; preserve logical focus and explicit keyboard action.,action_c_s09_a05_v02,Back,Înapoi,action-c-s09-a05-v02,T-C-S09-A05-V02: exercise this exact variant in its applicable state; inherit parent guards.
C:S10-A04-V01,variant,C:S10-A04,S10,Equipment,docs/product/ServiceLoop_Conceptual_App_Map_v0_1.md,C:S10-A04,implemented,C11,Plan row,In service/retired; unknown serial; no active plan; overdue/due/upcoming; archived parent,color.surface;color.canvas;color.textPrimary;color.textSecondary;color.outlineDecorative;color.icon;color.focus,L04,P01,"Named relationship/result row in S10 body, after identity within its labelled section; trailing chevron only when navigable.",Variant “Plan row” of C:S10-A04. One machine can have multiple plans; no auto-plan from equipment type.,Use C11 role/name/state contract; include current record identity where repeated; preserve logical focus and explicit keyboard action.,action_c_s10_a04_v01,Plan row,Plan,action-c-s10-a04-v01,T-C-S10-A04-V01: exercise this exact variant in its applicable state; inherit parent guards.
C:S10-A04-V02,variant,C:S10-A04,S10,Equipment,docs/product/ServiceLoop_Conceptual_App_Map_v0_1.md,C:S10-A04,implemented,C11,Add service plan,In service/retired; unknown serial; no active plan; overdue/due/upcoming; archived parent,color.surface;color.canvas;color.textPrimary;color.textSecondary;color.outlineDecorative;color.icon;color.focus,L04,P01,"Named relationship/result row in S10 body, after identity within its labelled section; trailing chevron only when navigable.",Variant “Add service plan” of C:S10-A04. One machine can have multiple plans; no auto-plan from equipment type.,Use C11 role/name/state contract; include current record identity where repeated; preserve logical focus and explicit keyboard action.,action_c_s10_a04_v02,Add service plan,Adaugă plan de service,action-c-s10-a04-v02,T-C-S10-A04-V02: exercise this exact variant in its applicable state; inherit parent guards.
C:S10-A06-V01,variant,C:S10-A06,S10,Equipment,docs/product/ServiceLoop_Conceptual_App_Map_v0_1.md,C:S10-A06,adopted/pending (partial control exposed),C07,Book,In service/retired; unknown serial; no active plan; overdue/due/upcoming; archived parent,color.action;color.focus;color.disabledText;color.surface,L04,P01,Explicit labelled secondary action in the matching S10 section; infrequent management variants in named More menu per screen composition.,Variant “Book” of C:S10-A06. Stage appropriate context/mode; historical inactive work does not reactivate schedule.,Use C07 role/name/state contract; include current record identity where repeated; preserve logical focus and explicit keyboard action.,action_c_s10_a06_v01,Book,Programează,action-c-s10-a06-v01,T-C-S10-A06-V01: exercise this exact variant in its applicable state; inherit parent guards.
C:S10-A06-V02,variant,C:S10-A06,S10,Equipment,docs/product/ServiceLoop_Conceptual_App_Map_v0_1.md,C:S10-A06,adopted/pending (partial control exposed),C07,Start visit,In service/retired; unknown serial; no active plan; overdue/due/upcoming; archived parent,color.action;color.focus;color.disabledText;color.surface,L04,P01,Explicit labelled secondary action in the matching S10 section; infrequent management variants in named More menu per screen composition.,Variant “Start visit” of C:S10-A06. Stage appropriate context/mode; historical inactive work does not reactivate schedule.,Use C07 role/name/state contract; include current record identity where repeated; preserve logical focus and explicit keyboard action.,action_c_s10_a06_v02,Start visit,Începe vizita,action-c-s10-a06-v02,T-C-S10-A06-V02: exercise this exact variant in its applicable state; inherit parent guards.
C:S10-A06-V03,variant,C:S10-A06,S10,Equipment,docs/product/ServiceLoop_Conceptual_App_Map_v0_1.md,C:S10-A06,adopted/pending (partial control exposed),C07,Record past visit,In service/retired; unknown serial; no active plan; overdue/due/upcoming; archived parent,color.action;color.focus;color.disabledText;color.surface,L04,P01,Explicit labelled secondary action in the matching S10 section; infrequent management variants in named More menu per screen composition.,Variant “Record past visit” of C:S10-A06. Stage appropriate context/mode; historical inactive work does not reactivate schedule.,Use C07 role/name/state contract; include current record identity where repeated; preserve logical focus and explicit keyboard action.,action_c_s10_a06_v03,Record past visit,Înregistrează vizită trecută,action-c-s10-a06-v03,T-C-S10-A06-V03: exercise this exact variant in its applicable state; inherit parent guards.
C:S10-A07-V01,variant,C:S10-A07,S10,Equipment,docs/product/ServiceLoop_Conceptual_App_Map_v0_1.md,C:S10-A07,adopted/pending,C11,Follow-ups,In service/retired; unknown serial; no active plan; overdue/due/upcoming; archived parent,color.surface;color.canvas;color.textPrimary;color.textSecondary;color.outlineDecorative;color.icon;color.focus,L04,P01,"Named relationship/result row in S10 body, after identity within its labelled section; trailing chevron only when navigable.",Variant “Follow-ups” of C:S10-A07. Open actual scoped tasks; new corrective task needs eligible context.,Use C11 role/name/state contract; include current record identity where repeated; preserve logical focus and explicit keyboard action.,action_c_s10_a07_v01,Follow-ups,Acțiuni de urmărire,action-c-s10-a07-v01,T-C-S10-A07-V01: exercise this exact variant in its applicable state; inherit parent guards.
C:S10-A07-V02,variant,C:S10-A07,S10,Equipment,docs/product/ServiceLoop_Conceptual_App_Map_v0_1.md,C:S10-A07,adopted/pending,C11,Add corrective follow-up,In service/retired; unknown serial; no active plan; overdue/due/upcoming; archived parent,color.surface;color.canvas;color.textPrimary;color.textSecondary;color.outlineDecorative;color.icon;color.focus,L04,P01,"Named relationship/result row in S10 body, after identity within its labelled section; trailing chevron only when navigable.",Variant “Add corrective follow-up” of C:S10-A07. Open actual scoped tasks; new corrective task needs eligible context.,Use C11 role/name/state contract; include current record identity where repeated; preserve logical focus and explicit keyboard action.,action_c_s10_a07_v02,Add corrective follow-up,Adaugă acțiune corectivă,action-c-s10-a07-v02,T-C-S10-A07-V02: exercise this exact variant in its applicable state; inherit parent guards.
C:S10-A10-V01,variant,C:S10-A10,S10,Equipment,docs/product/ServiceLoop_Conceptual_App_Map_v0_1.md,C:S10-A10,implemented,C34,Retire,In service/retired; unknown serial; no active plan; overdue/due/upcoming; archived parent,color.textPrimary;color.textSecondary;color.errorInk;color.warningInk;color.action,L04,P10,"Record More → named lifecycle/destructive action; opens explicit review. On dedicated review, named confirmation is footer last.",Variant “Retire” of C:S10-A10. Reason/guards; return does not resurrect ended plans.,Use C34 role/name/state contract; include current record identity where repeated; preserve logical focus and explicit keyboard action.,action_c_s10_a10_v01,Retire,Retrage,action-c-s10-a10-v01,T-C-S10-A10-V01: exercise this exact variant in its applicable state; inherit parent guards.
C:S10-A10-V02,variant,C:S10-A10,S10,Equipment,docs/product/ServiceLoop_Conceptual_App_Map_v0_1.md,C:S10-A10,implemented,C34,Return to service,In service/retired; unknown serial; no active plan; overdue/due/upcoming; archived parent,color.textPrimary;color.textSecondary;color.errorInk;color.warningInk;color.action,L04,P10,"Record More → named lifecycle/destructive action; opens explicit review. On dedicated review, named confirmation is footer last.",Variant “Return to service” of C:S10-A10. Reason/guards; return does not resurrect ended plans.,Use C34 role/name/state contract; include current record identity where repeated; preserve logical focus and explicit keyboard action.,action_c_s10_a10_v02,Return to service,Repune în serviciu,action-c-s10-a10-v02,T-C-S10-A10-V02: exercise this exact variant in its applicable state; inherit parent guards.
C:S11-A04-V01,variant,C:S11-A04,S11,Equipment editor,docs/product/ServiceLoop_Conceptual_App_Map_v0_1.md,C:S11-A04,implemented,C07,Cancel,New/edit; duplicate warning; no selected site; missing identifier allowed; file/write failure,color.action;color.focus;color.disabledText;color.surface,L05,P01,Toolbar Back/Cancel or safe dialog dismissal; obey exact parent save contract.,Variant “Cancel” of C:S11-A04. No partial row/permanent orphan image.,Use C07 role/name/state contract; include current record identity where repeated; preserve logical focus and explicit keyboard action.,action_c_s11_a04_v01,Cancel,Renunță,action-c-s11-a04-v01,T-C-S11-A04-V01: exercise this exact variant in its applicable state; inherit parent guards.
C:S11-A04-V02,variant,C:S11-A04,S11,Equipment editor,docs/product/ServiceLoop_Conceptual_App_Map_v0_1.md,C:S11-A04,implemented,C07,Back,New/edit; duplicate warning; no selected site; missing identifier allowed; file/write failure,color.action;color.focus;color.disabledText;color.surface,L05,P01,Toolbar Back/Cancel or safe dialog dismissal; obey exact parent save contract.,Variant “Back” of C:S11-A04. No partial row/permanent orphan image.,Use C07 role/name/state contract; include current record identity where repeated; preserve logical focus and explicit keyboard action.,action_c_s11_a04_v02,Back,Înapoi,action-c-s11-a04-v02,T-C-S11-A04-V02: exercise this exact variant in its applicable state; inherit parent guards.
C:S13-A02-V01,variant,C:S13-A02,S13,Service plan,docs/product/ServiceLoop_Conceptual_App_Map_v0_1.md,C:S13-A02,implemented,C05,Book,Active/paused/ended; claimed; archived template; overdue retained on resume; read failure,color.action;color.onAction;color.actionPressed;color.surface;color.outlineControl;color.disabledContainer;color.disabledText;color.focus,L04,P01,Primary footer or current review/section commit named Book / Start service; conditional variants never shown simultaneously as competing primary actions.,Variant “Book” of C:S13-A02. Only active unclaimed current obligation; otherwise open linked visit.,Use C05 role/name/state contract; include current record identity where repeated; preserve logical focus and explicit keyboard action.,action_c_s13_a02_v01,Book,Programează,action-c-s13-a02-v01,T-C-S13-A02-V01: exercise this exact variant in its applicable state; inherit parent guards.
C:S13-A02-V02,variant,C:S13-A02,S13,Service plan,docs/product/ServiceLoop_Conceptual_App_Map_v0_1.md,C:S13-A02,implemented,C05,Start service,Active/paused/ended; claimed; archived template; overdue retained on resume; read failure,color.action;color.onAction;color.actionPressed;color.surface;color.outlineControl;color.disabledContainer;color.disabledText;color.focus,L04,P01,Primary footer or current review/section commit named Book / Start service; conditional variants never shown simultaneously as competing primary actions.,Variant “Start service” of C:S13-A02. Only active unclaimed current obligation; otherwise open linked visit.,Use C05 role/name/state contract; include current record identity where repeated; preserve logical focus and explicit keyboard action.,action_c_s13_a02_v02,Start service,Începe serviciul,action-c-s13-a02-v02,T-C-S13-A02-V02: exercise this exact variant in its applicable state; inherit parent guards.
C:S13-A04-V01,variant,C:S13-A04,S13,Service plan,docs/product/ServiceLoop_Conceptual_App_Map_v0_1.md,C:S13-A04,adopted/pending,C07,Contact,Active/paused/ended; claimed; archived template; overdue retained on resume; read failure,color.action;color.focus;color.disabledText;color.surface,L04,P01,Explicit labelled secondary action in the matching S13 section; infrequent management variants in named More menu per screen composition.,Variant “Contact” of C:S13-A04. No due-date change from communication or task creation.,Use C07 role/name/state contract; include current record identity where repeated; preserve logical focus and explicit keyboard action.,action_c_s13_a04_v01,Contact,Contactează,action-c-s13-a04-v01,T-C-S13-A04-V01: exercise this exact variant in its applicable state; inherit parent guards.
C:S13-A04-V02,variant,C:S13-A04,S13,Service plan,docs/product/ServiceLoop_Conceptual_App_Map_v0_1.md,C:S13-A04,adopted/pending,C07,Record contact,Active/paused/ended; claimed; archived template; overdue retained on resume; read failure,color.action;color.focus;color.disabledText;color.surface,L04,P01,Explicit labelled secondary action in the matching S13 section; infrequent management variants in named More menu per screen composition.,Variant “Record contact” of C:S13-A04. No due-date change from communication or task creation.,Use C07 role/name/state contract; include current record identity where repeated; preserve logical focus and explicit keyboard action.,action_c_s13_a04_v02,Record contact,Înregistrează contactarea,action-c-s13-a04-v02,T-C-S13-A04-V02: exercise this exact variant in its applicable state; inherit parent guards.
C:S13-A04-V03,variant,C:S13-A04,S13,Service plan,docs/product/ServiceLoop_Conceptual_App_Map_v0_1.md,C:S13-A04,adopted/pending,C07,Add contact follow-up,Active/paused/ended; claimed; archived template; overdue retained on resume; read failure,color.action;color.focus;color.disabledText;color.surface,L04,P01,Explicit labelled secondary action in the matching S13 section; infrequent management variants in named More menu per screen composition.,Variant “Add contact follow-up” of C:S13-A04. No due-date change from communication or task creation.,Use C07 role/name/state contract; include current record identity where repeated; preserve logical focus and explicit keyboard action.,action_c_s13_a04_v03,Add contact follow-up,Adaugă urmărire contact,action-c-s13-a04-v03,T-C-S13-A04-V03: exercise this exact variant in its applicable state; inherit parent guards.
C:S13-A11-V01,variant,C:S13-A11,S13,Service plan,docs/product/ServiceLoop_Conceptual_App_Map_v0_1.md,C:S13-A11,adopted/pending,C11,Machine,Active/paused/ended; claimed; archived template; overdue retained on resume; read failure,color.surface;color.canvas;color.textPrimary;color.textSecondary;color.outlineDecorative;color.icon;color.focus,L04,P01,"Named relationship/result row in S13 body, after identity within its labelled section; trailing chevron only when navigable.",Variant “Machine” of C:S13-A11. Navigate original subject/event; no direct edit of finalized last-service value.,Use C11 role/name/state contract; include current record identity where repeated; preserve logical focus and explicit keyboard action.,action_c_s13_a11_v01,Machine,Echipament,action-c-s13-a11-v01,T-C-S13-A11-V01: exercise this exact variant in its applicable state; inherit parent guards.
C:S13-A11-V02,variant,C:S13-A11,S13,Service plan,docs/product/ServiceLoop_Conceptual_App_Map_v0_1.md,C:S13-A11,adopted/pending,C11,History entry,Active/paused/ended; claimed; archived template; overdue retained on resume; read failure,color.surface;color.canvas;color.textPrimary;color.textSecondary;color.outlineDecorative;color.icon;color.focus,L04,P01,"Named relationship/result row in S13 body, after identity within its labelled section; trailing chevron only when navigable.",Variant “History entry” of C:S13-A11. Navigate original subject/event; no direct edit of finalized last-service value.,Use C11 role/name/state contract; include current record identity where repeated; preserve logical focus and explicit keyboard action.,action_c_s13_a11_v02,History entry,Înregistrare din istoric,action-c-s13-a11-v02,T-C-S13-A11-V02: exercise this exact variant in its applicable state; inherit parent guards.
C:S14-A05-V01,variant,C:S14-A05,S14,Service-plan editor,docs/product/ServiceLoop_Conceptual_App_Map_v0_1.md,C:S14-A05,implemented,C07,Cancel,New/edit; historical setup locked after real fulfillment; working claim blocker; invalid date/overflow,color.action;color.focus;color.disabledText;color.surface,L05,P01,Toolbar Back/Cancel or safe dialog dismissal; obey exact parent save contract.,Variant “Cancel” of C:S14-A05. Leave previous dates/settings unchanged.,Use C07 role/name/state contract; include current record identity where repeated; preserve logical focus and explicit keyboard action.,action_c_s14_a05_v01,Cancel,Renunță,action-c-s14-a05-v01,T-C-S14-A05-V01: exercise this exact variant in its applicable state; inherit parent guards.
C:S14-A05-V02,variant,C:S14-A05,S14,Service-plan editor,docs/product/ServiceLoop_Conceptual_App_Map_v0_1.md,C:S14-A05,implemented,C07,Back,New/edit; historical setup locked after real fulfillment; working claim blocker; invalid date/overflow,color.action;color.focus;color.disabledText;color.surface,L05,P01,Toolbar Back/Cancel or safe dialog dismissal; obey exact parent save contract.,Variant “Back” of C:S14-A05. Leave previous dates/settings unchanged.,Use C07 role/name/state contract; include current record identity where repeated; preserve logical focus and explicit keyboard action.,action_c_s14_a05_v02,Back,Înapoi,action-c-s14-a05-v02,T-C-S14-A05-V02: exercise this exact variant in its applicable state; inherit parent guards.
C:S15-A01-V01,variant,C:S15-A01,S15,Inspection templates,docs/product/ServiceLoop_Conceptual_App_Map_v0_1.md,C:S15-A01,adopted/pending,C17,Search,Empty; matches/no matches; archived; loading/error,color.surface;color.textPrimary;color.textSecondary;color.icon;color.outlineDecorative;color.focus,L03,P03,List/selector controls immediately below top bar and before result count; never a status badge.,Variant “Search” of C:S15-A01. Filter template names; empty and no match distinct.,Use C17 role/name/state contract; include current record identity where repeated; preserve logical focus and explicit keyboard action.,action_c_s15_a01_v01,Search,Caută,action-c-s15-a01-v01,T-C-S15-A01-V01: exercise this exact variant in its applicable state; inherit parent guards.
C:S15-A01-V02,variant,C:S15-A01,S15,Inspection templates,docs/product/ServiceLoop_Conceptual_App_Map_v0_1.md,C:S15-A01,adopted/pending,C17,Clear,Empty; matches/no matches; archived; loading/error,color.surface;color.textPrimary;color.textSecondary;color.icon;color.outlineDecorative;color.focus,L03,P03,List/selector controls immediately below top bar and before result count; never a status badge.,Variant “Clear” of C:S15-A01. Filter template names; empty and no match distinct.,Use C17 role/name/state contract; include current record identity where repeated; preserve logical focus and explicit keyboard action.,action_c_s15_a01_v02,Clear,Șterge,action-c-s15-a01-v02,T-C-S15-A01-V02: exercise this exact variant in its applicable state; inherit parent guards.
C:S15-A02-V01,variant,C:S15-A02,S15,Inspection templates,docs/product/ServiceLoop_Conceptual_App_Map_v0_1.md,C:S15-A02,adopted/pending,C16,Active,Empty; matches/no matches; archived; loading/error,color.selection;color.onSelection;color.selectionOutline;color.surface;color.textPrimary;color.outlineControl;color.focus,L03,P03,List/selector controls immediately below top bar and before result count; never a status badge.,"Variant “Active” of C:S15-A02. View scope only, default active.",Use C16 role/name/state contract; include current record identity where repeated; preserve logical focus and explicit keyboard action.,action_c_s15_a02_v01,Active,Active,action-c-s15-a02-v01,T-C-S15-A02-V01: exercise this exact variant in its applicable state; inherit parent guards.
C:S15-A02-V02,variant,C:S15-A02,S15,Inspection templates,docs/product/ServiceLoop_Conceptual_App_Map_v0_1.md,C:S15-A02,adopted/pending,C16,Archived,Empty; matches/no matches; archived; loading/error,color.selection;color.onSelection;color.selectionOutline;color.surface;color.textPrimary;color.outlineControl;color.focus,L03,P03,List/selector controls immediately below top bar and before result count; never a status badge.,"Variant “Archived” of C:S15-A02. View scope only, default active.",Use C16 role/name/state contract; include current record identity where repeated; preserve logical focus and explicit keyboard action.,action_c_s15_a02_v02,Archived,Arhivate,action-c-s15-a02-v02,T-C-S15-A02-V02: exercise this exact variant in its applicable state; inherit parent guards.
C:S15-A02-V03,variant,C:S15-A02,S15,Inspection templates,docs/product/ServiceLoop_Conceptual_App_Map_v0_1.md,C:S15-A02,adopted/pending,C16,All,Empty; matches/no matches; archived; loading/error,color.selection;color.onSelection;color.selectionOutline;color.surface;color.textPrimary;color.outlineControl;color.focus,L03,P03,List/selector controls immediately below top bar and before result count; never a status badge.,"Variant “All” of C:S15-A02. View scope only, default active.",Use C16 role/name/state contract; include current record identity where repeated; preserve logical focus and explicit keyboard action.,action_c_s15_a02_v03,All,Toate,action-c-s15-a02-v03,T-C-S15-A02-V03: exercise this exact variant in its applicable state; inherit parent guards.
C:S16-A04-V01,variant,C:S16-A04,S16,Template,docs/product/ServiceLoop_Conceptual_App_Map_v0_1.md,C:S16-A04,adopted/pending,C34,Archive,Active/archived; selection mode; historical usage; failed read,color.textPrimary;color.textSecondary;color.errorInk;color.warningInk;color.action,L04,P10,"Record More → named lifecycle/destructive action; opens explicit review. On dedicated review, named confirmation is footer last.",Variant “Archive” of C:S16-A04. Freeze/hide new choices; existing assigned frozen revision remains usable with badge.,Use C34 role/name/state contract; include current record identity where repeated; preserve logical focus and explicit keyboard action.,action_c_s16_a04_v01,Archive,Arhivează,action-c-s16-a04-v01,T-C-S16-A04-V01: exercise this exact variant in its applicable state; inherit parent guards.
C:S16-A04-V02,variant,C:S16-A04,S16,Template,docs/product/ServiceLoop_Conceptual_App_Map_v0_1.md,C:S16-A04,adopted/pending,C34,Restore template,Active/archived; selection mode; historical usage; failed read,color.textPrimary;color.textSecondary;color.errorInk;color.warningInk;color.action,L04,P10,"Record More → named lifecycle/destructive action; opens explicit review. On dedicated review, named confirmation is footer last.",Variant “Restore template” of C:S16-A04. Freeze/hide new choices; existing assigned frozen revision remains usable with badge.,Use C34 role/name/state contract; include current record identity where repeated; preserve logical focus and explicit keyboard action.,action_c_s16_a04_v02,Restore template,Restaurează șablonul,action-c-s16-a04-v02,T-C-S16-A04-V02: exercise this exact variant in its applicable state; inherit parent guards.
C:S17-A03-V01,variant,C:S17-A03,S17,Template editor,docs/product/ServiceLoop_Conceptual_App_Map_v0_1.md,C:S17-A03,implemented,C07,Move up,New/revision/duplicate; dirty; zero item invalid; first/last move disabled; publish failure,color.action;color.focus;color.disabledText;color.surface,L05,P01,Explicit labelled secondary action in the matching S17 section; infrequent management variants in named More menu per screen composition.,"Variant “Move up” of C:S17-A03. Reorder staged list, boundary disabled; optional drag is redundant, not essential.",Use C07 role/name/state contract; include current record identity where repeated; preserve logical focus and explicit keyboard action.,action_c_s17_a03_v01,Move up,Mută în sus,action-c-s17-a03-v01,T-C-S17-A03-V01: exercise this exact variant in its applicable state; inherit parent guards.
C:S17-A03-V02,variant,C:S17-A03,S17,Template editor,docs/product/ServiceLoop_Conceptual_App_Map_v0_1.md,C:S17-A03,implemented,C07,Move down,New/revision/duplicate; dirty; zero item invalid; first/last move disabled; publish failure,color.action;color.focus;color.disabledText;color.surface,L05,P01,Explicit labelled secondary action in the matching S17 section; infrequent management variants in named More menu per screen composition.,"Variant “Move down” of C:S17-A03. Reorder staged list, boundary disabled; optional drag is redundant, not essential.",Use C07 role/name/state contract; include current record identity where repeated; preserve logical focus and explicit keyboard action.,action_c_s17_a03_v02,Move down,Mută în jos,action-c-s17-a03-v02,T-C-S17-A03-V02: exercise this exact variant in its applicable state; inherit parent guards.
C:S17-A07-V01,variant,C:S17-A07,S17,Template editor,docs/product/ServiceLoop_Conceptual_App_Map_v0_1.md,C:S17-A07,implemented,C07,Cancel,New/revision/duplicate; dirty; zero item invalid; first/last move disabled; publish failure,color.action;color.focus;color.disabledText;color.surface,L05,P01,Toolbar Back/Cancel or safe dialog dismissal; obey exact parent save contract.,Variant “Cancel” of C:S17-A07. Discard staged draft only; no removal of past revisions.,Use C07 role/name/state contract; include current record identity where repeated; preserve logical focus and explicit keyboard action.,action_c_s17_a07_v01,Cancel,Renunță,action-c-s17-a07-v01,T-C-S17-A07-V01: exercise this exact variant in its applicable state; inherit parent guards.
C:S17-A07-V02,variant,C:S17-A07,S17,Template editor,docs/product/ServiceLoop_Conceptual_App_Map_v0_1.md,C:S17-A07,implemented,C07,Back,New/revision/duplicate; dirty; zero item invalid; first/last move disabled; publish failure,color.action;color.focus;color.disabledText;color.surface,L05,P01,Toolbar Back/Cancel or safe dialog dismissal; obey exact parent save contract.,Variant “Back” of C:S17-A07. Discard staged draft only; no removal of past revisions.,Use C07 role/name/state contract; include current record identity where repeated; preserve logical focus and explicit keyboard action.,action_c_s17_a07_v02,Back,Înapoi,action-c-s17-a07-v02,T-C-S17-A07-V02: exercise this exact variant in its applicable state; inherit parent guards.
C:S18-A04-V01,variant,C:S18-A04,S18,Visit setup,docs/product/ServiceLoop_Conceptual_App_Map_v0_1.md,C:S18-A04,adopted/pending (partial control exposed),C13,Select plan,New/booked edit; future/today/past; unavailable obligation; empty work; past-date warning,color.action;color.onAction;color.outlineControl;color.textPrimary;color.textSecondary;color.focus;color.disabledText,L05,P04,Labelled choice/selection group named Select plan / Add one-off / Edit one-off in S18; option toggles retain group/parent context.,Variant “Select plan” of C:S18-A04. One plan per visit; reject claimed/invalid links instead of silently substituting obligations.,Use C13 role/name/state contract; include current record identity where repeated; preserve logical focus and explicit keyboard action.,action_c_s18_a04_v01,Select plan,Selectează plan,action-c-s18-a04-v01,T-C-S18-A04-V01: exercise this exact variant in its applicable state; inherit parent guards.
C:S18-A04-V02,variant,C:S18-A04,S18,Visit setup,docs/product/ServiceLoop_Conceptual_App_Map_v0_1.md,C:S18-A04,adopted/pending (partial control exposed),C13,Add one-off,New/booked edit; future/today/past; unavailable obligation; empty work; past-date warning,color.action;color.onAction;color.outlineControl;color.textPrimary;color.textSecondary;color.focus;color.disabledText,L05,P04,Labelled choice/selection group named Select plan / Add one-off / Edit one-off in S18; option toggles retain group/parent context.,Variant “Add one-off” of C:S18-A04. One plan per visit; reject claimed/invalid links instead of silently substituting obligations.,Use C13 role/name/state contract; include current record identity where repeated; preserve logical focus and explicit keyboard action.,action_c_s18_a04_v02,Add one-off,Adaugă lucrare ocazională,action-c-s18-a04-v02,T-C-S18-A04-V02: exercise this exact variant in its applicable state; inherit parent guards.
C:S18-A04-V03,variant,C:S18-A04,S18,Visit setup,docs/product/ServiceLoop_Conceptual_App_Map_v0_1.md,C:S18-A04,adopted/pending (partial control exposed),C13,Edit one-off,New/booked edit; future/today/past; unavailable obligation; empty work; past-date warning,color.action;color.onAction;color.outlineControl;color.textPrimary;color.textSecondary;color.focus;color.disabledText,L05,P04,Labelled choice/selection group named Select plan / Add one-off / Edit one-off in S18; option toggles retain group/parent context.,Variant “Edit one-off” of C:S18-A04. One plan per visit; reject claimed/invalid links instead of silently substituting obligations.,Use C13 role/name/state contract; include current record identity where repeated; preserve logical focus and explicit keyboard action.,action_c_s18_a04_v03,Edit one-off,Editează lucrarea ocazională,action-c-s18-a04-v03,T-C-S18-A04-V03: exercise this exact variant in its applicable state; inherit parent guards.
C:S18-A06-V01,variant,C:S18-A06,S18,Visit setup,docs/product/ServiceLoop_Conceptual_App_Map_v0_1.md,C:S18-A06,adopted/pending (partial control exposed),C30,Date,New/booked edit; future/today/past; unavailable obligation; empty work; past-date warning,color.surfaceRaised;color.textPrimary;color.textSecondary;color.action;color.selection;color.outlineControl;color.errorInk;color.focus,L05,P13,Named Date / Time / Duration / Reminder field/selector in S18 content order; error directly below; see individual field ledger.,Variant “Date” of C:S18-A06. Stage valid actual/appointment fields; existing reschedule reason; explicit ambiguous/nonexistent local-time handling.,Use C30 role/name/state contract; include current record identity where repeated; preserve logical focus and explicit keyboard action.,action_c_s18_a06_v01,Date,Dată,action-c-s18-a06-v01,T-C-S18-A06-V01: exercise this exact variant in its applicable state; inherit parent guards.
C:S18-A06-V02,variant,C:S18-A06,S18,Visit setup,docs/product/ServiceLoop_Conceptual_App_Map_v0_1.md,C:S18-A06,adopted/pending (partial control exposed),C30,Time,New/booked edit; future/today/past; unavailable obligation; empty work; past-date warning,color.surfaceRaised;color.textPrimary;color.textSecondary;color.action;color.selection;color.outlineControl;color.errorInk;color.focus,L05,P13,Named Date / Time / Duration / Reminder field/selector in S18 content order; error directly below; see individual field ledger.,Variant “Time” of C:S18-A06. Stage valid actual/appointment fields; existing reschedule reason; explicit ambiguous/nonexistent local-time handling.,Use C30 role/name/state contract; include current record identity where repeated; preserve logical focus and explicit keyboard action.,action_c_s18_a06_v02,Time,Oră,action-c-s18-a06-v02,T-C-S18-A06-V02: exercise this exact variant in its applicable state; inherit parent guards.
C:S18-A06-V03,variant,C:S18-A06,S18,Visit setup,docs/product/ServiceLoop_Conceptual_App_Map_v0_1.md,C:S18-A06,adopted/pending (partial control exposed),C30,Duration,New/booked edit; future/today/past; unavailable obligation; empty work; past-date warning,color.surfaceRaised;color.textPrimary;color.textSecondary;color.action;color.selection;color.outlineControl;color.errorInk;color.focus,L05,P13,Named Date / Time / Duration / Reminder field/selector in S18 content order; error directly below; see individual field ledger.,Variant “Duration” of C:S18-A06. Stage valid actual/appointment fields; existing reschedule reason; explicit ambiguous/nonexistent local-time handling.,Use C30 role/name/state contract; include current record identity where repeated; preserve logical focus and explicit keyboard action.,action_c_s18_a06_v03,Duration,Durată,action-c-s18-a06-v03,T-C-S18-A06-V03: exercise this exact variant in its applicable state; inherit parent guards.
C:S18-A06-V04,variant,C:S18-A06,S18,Visit setup,docs/product/ServiceLoop_Conceptual_App_Map_v0_1.md,C:S18-A06,adopted/pending (partial control exposed),C30,Reminder,New/booked edit; future/today/past; unavailable obligation; empty work; past-date warning,color.surfaceRaised;color.textPrimary;color.textSecondary;color.action;color.selection;color.outlineControl;color.errorInk;color.focus,L05,P13,Named Date / Time / Duration / Reminder field/selector in S18 content order; error directly below; see individual field ledger.,Variant “Reminder” of C:S18-A06. Stage valid actual/appointment fields; existing reschedule reason; explicit ambiguous/nonexistent local-time handling.,Use C30 role/name/state contract; include current record identity where repeated; preserve logical focus and explicit keyboard action.,action_c_s18_a06_v04,Reminder,Memento,action-c-s18-a06-v04,T-C-S18-A06-V04: exercise this exact variant in its applicable state; inherit parent guards.
C:S18-A07-V01,variant,C:S18-A07,S18,Visit setup,docs/product/ServiceLoop_Conceptual_App_Map_v0_1.md,C:S18-A07,adopted/pending (partial control exposed),C05,Book visit,New/booked edit; future/today/past; unavailable obligation; empty work; past-date warning,color.action;color.onAction;color.actionPressed;color.surface;color.outlineControl;color.disabledContainer;color.disabledText;color.focus,L05,P01,Primary footer or current review/section commit named Book visit / Save booking; conditional variants never shown simultaneously as competing primary actions.,Variant “Book visit” of C:S18-A07. Revalidate claims and timing atomically; overlap warning permits deliberate continue. E04 current wiring gap.,Use C05 role/name/state contract; include current record identity where repeated; preserve logical focus and explicit keyboard action.,action_c_s18_a07_v01,Book visit,Programează vizita,action-c-s18-a07-v01,T-C-S18-A07-V01: exercise this exact variant in its applicable state; inherit parent guards.
C:S18-A07-V02,variant,C:S18-A07,S18,Visit setup,docs/product/ServiceLoop_Conceptual_App_Map_v0_1.md,C:S18-A07,adopted/pending (partial control exposed),C05,Save booking,New/booked edit; future/today/past; unavailable obligation; empty work; past-date warning,color.action;color.onAction;color.actionPressed;color.surface;color.outlineControl;color.disabledContainer;color.disabledText;color.focus,L05,P01,Primary footer or current review/section commit named Book visit / Save booking; conditional variants never shown simultaneously as competing primary actions.,Variant “Save booking” of C:S18-A07. Revalidate claims and timing atomically; overlap warning permits deliberate continue. E04 current wiring gap.,Use C05 role/name/state contract; include current record identity where repeated; preserve logical focus and explicit keyboard action.,action_c_s18_a07_v02,Save booking,Salvează programarea,action-c-s18-a07-v02,T-C-S18-A07-V02: exercise this exact variant in its applicable state; inherit parent guards.
C:S18-A10-V01,variant,C:S18-A10,S18,Visit setup,docs/product/ServiceLoop_Conceptual_App_Map_v0_1.md,C:S18-A10,implemented,C07,Cancel,New/booked edit; future/today/past; unavailable obligation; empty work; past-date warning,color.action;color.focus;color.disabledText;color.surface,L05,P01,Toolbar Back/Cancel or safe dialog dismissal; obey exact parent save contract.,Variant “Cancel” of C:S18-A10. New setup creates no visit; existing booking unchanged.,Use C07 role/name/state contract; include current record identity where repeated; preserve logical focus and explicit keyboard action.,action_c_s18_a10_v01,Cancel,Renunță,action-c-s18-a10-v01,T-C-S18-A10-V01: exercise this exact variant in its applicable state; inherit parent guards.
C:S18-A10-V02,variant,C:S18-A10,S18,Visit setup,docs/product/ServiceLoop_Conceptual_App_Map_v0_1.md,C:S18-A10,implemented,C07,Back,New/booked edit; future/today/past; unavailable obligation; empty work; past-date warning,color.action;color.focus;color.disabledText;color.surface,L05,P01,Toolbar Back/Cancel or safe dialog dismissal; obey exact parent save contract.,Variant “Back” of C:S18-A10. New setup creates no visit; existing booking unchanged.,Use C07 role/name/state contract; include current record identity where repeated; preserve logical focus and explicit keyboard action.,action_c_s18_a10_v02,Back,Înapoi,action-c-s18-a10-v02,T-C-S18-A10-V02: exercise this exact variant in its applicable state; inherit parent guards.
C:S19-A02-V01,variant,C:S19-A02,S19,Visit,docs/product/ServiceLoop_Conceptual_App_Map_v0_1.md,C:S19-A02,adopted/pending,C07,Contact,Booked; appointment passed; cancelled; changed captured data; restore blocked; loading/error,color.action;color.focus;color.disabledText;color.surface,L04,P01,Explicit labelled secondary action in the matching S19 section; infrequent management variants in named More menu per screen composition.,Variant “Contact” of C:S19-A02. Explicit external handoff or manual result; attendance never inferred.,Use C07 role/name/state contract; include current record identity where repeated; preserve logical focus and explicit keyboard action.,action_c_s19_a02_v01,Contact,Contactează,action-c-s19-a02-v01,T-C-S19-A02-V01: exercise this exact variant in its applicable state; inherit parent guards.
C:S19-A02-V02,variant,C:S19-A02,S19,Visit,docs/product/ServiceLoop_Conceptual_App_Map_v0_1.md,C:S19-A02,adopted/pending,C07,Open map,Booked; appointment passed; cancelled; changed captured data; restore blocked; loading/error,color.action;color.focus;color.disabledText;color.surface,L04,P01,Explicit labelled secondary action in the matching S19 section; infrequent management variants in named More menu per screen composition.,Variant “Open map” of C:S19-A02. Explicit external handoff or manual result; attendance never inferred.,Use C07 role/name/state contract; include current record identity where repeated; preserve logical focus and explicit keyboard action.,action_c_s19_a02_v02,Open map,Deschide harta,action-c-s19-a02-v02,T-C-S19-A02-V02: exercise this exact variant in its applicable state; inherit parent guards.
C:S19-A02-V03,variant,C:S19-A02,S19,Visit,docs/product/ServiceLoop_Conceptual_App_Map_v0_1.md,C:S19-A02,adopted/pending,C07,Record contact,Booked; appointment passed; cancelled; changed captured data; restore blocked; loading/error,color.action;color.focus;color.disabledText;color.surface,L04,P01,Explicit labelled secondary action in the matching S19 section; infrequent management variants in named More menu per screen composition.,Variant “Record contact” of C:S19-A02. Explicit external handoff or manual result; attendance never inferred.,Use C07 role/name/state contract; include current record identity where repeated; preserve logical focus and explicit keyboard action.,action_c_s19_a02_v03,Record contact,Înregistrează contactarea,action-c-s19-a02-v03,T-C-S19-A02-V03: exercise this exact variant in its applicable state; inherit parent guards.
C:S19-A03-V01,variant,C:S19-A03,S19,Visit,docs/product/ServiceLoop_Conceptual_App_Map_v0_1.md,C:S19-A03,implemented,C11,Machine,Booked; appointment passed; cancelled; changed captured data; restore blocked; loading/error,color.surface;color.canvas;color.textPrimary;color.textSecondary;color.outlineDecorative;color.icon;color.focus,L04,P01,"Named relationship/result row in S19 body, after identity within its labelled section; trailing chevron only when navigable.",Variant “Machine” of C:S19-A03. Open stable-ID related record and return to actual visit.,Use C11 role/name/state contract; include current record identity where repeated; preserve logical focus and explicit keyboard action.,action_c_s19_a03_v01,Machine,Echipament,action-c-s19-a03-v01,T-C-S19-A03-V01: exercise this exact variant in its applicable state; inherit parent guards.
C:S19-A03-V02,variant,C:S19-A03,S19,Visit,docs/product/ServiceLoop_Conceptual_App_Map_v0_1.md,C:S19-A03,implemented,C11,Plan,Booked; appointment passed; cancelled; changed captured data; restore blocked; loading/error,color.surface;color.canvas;color.textPrimary;color.textSecondary;color.outlineDecorative;color.icon;color.focus,L04,P01,"Named relationship/result row in S19 body, after identity within its labelled section; trailing chevron only when navigable.",Variant “Plan” of C:S19-A03. Open stable-ID related record and return to actual visit.,Use C11 role/name/state contract; include current record identity where repeated; preserve logical focus and explicit keyboard action.,action_c_s19_a03_v02,Plan,Plan,action-c-s19-a03-v02,T-C-S19-A03-V02: exercise this exact variant in its applicable state; inherit parent guards.
C:S19-A03-V03,variant,C:S19-A03,S19,Visit,docs/product/ServiceLoop_Conceptual_App_Map_v0_1.md,C:S19-A03,implemented,C11,Follow-up row,Booked; appointment passed; cancelled; changed captured data; restore blocked; loading/error,color.surface;color.canvas;color.textPrimary;color.textSecondary;color.outlineDecorative;color.icon;color.focus,L04,P01,"Named relationship/result row in S19 body, after identity within its labelled section; trailing chevron only when navigable.",Variant “Follow-up row” of C:S19-A03. Open stable-ID related record and return to actual visit.,Use C11 role/name/state contract; include current record identity where repeated; preserve logical focus and explicit keyboard action.,action_c_s19_a03_v03,Follow-up row,Acțiune asociată,action-c-s19-a03-v03,T-C-S19-A03-V03: exercise this exact variant in its applicable state; inherit parent guards.
C:S19-A06-V01,variant,C:S19-A06,S19,Visit,docs/product/ServiceLoop_Conceptual_App_Map_v0_1.md,C:S19-A06,implemented,C05,Create another visit from this,Booked; appointment passed; cancelled; changed captured data; restore blocked; loading/error,color.action;color.onAction;color.actionPressed;color.surface;color.outlineControl;color.disabledContainer;color.disabledText;color.focus,L04,P01,Primary footer or current review/section commit named Create another visit from this / Restore booking; conditional variants never shown simultaneously as competing primary actions.,Variant “Create another visit from this” of C:S19-A06. B-011 adds same-Visit guarded restore; preserve history and reacquire all claims or none. Separate new-visit route only if adopted/wired.,Use C05 role/name/state contract; include current record identity where repeated; preserve logical focus and explicit keyboard action.,action_c_s19_a06_v01,Create another visit from this,Creează altă vizită,action-c-s19-a06-v01,T-C-S19-A06-V01: exercise this exact variant in its applicable state; inherit parent guards.
C:S19-A06-V02,variant,C:S19-A06,S19,Visit,docs/product/ServiceLoop_Conceptual_App_Map_v0_1.md,C:S19-A06,implemented,C05,Restore booking,Booked; appointment passed; cancelled; changed captured data; restore blocked; loading/error,color.action;color.onAction;color.actionPressed;color.surface;color.outlineControl;color.disabledContainer;color.disabledText;color.focus,L04,P01,Primary footer or current review/section commit named Create another visit from this / Restore booking; conditional variants never shown simultaneously as competing primary actions.,Variant “Restore booking” of C:S19-A06. B-011 adds same-Visit guarded restore; preserve history and reacquire all claims or none. Separate new-visit route only if adopted/wired.,Use C05 role/name/state contract; include current record identity where repeated; preserve logical focus and explicit keyboard action.,action_c_s19_a06_v02,Restore booking,Restaurează programarea,action-c-s19-a06-v02,T-C-S19-A06-V02: exercise this exact variant in its applicable state; inherit parent guards.
C:S20-A06-V01,variant,C:S20-A06,S20,Working visit,docs/product/ServiceLoop_Conceptual_App_Map_v0_1.md,C:S20-A06,adopted/pending,C07,Contact,Working; historical-entry; save pending/failed; incomplete outcomes; new item; remote generation conflict,color.action;color.focus;color.disabledText;color.surface,L06,P01,Explicit labelled secondary action in the matching S20 section; infrequent management variants in named More menu per screen composition.,Variant “Contact” of C:S20-A06. Checkpoint before handoff; distinguish current from snapshot address.,Use C07 role/name/state contract; include current record identity where repeated; preserve logical focus and explicit keyboard action.,action_c_s20_a06_v01,Contact,Contactează,action-c-s20-a06-v01,T-C-S20-A06-V01: exercise this exact variant in its applicable state; inherit parent guards.
C:S20-A06-V02,variant,C:S20-A06,S20,Working visit,docs/product/ServiceLoop_Conceptual_App_Map_v0_1.md,C:S20-A06,adopted/pending,C07,Open map,Working; historical-entry; save pending/failed; incomplete outcomes; new item; remote generation conflict,color.action;color.focus;color.disabledText;color.surface,L06,P01,Explicit labelled secondary action in the matching S20 section; infrequent management variants in named More menu per screen composition.,Variant “Open map” of C:S20-A06. Checkpoint before handoff; distinguish current from snapshot address.,Use C07 role/name/state contract; include current record identity where repeated; preserve logical focus and explicit keyboard action.,action_c_s20_a06_v02,Open map,Deschide harta,action-c-s20-a06-v02,T-C-S20-A06-V02: exercise this exact variant in its applicable state; inherit parent guards.
C:S21-A03-V01,variant,C:S21-A03,S21,Equipment in visit,docs/product/ServiceLoop_Conceptual_App_Map_v0_1.md,C:S21-A03,adopted/pending,C23,Customer observations,Not assessed/no issue/issue; missing photo; multiple services; dirty/failed save; read-only history variant,color.surface;color.textPrimary;color.textSecondary;color.outlineControl;color.focus;color.errorInk,L06,P06,Named Customer observations / Internal notes field/selector in S21 content order; error directly below; see individual field ledger.,Variant “Customer observations” of C:S21-A03. Distinct public/private fields and applicable saved checkpoint; never copy private into public.,Use C23 role/name/state contract; include current record identity where repeated; preserve logical focus and explicit keyboard action.,action_c_s21_a03_v01,Customer observations,Observații pentru client,action-c-s21-a03-v01,T-C-S21-A03-V01: exercise this exact variant in its applicable state; inherit parent guards.
C:S21-A03-V02,variant,C:S21-A03,S21,Equipment in visit,docs/product/ServiceLoop_Conceptual_App_Map_v0_1.md,C:S21-A03,adopted/pending,C23,Internal notes,Not assessed/no issue/issue; missing photo; multiple services; dirty/failed save; read-only history variant,color.surface;color.textPrimary;color.textSecondary;color.outlineControl;color.focus;color.errorInk,L06,P06,Named Customer observations / Internal notes field/selector in S21 content order; error directly below; see individual field ledger.,Variant “Internal notes” of C:S21-A03. Distinct public/private fields and applicable saved checkpoint; never copy private into public.,Use C23 role/name/state contract; include current record identity where repeated; preserve logical focus and explicit keyboard action.,action_c_s21_a03_v02,Internal notes,Note interne,action-c-s21-a03-v02,T-C-S21-A03-V02: exercise this exact variant in its applicable state; inherit parent guards.
C:S21-A08-V01,variant,C:S21-A08,S21,Equipment in visit,docs/product/ServiceLoop_Conceptual_App_Map_v0_1.md,C:S21-A08,adopted/pending,C11,Equipment history,Not assessed/no issue/issue; missing photo; multiple services; dirty/failed save; read-only history variant,color.surface;color.canvas;color.textPrimary;color.textSecondary;color.outlineDecorative;color.icon;color.focus,L06,P01,"Named relationship/result row in S21 body, after identity within its labelled section; trailing chevron only when navigable.",Variant “Equipment history” of C:S21-A08. Return path to active visit; master edits cannot alter snapshot silently.,Use C11 role/name/state contract; include current record identity where repeated; preserve logical focus and explicit keyboard action.,action_c_s21_a08_v01,Equipment history,Istoric echipament,action-c-s21-a08-v01,T-C-S21-A08-V01: exercise this exact variant in its applicable state; inherit parent guards.
C:S21-A08-V02,variant,C:S21-A08,S21,Equipment in visit,docs/product/ServiceLoop_Conceptual_App_Map_v0_1.md,C:S21-A08,adopted/pending,C11,Master equipment,Not assessed/no issue/issue; missing photo; multiple services; dirty/failed save; read-only history variant,color.surface;color.canvas;color.textPrimary;color.textSecondary;color.outlineDecorative;color.icon;color.focus,L06,P01,"Named relationship/result row in S21 body, after identity within its labelled section; trailing chevron only when navigable.",Variant “Master equipment” of C:S21-A08. Return path to active visit; master edits cannot alter snapshot silently.,Use C11 role/name/state contract; include current record identity where repeated; preserve logical focus and explicit keyboard action.,action_c_s21_a08_v02,Master equipment,Fișă echipament,action-c-s21-a08-v02,T-C-S21-A08-V02: exercise this exact variant in its applicable state; inherit parent guards.
C:S22-A02-V01,variant,C:S22-A02,S22,Work item and checklist,docs/product/ServiceLoop_Conceptual_App_Map_v0_1.md,C:S22-A02,adopted/pending (partial control exposed),C13,OK,Not checked; OK; Issue found; NA; text/number value; invalid reading; reviewed/in-progress; save failed,color.action;color.onAction;color.outlineControl;color.textPrimary;color.textSecondary;color.focus;color.disabledText,L06,P04,Labelled choice/selection group named OK / Issue found / Not applicable / Not checked in S22; option toggles retain group/parent context.,Variant “OK” of C:S22-A02. B-014 retains separate drafts; active answer only validates/report; Issue description inline under B-009.,Use C13 role/name/state contract; include current record identity where repeated; preserve logical focus and explicit keyboard action.,action_c_s22_a02_v01,OK,În regulă,action-c-s22-a02-v01,T-C-S22-A02-V01: exercise this exact variant in its applicable state; inherit parent guards.
C:S22-A02-V02,variant,C:S22-A02,S22,Work item and checklist,docs/product/ServiceLoop_Conceptual_App_Map_v0_1.md,C:S22-A02,adopted/pending (partial control exposed),C13,Issue found,Not checked; OK; Issue found; NA; text/number value; invalid reading; reviewed/in-progress; save failed,color.action;color.onAction;color.outlineControl;color.textPrimary;color.textSecondary;color.focus;color.disabledText,L06,P04,Labelled choice/selection group named OK / Issue found / Not applicable / Not checked in S22; option toggles retain group/parent context.,Variant “Issue found” of C:S22-A02. B-014 retains separate drafts; active answer only validates/report; Issue description inline under B-009.,Use C13 role/name/state contract; include current record identity where repeated; preserve logical focus and explicit keyboard action.,action_c_s22_a02_v02,Issue found,Problemă constatată,action-c-s22-a02-v02,T-C-S22-A02-V02: exercise this exact variant in its applicable state; inherit parent guards.
C:S22-A02-V03,variant,C:S22-A02,S22,Work item and checklist,docs/product/ServiceLoop_Conceptual_App_Map_v0_1.md,C:S22-A02,adopted/pending (partial control exposed),C13,Not applicable,Not checked; OK; Issue found; NA; text/number value; invalid reading; reviewed/in-progress; save failed,color.action;color.onAction;color.outlineControl;color.textPrimary;color.textSecondary;color.focus;color.disabledText,L06,P04,Labelled choice/selection group named OK / Issue found / Not applicable / Not checked in S22; option toggles retain group/parent context.,Variant “Not applicable” of C:S22-A02. B-014 retains separate drafts; active answer only validates/report; Issue description inline under B-009.,Use C13 role/name/state contract; include current record identity where repeated; preserve logical focus and explicit keyboard action.,action_c_s22_a02_v03,Not applicable,Nu se aplică,action-c-s22-a02-v03,T-C-S22-A02-V03: exercise this exact variant in its applicable state; inherit parent guards.
C:S22-A02-V04,variant,C:S22-A02,S22,Work item and checklist,docs/product/ServiceLoop_Conceptual_App_Map_v0_1.md,C:S22-A02,adopted/pending (partial control exposed),C13,Not checked,Not checked; OK; Issue found; NA; text/number value; invalid reading; reviewed/in-progress; save failed,color.action;color.onAction;color.outlineControl;color.textPrimary;color.textSecondary;color.focus;color.disabledText,L06,P04,Labelled choice/selection group named OK / Issue found / Not applicable / Not checked in S22; option toggles retain group/parent context.,Variant “Not checked” of C:S22-A02. B-014 retains separate drafts; active answer only validates/report; Issue description inline under B-009.,Use C13 role/name/state contract; include current record identity where repeated; preserve logical focus and explicit keyboard action.,action_c_s22_a02_v04,Not checked,Neverificat,action-c-s22-a02-v04,T-C-S22-A02-V04: exercise this exact variant in its applicable state; inherit parent guards.
C:S22-A03-V01,variant,C:S22-A03,S22,Work item and checklist,docs/product/ServiceLoop_Conceptual_App_Map_v0_1.md,C:S22-A03,adopted/pending (partial control exposed),C08,Text,Not checked; OK; Issue found; NA; text/number value; invalid reading; reviewed/in-progress; save failed,color.surface;color.textPrimary;color.textSecondary;color.outlineControl;color.focus;color.errorInk;color.disabledContainer;color.disabledText,L06,P04,Named Text / Number value field/selector in S22 content order; error directly below; see individual field ledger.,Variant “Text” of C:S22-A03. Finite signed decimal with captured unit or text; malformed draft not coerced to zero.,Use C08 role/name/state contract; include current record identity where repeated; preserve logical focus and explicit keyboard action.,action_c_s22_a03_v01,Text,Text,action-c-s22-a03-v01,T-C-S22-A03-V01: exercise this exact variant in its applicable state; inherit parent guards.
C:S22-A03-V02,variant,C:S22-A03,S22,Work item and checklist,docs/product/ServiceLoop_Conceptual_App_Map_v0_1.md,C:S22-A03,adopted/pending (partial control exposed),C08,Number value,Not checked; OK; Issue found; NA; text/number value; invalid reading; reviewed/in-progress; save failed,color.surface;color.textPrimary;color.textSecondary;color.outlineControl;color.focus;color.errorInk;color.disabledContainer;color.disabledText,L06,P04,Named Text / Number value field/selector in S22 content order; error directly below; see individual field ledger.,Variant “Number value” of C:S22-A03. Finite signed decimal with captured unit or text; malformed draft not coerced to zero.,Use C08 role/name/state contract; include current record identity where repeated; preserve logical focus and explicit keyboard action.,action_c_s22_a03_v02,Number value,Valoare numerică,action-c-s22-a03-v02,T-C-S22-A03-V02: exercise this exact variant in its applicable state; inherit parent guards.
C:S22-A04-V01,variant,C:S22-A04,S22,Work item and checklist,docs/product/ServiceLoop_Conceptual_App_Map_v0_1.md,C:S22-A04,adopted/pending (partial control exposed),C13,Mark not applicable,Not checked; OK; Issue found; NA; text/number value; invalid reading; reviewed/in-progress; save failed,color.action;color.onAction;color.outlineControl;color.textPrimary;color.textSecondary;color.focus;color.disabledText,L06,P04,Labelled choice/selection group named Mark not applicable / Enter value instead in S22; option toggles retain group/parent context.,Variant “Mark not applicable” of C:S22-A04. B-014 nondestructive switch with retained value/reason; no canned NA reason.,Use C13 role/name/state contract; include current record identity where repeated; preserve logical focus and explicit keyboard action.,action_c_s22_a04_v01,Mark not applicable,Marchează Nu se aplică,action-c-s22-a04-v01,T-C-S22-A04-V01: exercise this exact variant in its applicable state; inherit parent guards.
C:S22-A04-V02,variant,C:S22-A04,S22,Work item and checklist,docs/product/ServiceLoop_Conceptual_App_Map_v0_1.md,C:S22-A04,adopted/pending (partial control exposed),C13,Enter value instead,Not checked; OK; Issue found; NA; text/number value; invalid reading; reviewed/in-progress; save failed,color.action;color.onAction;color.outlineControl;color.textPrimary;color.textSecondary;color.focus;color.disabledText,L06,P04,Labelled choice/selection group named Mark not applicable / Enter value instead in S22; option toggles retain group/parent context.,Variant “Enter value instead” of C:S22-A04. B-014 nondestructive switch with retained value/reason; no canned NA reason.,Use C13 role/name/state contract; include current record identity where repeated; preserve logical focus and explicit keyboard action.,action_c_s22_a04_v02,Enter value instead,Introdu valoarea,action-c-s22-a04-v02,T-C-S22-A04-V02: exercise this exact variant in its applicable state; inherit parent guards.
C:S22-A08-V01,variant,C:S22-A08,S22,Work item and checklist,docs/product/ServiceLoop_Conceptual_App_Map_v0_1.md,C:S22-A08,adopted/pending,C06,Keep finding,Not checked; OK; Issue found; NA; text/number value; invalid reading; reviewed/in-progress; save failed,color.destructive;color.onDestructive;color.errorInk;color.errorContainer;color.focus,L06,P10,"Record More → named lifecycle/destructive action; opens explicit review. On dedicated review, named confirmation is footer last.",Variant “Keep finding” of C:S22-A08. Explicit independent finding consequences only; do not destroy B-014 response draft during ordinary switching.,Use C06 role/name/state contract; include current record identity where repeated; preserve logical focus and explicit keyboard action.,action_c_s22_a08_v01,Keep finding,Păstrează constatarea,action-c-s22-a08-v01,T-C-S22-A08-V01: exercise this exact variant in its applicable state; inherit parent guards.
C:S22-A08-V02,variant,C:S22-A08,S22,Work item and checklist,docs/product/ServiceLoop_Conceptual_App_Map_v0_1.md,C:S22-A08,adopted/pending,C06,Remove draft finding,Not checked; OK; Issue found; NA; text/number value; invalid reading; reviewed/in-progress; save failed,color.destructive;color.onDestructive;color.errorInk;color.errorContainer;color.focus,L06,P10,"Record More → named lifecycle/destructive action; opens explicit review. On dedicated review, named confirmation is footer last.",Variant “Remove draft finding” of C:S22-A08. Explicit independent finding consequences only; do not destroy B-014 response draft during ordinary switching.,Use C06 role/name/state contract; include current record identity where repeated; preserve logical focus and explicit keyboard action.,action_c_s22_a08_v02,Remove draft finding,Elimină constatarea din ciornă,action-c-s22-a08-v02,T-C-S22-A08-V02: exercise this exact variant in its applicable state; inherit parent guards.
C:S23-A07-V01,variant,C:S23-A07,S23,Finding,docs/product/ServiceLoop_Conceptual_App_Map_v0_1.md,C:S23-A07,adopted/pending,C07,Cancel,New/general; inline checklist issue; unfinished; resolved in visit; follow-up required; correction mode,color.action;color.focus;color.disabledText;color.surface,L05,P01,Toolbar Back/Cancel or safe dialog dismissal; obey exact parent save contract.,"Variant “Cancel” of C:S23-A07. Discard uncommitted editor changes, retain saved finding.",Use C07 role/name/state contract; include current record identity where repeated; preserve logical focus and explicit keyboard action.,action_c_s23_a07_v01,Cancel,Renunță,action-c-s23-a07-v01,T-C-S23-A07-V01: exercise this exact variant in its applicable state; inherit parent guards.
C:S23-A07-V02,variant,C:S23-A07,S23,Finding,docs/product/ServiceLoop_Conceptual_App_Map_v0_1.md,C:S23-A07,adopted/pending,C07,Back,New/general; inline checklist issue; unfinished; resolved in visit; follow-up required; correction mode,color.action;color.focus;color.disabledText;color.surface,L05,P01,Toolbar Back/Cancel or safe dialog dismissal; obey exact parent save contract.,"Variant “Back” of C:S23-A07. Discard uncommitted editor changes, retain saved finding.",Use C07 role/name/state contract; include current record identity where repeated; preserve logical focus and explicit keyboard action.,action_c_s23_a07_v02,Back,Înapoi,action-c-s23-a07-v02,T-C-S23-A07-V02: exercise this exact variant in its applicable state; inherit parent guards.
C:S24-A03-V01,variant,C:S24-A03,S24,Review completion,docs/product/ServiceLoop_Conceptual_App_Map_v0_1.md,C:S24-A03,adopted/pending (partial control exposed),C27,Fulfills current obligation,Outcome missing; partial/unperformed; eligible unchecked/checked; stale obligation; identity missing; finalizing; failure,color.surface;color.textPrimary;color.textSecondary;color.warningInk;color.warningContainer;color.errorInk;color.successInk;color.action,L07,P15,Explicit labelled secondary action in the matching S24 section; infrequent management variants in named More menu per screen composition.,"Variant “Fulfills current obligation” of C:S24-A03. Only current eligible obligation; explicit choice shows exact date effect, blocked reason otherwise.",Use C27 role/name/state contract; include current record identity where repeated; preserve logical focus and explicit keyboard action.,action_c_s24_a03_v01,Fulfills current obligation,Îndeplinește obligația curentă,action-c-s24-a03-v01,T-C-S24-A03-V01: exercise this exact variant in its applicable state; inherit parent guards.
C:S24-A03-V02,variant,C:S24-A03,S24,Review completion,docs/product/ServiceLoop_Conceptual_App_Map_v0_1.md,C:S24-A03,adopted/pending (partial control exposed),C27,History only,Outcome missing; partial/unperformed; eligible unchecked/checked; stale obligation; identity missing; finalizing; failure,color.surface;color.textPrimary;color.textSecondary;color.warningInk;color.warningContainer;color.errorInk;color.successInk;color.action,L07,P15,Explicit labelled secondary action in the matching S24 section; infrequent management variants in named More menu per screen composition.,"Variant “History only” of C:S24-A03. Only current eligible obligation; explicit choice shows exact date effect, blocked reason otherwise.",Use C27 role/name/state contract; include current record identity where repeated; preserve logical focus and explicit keyboard action.,action_c_s24_a03_v02,History only,Doar istoric,action-c-s24-a03-v02,T-C-S24-A03-V02: exercise this exact variant in its applicable state; inherit parent guards.
C:S24-A04-V01,variant,C:S24-A04,S24,Review completion,docs/product/ServiceLoop_Conceptual_App_Map_v0_1.md,C:S24-A04,adopted/pending (partial control exposed),C30,Next due date,Outcome missing; partial/unperformed; eligible unchecked/checked; stale obligation; identity missing; finalizing; failure,color.surfaceRaised;color.textPrimary;color.textSecondary;color.action;color.selection;color.outlineControl;color.errorInk;color.focus,L07,P13,Named Next due date / Use calculated date field/selector in S24 content order; error directly below; see individual field ledger.,"Variant “Next due date” of C:S24-A04. Actual date+captured interval, explicit override reason; unrelated plans untouched.",Use C30 role/name/state contract; include current record identity where repeated; preserve logical focus and explicit keyboard action.,action_c_s24_a04_v01,Next due date,Următoarea scadență,action-c-s24-a04-v01,T-C-S24-A04-V01: exercise this exact variant in its applicable state; inherit parent guards.
C:S24-A04-V02,variant,C:S24-A04,S24,Review completion,docs/product/ServiceLoop_Conceptual_App_Map_v0_1.md,C:S24-A04,adopted/pending (partial control exposed),C30,Use calculated date,Outcome missing; partial/unperformed; eligible unchecked/checked; stale obligation; identity missing; finalizing; failure,color.surfaceRaised;color.textPrimary;color.textSecondary;color.action;color.selection;color.outlineControl;color.errorInk;color.focus,L07,P13,Named Next due date / Use calculated date field/selector in S24 content order; error directly below; see individual field ledger.,"Variant “Use calculated date” of C:S24-A04. Actual date+captured interval, explicit override reason; unrelated plans untouched.",Use C30 role/name/state contract; include current record identity where repeated; preserve logical focus and explicit keyboard action.,action_c_s24_a04_v02,Use calculated date,Folosește data calculată,action-c-s24-a04-v02,T-C-S24-A04-V02: exercise this exact variant in its applicable state; inherit parent guards.
C:S24-A06-V01,variant,C:S24-A06,S24,Review completion,docs/product/ServiceLoop_Conceptual_App_Map_v0_1.md,C:S24-A06,adopted/pending,C13,Existing linked follow-up: Keep open,Outcome missing; partial/unperformed; eligible unchecked/checked; stale obligation; identity missing; finalizing; failure,color.action;color.onAction;color.outlineControl;color.textPrimary;color.textSecondary;color.focus;color.disabledText,L07,P04,Labelled choice/selection group named Existing linked follow-up: Keep open / Resolve in S24; option toggles retain group/parent context.,Variant “Existing linked follow-up: Keep open” of C:S24-A06. Default keep; require dated outcome; commit effect only with finalization.,Use C13 role/name/state contract; include current record identity where repeated; preserve logical focus and explicit keyboard action.,action_c_s24_a06_v01,Existing linked follow-up: Keep open,Acțiune asociată: Lasă deschisă,action-c-s24-a06-v01,T-C-S24-A06-V01: exercise this exact variant in its applicable state; inherit parent guards.
C:S24-A06-V02,variant,C:S24-A06,S24,Review completion,docs/product/ServiceLoop_Conceptual_App_Map_v0_1.md,C:S24-A06,adopted/pending,C13,Resolve,Outcome missing; partial/unperformed; eligible unchecked/checked; stale obligation; identity missing; finalizing; failure,color.action;color.onAction;color.outlineControl;color.textPrimary;color.textSecondary;color.focus;color.disabledText,L07,P04,Labelled choice/selection group named Existing linked follow-up: Keep open / Resolve in S24; option toggles retain group/parent context.,Variant “Resolve” of C:S24-A06. Default keep; require dated outcome; commit effect only with finalization.,Use C13 role/name/state contract; include current record identity where repeated; preserve logical focus and explicit keyboard action.,action_c_s24_a06_v02,Resolve,Rezolvă,action-c-s24-a06-v02,T-C-S24-A06-V02: exercise this exact variant in its applicable state; inherit parent guards.
C:S25-A01-V01,variant,C:S25-A01,S25,Final service record,docs/product/ServiceLoop_Conceptual_App_Map_v0_1.md,C:S25-A01,implemented,C05,Generate customer PDF,Current/superseded/void; PDF absent/generating/failed/missing/ready; correction pending,color.action;color.onAction;color.actionPressed;color.surface;color.outlineControl;color.disabledContainer;color.disabledText;color.focus,L08,P01,Primary footer or current review/section commit named Generate customer PDF / View report; conditional variants never shown simultaneously as competing primary actions.,Variant “Generate customer PDF” of C:S25-A01. From fixed public snapshot; failed PDF leaves final service record and schedules committed.,Use C05 role/name/state contract; include current record identity where repeated; preserve logical focus and explicit keyboard action.,action_c_s25_a01_v01,Generate customer PDF,Generează PDF pentru client,action-c-s25-a01-v01,T-C-S25-A01-V01: exercise this exact variant in its applicable state; inherit parent guards.
C:S25-A01-V02,variant,C:S25-A01,S25,Final service record,docs/product/ServiceLoop_Conceptual_App_Map_v0_1.md,C:S25-A01,implemented,C05,View report,Current/superseded/void; PDF absent/generating/failed/missing/ready; correction pending,color.action;color.onAction;color.actionPressed;color.surface;color.outlineControl;color.disabledContainer;color.disabledText;color.focus,L08,P01,Primary footer or current review/section commit named Generate customer PDF / View report; conditional variants never shown simultaneously as competing primary actions.,Variant “View report” of C:S25-A01. From fixed public snapshot; failed PDF leaves final service record and schedules committed.,Use C05 role/name/state contract; include current record identity where repeated; preserve logical focus and explicit keyboard action.,action_c_s25_a01_v02,View report,Vezi raportul,action-c-s25-a01-v02,T-C-S25-A01-V02: exercise this exact variant in its applicable state; inherit parent guards.
C:S25-A02-V01,variant,C:S25-A02,S25,Final service record,docs/product/ServiceLoop_Conceptual_App_Map_v0_1.md,C:S25-A02,implemented,C26,Record versions,Current/superseded/void; PDF absent/generating/failed/missing/ready; correction pending,color.textPrimary;color.textSecondary;color.historyContainer;color.historyInk;color.errorContainer;color.errorInk;color.outlineDecorative,L08,P16,"Named relationship/result row in S25 body, after identity within its labelled section; trailing chevron only when navigable.","Variant “Record versions” of C:S25-A02. Open exact immutable version, never promote it to current by viewing.",Use C26 role/name/state contract; include current record identity where repeated; preserve logical focus and explicit keyboard action.,action_c_s25_a02_v01,Record versions,Versiuni înregistrare,action-c-s25-a02-v01,T-C-S25-A02-V01: exercise this exact variant in its applicable state; inherit parent guards.
C:S25-A02-V02,variant,C:S25-A02,S25,Final service record,docs/product/ServiceLoop_Conceptual_App_Map_v0_1.md,C:S25-A02,implemented,C26,Report versions,Current/superseded/void; PDF absent/generating/failed/missing/ready; correction pending,color.textPrimary;color.textSecondary;color.historyContainer;color.historyInk;color.errorContainer;color.errorInk;color.outlineDecorative,L08,P16,"Named relationship/result row in S25 body, after identity within its labelled section; trailing chevron only when navigable.","Variant “Report versions” of C:S25-A02. Open exact immutable version, never promote it to current by viewing.",Use C26 role/name/state contract; include current record identity where repeated; preserve logical focus and explicit keyboard action.,action_c_s25_a02_v02,Report versions,Versiuni raport,action-c-s25-a02-v02,T-C-S25-A02-V02: exercise this exact variant in its applicable state; inherit parent guards.
C:S25-A03-V01,variant,C:S25-A03,S25,Final service record,docs/product/ServiceLoop_Conceptual_App_Map_v0_1.md,C:S25-A03,implemented,C07,Correct record,Current/superseded/void; PDF absent/generating/failed/missing/ready; correction pending,color.action;color.focus;color.disabledText;color.surface,L08,P01,Explicit labelled secondary action in the matching S25 section; infrequent management variants in named More menu per screen composition.,Variant “Correct record” of C:S25-A03. New/existing durable correction draft; original stays current until commit.,Use C07 role/name/state contract; include current record identity where repeated; preserve logical focus and explicit keyboard action.,action_c_s25_a03_v01,Correct record,Corectează înregistrarea,action-c-s25-a03-v01,T-C-S25-A03-V01: exercise this exact variant in its applicable state; inherit parent guards.
C:S25-A03-V02,variant,C:S25-A03,S25,Final service record,docs/product/ServiceLoop_Conceptual_App_Map_v0_1.md,C:S25-A03,implemented,C07,Resume correction,Current/superseded/void; PDF absent/generating/failed/missing/ready; correction pending,color.action;color.focus;color.disabledText;color.surface,L08,P01,Explicit labelled secondary action in the matching S25 section; infrequent management variants in named More menu per screen composition.,Variant “Resume correction” of C:S25-A03. New/existing durable correction draft; original stays current until commit.,Use C07 role/name/state contract; include current record identity where repeated; preserve logical focus and explicit keyboard action.,action_c_s25_a03_v02,Resume correction,Reia corecția,action-c-s25-a03-v02,T-C-S25-A03-V02: exercise this exact variant in its applicable state; inherit parent guards.
C:S25-A05-V01,variant,C:S25-A05,S25,Final service record,docs/product/ServiceLoop_Conceptual_App_Map_v0_1.md,C:S25-A05,adopted/pending,C11,Follow-up,Current/superseded/void; PDF absent/generating/failed/missing/ready; correction pending,color.surface;color.canvas;color.textPrimary;color.textSecondary;color.outlineDecorative;color.icon;color.focus,L08,P01,"Named relationship/result row in S25 body, after identity within its labelled section; trailing chevron only when navigable.",Variant “Follow-up” of C:S25-A05. Stable linked entities; current changes clearly distinguished from captured identity.,Use C11 role/name/state contract; include current record identity where repeated; preserve logical focus and explicit keyboard action.,action_c_s25_a05_v01,Follow-up,Acțiune,action-c-s25-a05-v01,T-C-S25-A05-V01: exercise this exact variant in its applicable state; inherit parent guards.
C:S25-A05-V02,variant,C:S25-A05,S25,Final service record,docs/product/ServiceLoop_Conceptual_App_Map_v0_1.md,C:S25-A05,adopted/pending,C11,Plan,Current/superseded/void; PDF absent/generating/failed/missing/ready; correction pending,color.surface;color.canvas;color.textPrimary;color.textSecondary;color.outlineDecorative;color.icon;color.focus,L08,P01,"Named relationship/result row in S25 body, after identity within its labelled section; trailing chevron only when navigable.",Variant “Plan” of C:S25-A05. Stable linked entities; current changes clearly distinguished from captured identity.,Use C11 role/name/state contract; include current record identity where repeated; preserve logical focus and explicit keyboard action.,action_c_s25_a05_v02,Plan,Plan,action-c-s25-a05-v02,T-C-S25-A05-V02: exercise this exact variant in its applicable state; inherit parent guards.
C:S25-A05-V03,variant,C:S25-A05,S25,Final service record,docs/product/ServiceLoop_Conceptual_App_Map_v0_1.md,C:S25-A05,adopted/pending,C11,Equipment,Current/superseded/void; PDF absent/generating/failed/missing/ready; correction pending,color.surface;color.canvas;color.textPrimary;color.textSecondary;color.outlineDecorative;color.icon;color.focus,L08,P01,"Named relationship/result row in S25 body, after identity within its labelled section; trailing chevron only when navigable.",Variant “Equipment” of C:S25-A05. Stable linked entities; current changes clearly distinguished from captured identity.,Use C11 role/name/state contract; include current record identity where repeated; preserve logical focus and explicit keyboard action.,action_c_s25_a05_v03,Equipment,Echipament,action-c-s25-a05-v03,T-C-S25-A05-V03: exercise this exact variant in its applicable state; inherit parent guards.
C:S25-A05-V04,variant,C:S25-A05,S25,Final service record,docs/product/ServiceLoop_Conceptual_App_Map_v0_1.md,C:S25-A05,adopted/pending,C11,Original site/customer,Current/superseded/void; PDF absent/generating/failed/missing/ready; correction pending,color.surface;color.canvas;color.textPrimary;color.textSecondary;color.outlineDecorative;color.icon;color.focus,L08,P01,"Named relationship/result row in S25 body, after identity within its labelled section; trailing chevron only when navigable.",Variant “Original site/customer” of C:S25-A05. Stable linked entities; current changes clearly distinguished from captured identity.,Use C11 role/name/state contract; include current record identity where repeated; preserve logical focus and explicit keyboard action.,action_c_s25_a05_v04,Original site/customer,Locație-client original,action-c-s25-a05-v04,T-C-S25-A05-V04: exercise this exact variant in its applicable state; inherit parent guards.
C:S26-A03-V01,variant,C:S26-A03,S26,Correction and void,docs/product/ServiceLoop_Conceptual_App_Map_v0_1.md,C:S26-A03,implemented,C13,Affected follow-up: Keep,Durable draft; saving/saved/not saved; stale revision; schedule blocked; new evidence labelled; committing; failure,color.action;color.onAction;color.outlineControl;color.textPrimary;color.textSecondary;color.focus;color.disabledText,L06,P04,Labelled choice/selection group named Affected follow-up: Keep / Cancel as erroneous / Add required task in S26; option toggles retain group/parent context.,Variant “Affected follow-up: Keep” of C:S26-A03. Keep default; reason for cancellation; resolved work not automatically reopened.,Use C13 role/name/state contract; include current record identity where repeated; preserve logical focus and explicit keyboard action.,action_c_s26_a03_v01,Affected follow-up: Keep,Acțiune afectată: Păstrează,action-c-s26-a03-v01,T-C-S26-A03-V01: exercise this exact variant in its applicable state; inherit parent guards.
C:S26-A03-V02,variant,C:S26-A03,S26,Correction and void,docs/product/ServiceLoop_Conceptual_App_Map_v0_1.md,C:S26-A03,implemented,C13,Cancel as erroneous,Durable draft; saving/saved/not saved; stale revision; schedule blocked; new evidence labelled; committing; failure,color.action;color.onAction;color.outlineControl;color.textPrimary;color.textSecondary;color.focus;color.disabledText,L06,P04,Labelled choice/selection group named Affected follow-up: Keep / Cancel as erroneous / Add required task in S26; option toggles retain group/parent context.,Variant “Cancel as erroneous” of C:S26-A03. Keep default; reason for cancellation; resolved work not automatically reopened.,Use C13 role/name/state contract; include current record identity where repeated; preserve logical focus and explicit keyboard action.,action_c_s26_a03_v02,Cancel as erroneous,Anulează ca eronată,action-c-s26-a03-v02,T-C-S26-A03-V02: exercise this exact variant in its applicable state; inherit parent guards.
C:S26-A03-V03,variant,C:S26-A03,S26,Correction and void,docs/product/ServiceLoop_Conceptual_App_Map_v0_1.md,C:S26-A03,implemented,C13,Add required task,Durable draft; saving/saved/not saved; stale revision; schedule blocked; new evidence labelled; committing; failure,color.action;color.onAction;color.outlineControl;color.textPrimary;color.textSecondary;color.focus;color.disabledText,L06,P04,Labelled choice/selection group named Affected follow-up: Keep / Cancel as erroneous / Add required task in S26; option toggles retain group/parent context.,Variant “Add required task” of C:S26-A03. Keep default; reason for cancellation; resolved work not automatically reopened.,Use C13 role/name/state contract; include current record identity where repeated; preserve logical focus and explicit keyboard action.,action_c_s26_a03_v03,Add required task,Adaugă acțiune necesară,action-c-s26-a03-v03,T-C-S26-A03-V03: exercise this exact variant in its applicable state; inherit parent guards.
C:S26-A05-V01,variant,C:S26-A05,S26,Correction and void,docs/product/ServiceLoop_Conceptual_App_Map_v0_1.md,C:S26-A05,implemented,C05,Commit correction,Durable draft; saving/saved/not saved; stale revision; schedule blocked; new evidence labelled; committing; failure,color.action;color.onAction;color.actionPressed;color.surface;color.outlineControl;color.disabledContainer;color.disabledText;color.focus,L06,P01,Primary footer or current review/section commit named Commit correction / Confirm void; conditional variants never shown simultaneously as competing primary actions.,Variant “Commit correction” of C:S26-A05. Atomic next revision plus explicit effects; retry returns committed result; old bytes preserved.,Use C05 role/name/state contract; include current record identity where repeated; preserve logical focus and explicit keyboard action.,action_c_s26_a05_v01,Commit correction,Aplică corecția,action-c-s26-a05-v01,T-C-S26-A05-V01: exercise this exact variant in its applicable state; inherit parent guards.
C:S26-A05-V02,variant,C:S26-A05,S26,Correction and void,docs/product/ServiceLoop_Conceptual_App_Map_v0_1.md,C:S26-A05,implemented,C05,Confirm void,Durable draft; saving/saved/not saved; stale revision; schedule blocked; new evidence labelled; committing; failure,color.action;color.onAction;color.actionPressed;color.surface;color.outlineControl;color.disabledContainer;color.disabledText;color.focus,L06,P01,Primary footer or current review/section commit named Commit correction / Confirm void; conditional variants never shown simultaneously as competing primary actions.,Variant “Confirm void” of C:S26-A05. Atomic next revision plus explicit effects; retry returns committed result; old bytes preserved.,Use C05 role/name/state contract; include current record identity where repeated; preserve logical focus and explicit keyboard action.,action_c_s26_a05_v02,Confirm void,Confirmă invalidarea,action-c-s26-a05-v02,T-C-S26-A05-V02: exercise this exact variant in its applicable state; inherit parent guards.
C:S27-A02-V01,variant,C:S27-A02,S27,Follow-up,docs/product/ServiceLoop_Conceptual_App_Map_v0_1.md,C:S27-A02,adopted/pending,C07,Contact,Open/resolved/cancelled; overdue/upcoming; archived context; originating immutable link; failure,color.action;color.focus;color.disabledText;color.surface,L04,P01,Explicit labelled secondary action in the matching S27 section; infrequent management variants in named More menu per screen composition.,Variant “Contact” of C:S27-A02. External action is not resolution; user records actual result.,Use C07 role/name/state contract; include current record identity where repeated; preserve logical focus and explicit keyboard action.,action_c_s27_a02_v01,Contact,Contactează,action-c-s27-a02-v01,T-C-S27-A02-V01: exercise this exact variant in its applicable state; inherit parent guards.
C:S27-A02-V02,variant,C:S27-A02,S27,Follow-up,docs/product/ServiceLoop_Conceptual_App_Map_v0_1.md,C:S27-A02,adopted/pending,C07,Open map,Open/resolved/cancelled; overdue/upcoming; archived context; originating immutable link; failure,color.action;color.focus;color.disabledText;color.surface,L04,P01,Explicit labelled secondary action in the matching S27 section; infrequent management variants in named More menu per screen composition.,Variant “Open map” of C:S27-A02. External action is not resolution; user records actual result.,Use C07 role/name/state contract; include current record identity where repeated; preserve logical focus and explicit keyboard action.,action_c_s27_a02_v02,Open map,Deschide harta,action-c-s27-a02-v02,T-C-S27-A02-V02: exercise this exact variant in its applicable state; inherit parent guards.
C:S27-A02-V03,variant,C:S27-A02,S27,Follow-up,docs/product/ServiceLoop_Conceptual_App_Map_v0_1.md,C:S27-A02,adopted/pending,C07,Record contact,Open/resolved/cancelled; overdue/upcoming; archived context; originating immutable link; failure,color.action;color.focus;color.disabledText;color.surface,L04,P01,Explicit labelled secondary action in the matching S27 section; infrequent management variants in named More menu per screen composition.,Variant “Record contact” of C:S27-A02. External action is not resolution; user records actual result.,Use C07 role/name/state contract; include current record identity where repeated; preserve logical focus and explicit keyboard action.,action_c_s27_a02_v03,Record contact,Înregistrează contactarea,action-c-s27-a02-v03,T-C-S27-A02-V03: exercise this exact variant in its applicable state; inherit parent guards.
C:S27-A03-V01,variant,C:S27-A03,S27,Follow-up,docs/product/ServiceLoop_Conceptual_App_Map_v0_1.md,C:S27-A03,adopted/pending,C07,Book,Open/resolved/cancelled; overdue/upcoming; archived context; originating immutable link; failure,color.action;color.focus;color.disabledText;color.surface,L04,P01,Explicit labelled secondary action in the matching S27 section; infrequent management variants in named More menu per screen composition.,Variant “Book” of C:S27-A03. Need real eligible site/equipment; booking does not resolve task.,Use C07 role/name/state contract; include current record identity where repeated; preserve logical focus and explicit keyboard action.,action_c_s27_a03_v01,Book,Programează,action-c-s27-a03-v01,T-C-S27-A03-V01: exercise this exact variant in its applicable state; inherit parent guards.
C:S27-A03-V02,variant,C:S27-A03,S27,Follow-up,docs/product/ServiceLoop_Conceptual_App_Map_v0_1.md,C:S27-A03,adopted/pending,C07,Start related visit,Open/resolved/cancelled; overdue/upcoming; archived context; originating immutable link; failure,color.action;color.focus;color.disabledText;color.surface,L04,P01,Explicit labelled secondary action in the matching S27 section; infrequent management variants in named More menu per screen composition.,Variant “Start related visit” of C:S27-A03. Need real eligible site/equipment; booking does not resolve task.,Use C07 role/name/state contract; include current record identity where repeated; preserve logical focus and explicit keyboard action.,action_c_s27_a03_v02,Start related visit,Începe vizita asociată,action-c-s27-a03-v02,T-C-S27-A03-V02: exercise this exact variant in its applicable state; inherit parent guards.
C:S27-A04-V01,variant,C:S27-A04,S27,Follow-up,docs/product/ServiceLoop_Conceptual_App_Map_v0_1.md,C:S27-A04,implemented,C05,Resolve,Open/resolved/cancelled; overdue/upcoming; archived context; originating immutable link; failure,color.action;color.onAction;color.actionPressed;color.surface;color.outlineControl;color.disabledContainer;color.disabledText;color.focus,L04,P01,Primary footer or current review/section commit named Resolve / Cancel; conditional variants never shown simultaneously as competing primary actions.,Variant “Resolve” of C:S27-A04. Dated outcome/reason; standalone commit or parent-staged action according to entry.,Use C05 role/name/state contract; include current record identity where repeated; preserve logical focus and explicit keyboard action.,action_c_s27_a04_v01,Resolve,Rezolvă,action-c-s27-a04-v01,T-C-S27-A04-V01: exercise this exact variant in its applicable state; inherit parent guards.
C:S27-A04-V02,variant,C:S27-A04,S27,Follow-up,docs/product/ServiceLoop_Conceptual_App_Map_v0_1.md,C:S27-A04,implemented,C05,Cancel,Open/resolved/cancelled; overdue/upcoming; archived context; originating immutable link; failure,color.action;color.onAction;color.actionPressed;color.surface;color.outlineControl;color.disabledContainer;color.disabledText;color.focus,L04,P01,Primary footer or current review/section commit named Resolve / Cancel; conditional variants never shown simultaneously as competing primary actions.,Variant “Cancel” of C:S27-A04. Dated outcome/reason; standalone commit or parent-staged action according to entry.,Use C05 role/name/state contract; include current record identity where repeated; preserve logical focus and explicit keyboard action.,action_c_s27_a04_v02,Cancel,Anulează,action-c-s27-a04-v02,T-C-S27-A04-V02: exercise this exact variant in its applicable state; inherit parent guards.
C:S27-A06-V01,variant,C:S27-A06,S27,Follow-up,docs/product/ServiceLoop_Conceptual_App_Map_v0_1.md,C:S27-A06,adopted/pending,C11,Source finding/record,Open/resolved/cancelled; overdue/upcoming; archived context; originating immutable link; failure,color.surface;color.canvas;color.textPrimary;color.textSecondary;color.outlineDecorative;color.icon;color.focus,L04,P01,"Named relationship/result row in S27 body, after identity within its labelled section; trailing chevron only when navigable.",Variant “Source finding/record” of C:S27-A06. Open exact source snapshot or record; no rewriting original text.,Use C11 role/name/state contract; include current record identity where repeated; preserve logical focus and explicit keyboard action.,action_c_s27_a06_v01,Source finding/record,Constatare/înregistrare sursă,action-c-s27-a06-v01,T-C-S27-A06-V01: exercise this exact variant in its applicable state; inherit parent guards.
C:S27-A06-V02,variant,C:S27-A06,S27,Follow-up,docs/product/ServiceLoop_Conceptual_App_Map_v0_1.md,C:S27-A06,adopted/pending,C11,linked visit,Open/resolved/cancelled; overdue/upcoming; archived context; originating immutable link; failure,color.surface;color.canvas;color.textPrimary;color.textSecondary;color.outlineDecorative;color.icon;color.focus,L04,P01,"Named relationship/result row in S27 body, after identity within its labelled section; trailing chevron only when navigable.",Variant “linked visit” of C:S27-A06. Open exact source snapshot or record; no rewriting original text.,Use C11 role/name/state contract; include current record identity where repeated; preserve logical focus and explicit keyboard action.,action_c_s27_a06_v02,linked visit,vizită,action-c-s27-a06-v02,T-C-S27-A06-V02: exercise this exact variant in its applicable state; inherit parent guards.
C:S27-A06-V03,variant,C:S27-A06,S27,Follow-up,docs/product/ServiceLoop_Conceptual_App_Map_v0_1.md,C:S27-A06,adopted/pending,C11,context,Open/resolved/cancelled; overdue/upcoming; archived context; originating immutable link; failure,color.surface;color.canvas;color.textPrimary;color.textSecondary;color.outlineDecorative;color.icon;color.focus,L04,P01,"Named relationship/result row in S27 body, after identity within its labelled section; trailing chevron only when navigable.",Variant “context” of C:S27-A06. Open exact source snapshot or record; no rewriting original text.,Use C11 role/name/state contract; include current record identity where repeated; preserve logical focus and explicit keyboard action.,action_c_s27_a06_v03,context,context,action-c-s27-a06-v03,T-C-S27-A06-V03: exercise this exact variant in its applicable state; inherit parent guards.
C:S28-A01-V01,variant,C:S28-A01,S28,Follow-up editor,docs/product/ServiceLoop_Conceptual_App_Map_v0_1.md,C:S28-A01,adopted/pending (partial control exposed),C09,Type,Standalone/staged/new/edit; overdue accepted warning; required context missing; write failure,color.surface;color.textPrimary;color.textSecondary;color.icon;color.outlineDecorative;color.outlineControl;color.focus;color.errorInk,L05,P01,Named Type / context selectors field/selector in S28 content order; error directly below; see individual field ledger.,Variant “Type” of C:S28-A01. Contact/Corrective requirements; broader context clears incompatible selection only explicitly.,Use C09 role/name/state contract; include current record identity where repeated; preserve logical focus and explicit keyboard action.,action_c_s28_a01_v01,Type,Tip,action-c-s28-a01-v01,T-C-S28-A01-V01: exercise this exact variant in its applicable state; inherit parent guards.
C:S28-A01-V02,variant,C:S28-A01,S28,Follow-up editor,docs/product/ServiceLoop_Conceptual_App_Map_v0_1.md,C:S28-A01,adopted/pending (partial control exposed),C09,context selectors,Standalone/staged/new/edit; overdue accepted warning; required context missing; write failure,color.surface;color.textPrimary;color.textSecondary;color.icon;color.outlineDecorative;color.outlineControl;color.focus;color.errorInk,L05,P01,Named Type / context selectors field/selector in S28 content order; error directly below; see individual field ledger.,Variant “context selectors” of C:S28-A01. Contact/Corrective requirements; broader context clears incompatible selection only explicitly.,Use C09 role/name/state contract; include current record identity where repeated; preserve logical focus and explicit keyboard action.,action_c_s28_a01_v02,context selectors,Selectoare context,action-c-s28-a01-v02,T-C-S28-A01-V02: exercise this exact variant in its applicable state; inherit parent guards.
C:S28-A03-V01,variant,C:S28-A03,S28,Follow-up editor,docs/product/ServiceLoop_Conceptual_App_Map_v0_1.md,C:S28-A03,adopted/pending (partial control exposed),C05,Save follow-up,Standalone/staged/new/edit; overdue accepted warning; required context missing; write failure,color.action;color.onAction;color.actionPressed;color.surface;color.outlineControl;color.disabledContainer;color.disabledText;color.focus,L05,P01,Primary footer or current review/section commit named Save follow-up / Use follow-up; conditional variants never shown simultaneously as competing primary actions.,Variant “Save follow-up” of C:S28-A03. Standalone creates task; child returns proposal until parent commits. Button wording tells the difference.,Use C05 role/name/state contract; include current record identity where repeated; preserve logical focus and explicit keyboard action.,action_c_s28_a03_v01,Save follow-up,Salvează acțiunea,action-c-s28-a03-v01,T-C-S28-A03-V01: exercise this exact variant in its applicable state; inherit parent guards.
C:S28-A03-V02,variant,C:S28-A03,S28,Follow-up editor,docs/product/ServiceLoop_Conceptual_App_Map_v0_1.md,C:S28-A03,adopted/pending (partial control exposed),C05,Use follow-up,Standalone/staged/new/edit; overdue accepted warning; required context missing; write failure,color.action;color.onAction;color.actionPressed;color.surface;color.outlineControl;color.disabledContainer;color.disabledText;color.focus,L05,P01,Primary footer or current review/section commit named Save follow-up / Use follow-up; conditional variants never shown simultaneously as competing primary actions.,Variant “Use follow-up” of C:S28-A03. Standalone creates task; child returns proposal until parent commits. Button wording tells the difference.,Use C05 role/name/state contract; include current record identity where repeated; preserve logical focus and explicit keyboard action.,action_c_s28_a03_v02,Use follow-up,Folosește acțiunea,action-c-s28-a03-v02,T-C-S28-A03-V02: exercise this exact variant in its applicable state; inherit parent guards.
C:S28-A04-V01,variant,C:S28-A04,S28,Follow-up editor,docs/product/ServiceLoop_Conceptual_App_Map_v0_1.md,C:S28-A04,implemented,C07,Cancel,Standalone/staged/new/edit; overdue accepted warning; required context missing; write failure,color.action;color.focus;color.disabledText;color.surface,L05,P01,Toolbar Back/Cancel or safe dialog dismissal; obey exact parent save contract.,"Variant “Cancel” of C:S28-A04. Discard current uncommitted input, not previously live task.",Use C07 role/name/state contract; include current record identity where repeated; preserve logical focus and explicit keyboard action.,action_c_s28_a04_v01,Cancel,Renunță,action-c-s28-a04-v01,T-C-S28-A04-V01: exercise this exact variant in its applicable state; inherit parent guards.
C:S28-A04-V02,variant,C:S28-A04,S28,Follow-up editor,docs/product/ServiceLoop_Conceptual_App_Map_v0_1.md,C:S28-A04,implemented,C07,Back,Standalone/staged/new/edit; overdue accepted warning; required context missing; write failure,color.action;color.focus;color.disabledText;color.surface,L05,P01,Toolbar Back/Cancel or safe dialog dismissal; obey exact parent save contract.,"Variant “Back” of C:S28-A04. Discard current uncommitted input, not previously live task.",Use C07 role/name/state contract; include current record identity where repeated; preserve logical focus and explicit keyboard action.,action_c_s28_a04_v02,Back,Înapoi,action-c-s28-a04-v02,T-C-S28-A04-V02: exercise this exact variant in its applicable state; inherit parent guards.
C:S29-A04-V01,variant,C:S29-A04,S29,Contact or sharing note,docs/product/ServiceLoop_Conceptual_App_Map_v0_1.md,C:S29-A04,implemented / amended by B-002,C07,Edit note,New/read-only/error-marked; dirty; failed save; externally returned with no outcome,color.action;color.focus;color.disabledText;color.surface,L05,P01,Explicit labelled secondary action in the matching S29 section; infrequent management variants in named More menu per screen composition.,Variant “Edit note” of C:S29-A04. B-002 preservation rule supersedes ordinary historical mutation/deletion; retain reason and saved historical meaning.,Use C07 role/name/state contract; include current record identity where repeated; preserve logical focus and explicit keyboard action.,action_c_s29_a04_v01,Edit note,Corectează nota,action-c-s29-a04-v01,T-C-S29-A04-V01: exercise this exact variant in its applicable state; inherit parent guards.
C:S29-A04-V02,variant,C:S29-A04,S29,Contact or sharing note,docs/product/ServiceLoop_Conceptual_App_Map_v0_1.md,C:S29-A04,implemented / amended by B-002,C07,Mark entered in error,New/read-only/error-marked; dirty; failed save; externally returned with no outcome,color.action;color.focus;color.disabledText;color.surface,L05,P01,Explicit labelled secondary action in the matching S29 section; infrequent management variants in named More menu per screen composition.,Variant “Mark entered in error” of C:S29-A04. B-002 preservation rule supersedes ordinary historical mutation/deletion; retain reason and saved historical meaning.,Use C07 role/name/state contract; include current record identity where repeated; preserve logical focus and explicit keyboard action.,action_c_s29_a04_v02,Mark entered in error,Marchează ca introdusă eronat,action-c-s29-a04-v02,T-C-S29-A04-V02: exercise this exact variant in its applicable state; inherit parent guards.
C:S29-A06-V01,variant,C:S29-A06,S29,Contact or sharing note,docs/product/ServiceLoop_Conceptual_App_Map_v0_1.md,C:S29-A06,implemented,C07,Cancel,New/read-only/error-marked; dirty; failed save; externally returned with no outcome,color.action;color.focus;color.disabledText;color.surface,L05,P01,Toolbar Back/Cancel or safe dialog dismissal; obey exact parent save contract.,Variant “Cancel” of C:S29-A06. New form creates no communication event; read-only view just returns.,Use C07 role/name/state contract; include current record identity where repeated; preserve logical focus and explicit keyboard action.,action_c_s29_a06_v01,Cancel,Renunță,action-c-s29-a06-v01,T-C-S29-A06-V01: exercise this exact variant in its applicable state; inherit parent guards.
C:S29-A06-V02,variant,C:S29-A06,S29,Contact or sharing note,docs/product/ServiceLoop_Conceptual_App_Map_v0_1.md,C:S29-A06,implemented,C07,Back,New/read-only/error-marked; dirty; failed save; externally returned with no outcome,color.action;color.focus;color.disabledText;color.surface,L05,P01,Toolbar Back/Cancel or safe dialog dismissal; obey exact parent save contract.,Variant “Back” of C:S29-A06. New form creates no communication event; read-only view just returns.,Use C07 role/name/state contract; include current record identity where repeated; preserve logical focus and explicit keyboard action.,action_c_s29_a06_v02,Back,Înapoi,action-c-s29-a06-v02,T-C-S29-A06-V02: exercise this exact variant in its applicable state; inherit parent guards.
C:S31-A04-V01,variant,C:S31-A04,S31,Business and report identity,docs/product/ServiceLoop_Conceptual_App_Map_v0_1.md,C:S31-A04,implemented,C07,Cancel,Unset; partial profile; report-ready; logo missing; business/device zone differ; dirty/failure,color.action;color.focus;color.disabledText;color.surface,L05,P01,Toolbar Back/Cancel or safe dialog dismissal; obey exact parent save contract.,Variant “Cancel” of C:S31-A04. Discard current buffer only; early work allowed without completed profile.,Use C07 role/name/state contract; include current record identity where repeated; preserve logical focus and explicit keyboard action.,action_c_s31_a04_v01,Cancel,Renunță,action-c-s31-a04-v01,T-C-S31-A04-V01: exercise this exact variant in its applicable state; inherit parent guards.
C:S31-A04-V02,variant,C:S31-A04,S31,Business and report identity,docs/product/ServiceLoop_Conceptual_App_Map_v0_1.md,C:S31-A04,implemented,C07,Back,Unset; partial profile; report-ready; logo missing; business/device zone differ; dirty/failure,color.action;color.focus;color.disabledText;color.surface,L05,P01,Toolbar Back/Cancel or safe dialog dismissal; obey exact parent save contract.,Variant “Back” of C:S31-A04. Discard current buffer only; early work allowed without completed profile.,Use C07 role/name/state contract; include current record identity where repeated; preserve logical focus and explicit keyboard action.,action_c_s31_a04_v02,Back,Înapoi,action-c-s31-a04-v02,T-C-S31-A04-V02: exercise this exact variant in its applicable state; inherit parent guards.
C:S32-A04-V01,variant,C:S32-A04,S32,Reminders,docs/product/ServiceLoop_Conceptual_App_Map_v0_1.md,C:S32-A04,implemented,C14,Approximate appointment alerts,Requested Off/On; permission denied; channels blocked; retry error; approximate active; dirty,color.action;color.onAction;color.surfaceSubtle;color.outlineControl;color.textPrimary;color.textSecondary;color.errorInk;color.focus,L05,P01,Explicit labelled secondary action in the matching S32 section; infrequent management variants in named More menu per screen composition.,Variant “Approximate appointment alerts” of C:S32-A04. Off default;2h/1day lead; preserve explicit per-visit overrides and disclose impact.,Use C14 role/name/state contract; include current record identity where repeated; preserve logical focus and explicit keyboard action.,action_c_s32_a04_v01,Approximate appointment alerts,Alerte aproximative de programare,action-c-s32-a04-v01,T-C-S32-A04-V01: exercise this exact variant in its applicable state; inherit parent guards.
C:S32-A04-V02,variant,C:S32-A04,S32,Reminders,docs/product/ServiceLoop_Conceptual_App_Map_v0_1.md,C:S32-A04,implemented,C14,default lead,Requested Off/On; permission denied; channels blocked; retry error; approximate active; dirty,color.action;color.onAction;color.surfaceSubtle;color.outlineControl;color.textPrimary;color.textSecondary;color.errorInk;color.focus,L05,P01,Explicit labelled secondary action in the matching S32 section; infrequent management variants in named More menu per screen composition.,Variant “default lead” of C:S32-A04. Off default;2h/1day lead; preserve explicit per-visit overrides and disclose impact.,Use C14 role/name/state contract; include current record identity where repeated; preserve logical focus and explicit keyboard action.,action_c_s32_a04_v02,default lead,Avans implicit,action-c-s32-a04-v02,T-C-S32-A04-V02: exercise this exact variant in its applicable state; inherit parent guards.
C:S32-A09-V01,variant,C:S32-A09,S32,Reminders,docs/product/ServiceLoop_Conceptual_App_Map_v0_1.md,C:S32-A09,implemented,C07,Cancel,Requested Off/On; permission denied; channels blocked; retry error; approximate active; dirty,color.action;color.focus;color.disabledText;color.surface,L05,P01,Toolbar Back/Cancel or safe dialog dismissal; obey exact parent save contract.,"Variant “Cancel” of C:S32-A09. Discard app settings buffer, not OS permission choice already performed.",Use C07 role/name/state contract; include current record identity where repeated; preserve logical focus and explicit keyboard action.,action_c_s32_a09_v01,Cancel,Renunță,action-c-s32-a09-v01,T-C-S32-A09-V01: exercise this exact variant in its applicable state; inherit parent guards.
C:S32-A09-V02,variant,C:S32-A09,S32,Reminders,docs/product/ServiceLoop_Conceptual_App_Map_v0_1.md,C:S32-A09,implemented,C07,Back,Requested Off/On; permission denied; channels blocked; retry error; approximate active; dirty,color.action;color.focus;color.disabledText;color.surface,L05,P01,Toolbar Back/Cancel or safe dialog dismissal; obey exact parent save contract.,"Variant “Back” of C:S32-A09. Discard app settings buffer, not OS permission choice already performed.",Use C07 role/name/state contract; include current record identity where repeated; preserve logical focus and explicit keyboard action.,action_c_s32_a09_v02,Back,Înapoi,action-c-s32-a09-v02,T-C-S32-A09-V02: exercise this exact variant in its applicable state; inherit parent guards.
C:S33-A08-V01,variant,C:S33-A08,S33,Data and recovery,docs/product/ServiceLoop_Conceptual_App_Map_v0_1.md,C:S33-A08,implemented,C18,Recovery guidance,Unknown counts/loading; changed/not changed; no backup; incomplete restored; restricted recovery,color.infoContainer;color.infoInk;color.warningContainer;color.warningInk;color.errorContainer;color.errorInk;color.successContainer;color.successInk,L04,P01,Explicit labelled secondary action in the matching S33 section; infrequent management variants in named More menu per screen composition.,"Variant “Recovery guidance” of C:S33-A08. Name missing files/records and recovery options, do not hide errors from counts.",Use C18 role/name/state contract; include current record identity where repeated; preserve logical focus and explicit keyboard action.,action_c_s33_a08_v01,Recovery guidance,Ghid recuperare,action-c-s33-a08-v01,T-C-S33-A08-V01: exercise this exact variant in its applicable state; inherit parent guards.
C:S33-A08-V02,variant,C:S33-A08,S33,Data and recovery,docs/product/ServiceLoop_Conceptual_App_Map_v0_1.md,C:S33-A08,implemented,C18,data-integrity warning,Unknown counts/loading; changed/not changed; no backup; incomplete restored; restricted recovery,color.infoContainer;color.infoInk;color.warningContainer;color.warningInk;color.errorContainer;color.errorInk;color.successContainer;color.successInk,L04,P01,Explicit labelled secondary action in the matching S33 section; infrequent management variants in named More menu per screen composition.,"Variant “data-integrity warning” of C:S33-A08. Name missing files/records and recovery options, do not hide errors from counts.",Use C18 role/name/state contract; include current record identity where repeated; preserve logical focus and explicit keyboard action.,action_c_s33_a08_v02,data-integrity warning,Avertizare integritate,action-c-s33-a08-v02,T-C-S33-A08-V02: exercise this exact variant in its applicable state; inherit parent guards.
C:S34-A04-V01,variant,C:S34-A04,S34,Create backup,docs/product/ServiceLoop_Conceptual_App_Map_v0_1.md,C:S34-A04,implemented,C05,Create backup,Checking; source missing files; protecting; writing; written-unverified; verifying; verified full/incomplete; failed,color.action;color.onAction;color.actionPressed;color.surface;color.outlineControl;color.disabledContainer;color.disabledText;color.focus,L09,P01,Primary footer or current review/section commit named Create backup / Create recovery copy; conditional variants never shown simultaneously as competing primary actions.,"Variant “Create backup” of C:S34-A04. Consistent snapshot, protect, write selected destination; partial external output disclosed.",Use C05 role/name/state contract; include current record identity where repeated; preserve logical focus and explicit keyboard action.,action_c_s34_a04_v01,Create backup,Creează copia de siguranță,action-c-s34-a04-v01,T-C-S34-A04-V01: exercise this exact variant in its applicable state; inherit parent guards.
C:S34-A04-V02,variant,C:S34-A04,S34,Create backup,docs/product/ServiceLoop_Conceptual_App_Map_v0_1.md,C:S34-A04,implemented,C05,Create recovery copy,Checking; source missing files; protecting; writing; written-unverified; verifying; verified full/incomplete; failed,color.action;color.onAction;color.actionPressed;color.surface;color.outlineControl;color.disabledContainer;color.disabledText;color.focus,L09,P01,Primary footer or current review/section commit named Create backup / Create recovery copy; conditional variants never shown simultaneously as competing primary actions.,"Variant “Create recovery copy” of C:S34-A04. Consistent snapshot, protect, write selected destination; partial external output disclosed.",Use C05 role/name/state contract; include current record identity where repeated; preserve logical focus and explicit keyboard action.,action_c_s34_a04_v02,Create recovery copy,copia de recuperare,action-c-s34-a04-v02,T-C-S34-A04-V02: exercise this exact variant in its applicable state; inherit parent guards.
C:S34-A06-V01,variant,C:S34-A06,S34,Create backup,docs/product/ServiceLoop_Conceptual_App_Map_v0_1.md,C:S34-A06,adopted/pending (partial control exposed),C07,Choose another destination,Checking; source missing files; protecting; writing; written-unverified; verifying; verified full/incomplete; failed,color.action;color.focus;color.disabledText;color.surface,L09,P01,Explicit labelled secondary action in the matching S34 section; infrequent management variants in named More menu per screen composition.,Variant “Choose another destination” of C:S34-A06. Preserve previous good backup/source; no automatic overwrite.,Use C07 role/name/state contract; include current record identity where repeated; preserve logical focus and explicit keyboard action.,action_c_s34_a06_v01,Choose another destination,Alege altă destinație,action-c-s34-a06-v01,T-C-S34-A06-V01: exercise this exact variant in its applicable state; inherit parent guards.
C:S34-A06-V02,variant,C:S34-A06,S34,Create backup,docs/product/ServiceLoop_Conceptual_App_Map_v0_1.md,C:S34-A06,adopted/pending (partial control exposed),C07,Retry,Checking; source missing files; protecting; writing; written-unverified; verifying; verified full/incomplete; failed,color.action;color.focus;color.disabledText;color.surface,L09,P01,Explicit labelled secondary action in the matching S34 section; infrequent management variants in named More menu per screen composition.,Variant “Retry” of C:S34-A06. Preserve previous good backup/source; no automatic overwrite.,Use C07 role/name/state contract; include current record identity where repeated; preserve logical focus and explicit keyboard action.,action_c_s34_a06_v02,Retry,Reîncearcă,action-c-s34-a06-v02,T-C-S34-A06-V02: exercise this exact variant in its applicable state; inherit parent guards.
C:S35-A03-V01,variant,C:S35-A03,S35,Inspect or restore backup,docs/product/ServiceLoop_Conceptual_App_Map_v0_1.md,C:S35-A03,implemented,C10,Inspect only,Unsupported/corrupt/wrong passphrase; complete/incomplete; unverified; ready to replace; switching; failed recovery,color.surfaceSubtle;color.textPrimary;color.textSecondary;color.outlineDecorative,L09,P01,Explicit labelled secondary action in the matching S35 section; infrequent management variants in named More menu per screen composition.,Variant “Inspect only” of C:S35-A03. Read validation summary without switching datasets.,Use C10 role/name/state contract; include current record identity where repeated; preserve logical focus and explicit keyboard action.,action_c_s35_a03_v01,Inspect only,Doar inspectare,action-c-s35-a03-v01,T-C-S35-A03-V01: exercise this exact variant in its applicable state; inherit parent guards.
C:S35-A03-V02,variant,C:S35-A03,S35,Inspect or restore backup,docs/product/ServiceLoop_Conceptual_App_Map_v0_1.md,C:S35-A03,implemented,C10,View contents summary,Unsupported/corrupt/wrong passphrase; complete/incomplete; unverified; ready to replace; switching; failed recovery,color.surfaceSubtle;color.textPrimary;color.textSecondary;color.outlineDecorative,L09,P01,Explicit labelled secondary action in the matching S35 section; infrequent management variants in named More menu per screen composition.,Variant “View contents summary” of C:S35-A03. Read validation summary without switching datasets.,Use C10 role/name/state contract; include current record identity where repeated; preserve logical focus and explicit keyboard action.,action_c_s35_a03_v02,View contents summary,Vezi rezumatul,action-c-s35-a03-v02,T-C-S35-A03-V02: exercise this exact variant in its applicable state; inherit parent guards.
C:S35-A09-V01,variant,C:S35-A09,S35,Inspect or restore backup,docs/product/ServiceLoop_Conceptual_App_Map_v0_1.md,C:S35-A09,implemented,C07,Cancel,Unsupported/corrupt/wrong passphrase; complete/incomplete; unverified; ready to replace; switching; failed recovery,color.action;color.focus;color.disabledText;color.surface,L09,P01,Toolbar Back/Cancel or safe dialog dismissal; obey exact parent save contract.,Variant “Cancel” of C:S35-A09. Before atomic switch clean staging only; during switch explain temporary disabled cancel.,Use C07 role/name/state contract; include current record identity where repeated; preserve logical focus and explicit keyboard action.,action_c_s35_a09_v01,Cancel,Renunță,action-c-s35-a09-v01,T-C-S35-A09-V01: exercise this exact variant in its applicable state; inherit parent guards.
C:S35-A09-V02,variant,C:S35-A09,S35,Inspect or restore backup,docs/product/ServiceLoop_Conceptual_App_Map_v0_1.md,C:S35-A09,implemented,C07,Back,Unsupported/corrupt/wrong passphrase; complete/incomplete; unverified; ready to replace; switching; failed recovery,color.action;color.focus;color.disabledText;color.surface,L09,P01,Toolbar Back/Cancel or safe dialog dismissal; obey exact parent save contract.,Variant “Back” of C:S35-A09. Before atomic switch clean staging only; during switch explain temporary disabled cancel.,Use C07 role/name/state contract; include current record identity where repeated; preserve logical focus and explicit keyboard action.,action_c_s35_a09_v02,Back,Înapoi,action-c-s35-a09-v02,T-C-S35-A09-V02: exercise this exact variant in its applicable state; inherit parent guards.
C:S36-A03-V01,variant,C:S36-A03,S36,CSV export,docs/product/ServiceLoop_Conceptual_App_Map_v0_1.md,C:S36-A03,adopted/pending,C07,Save another copy,Preparing; writing; ready; partial/failed; no eligible rows,color.action;color.focus;color.disabledText;color.surface,L09,P01,Explicit labelled secondary action in the matching S36 section; infrequent management variants in named More menu per screen composition.,Variant “Save another copy” of C:S36-A03. Completed bytes only through picker/chooser; no receipt or backup-success inference.,Use C07 role/name/state contract; include current record identity where repeated; preserve logical focus and explicit keyboard action.,action_c_s36_a03_v01,Save another copy,Salvează altă copie,action-c-s36-a03-v01,T-C-S36-A03-V01: exercise this exact variant in its applicable state; inherit parent guards.
C:S36-A03-V02,variant,C:S36-A03,S36,CSV export,docs/product/ServiceLoop_Conceptual_App_Map_v0_1.md,C:S36-A03,adopted/pending,C07,Share export,Preparing; writing; ready; partial/failed; no eligible rows,color.action;color.focus;color.disabledText;color.surface,L09,P01,Explicit labelled secondary action in the matching S36 section; infrequent management variants in named More menu per screen composition.,Variant “Share export” of C:S36-A03. Completed bytes only through picker/chooser; no receipt or backup-success inference.,Use C07 role/name/state contract; include current record identity where repeated; preserve logical focus and explicit keyboard action.,action_c_s36_a03_v02,Share export,Distribuie exportul,action-c-s36-a03-v02,T-C-S36-A03-V02: exercise this exact variant in its applicable state; inherit parent guards.
C:S36-A04-V01,variant,C:S36-A04,S36,CSV export,docs/product/ServiceLoop_Conceptual_App_Map_v0_1.md,C:S36-A04,implemented,C07,Done,Preparing; writing; ready; partial/failed; no eligible rows,color.action;color.focus;color.disabledText;color.surface,L09,P01,Toolbar Back/Cancel or safe dialog dismissal; obey exact parent save contract.,Variant “Done” of C:S36-A04. Return with truthful outcome; cancelled destination produces no valid copy claim.,Use C07 role/name/state contract; include current record identity where repeated; preserve logical focus and explicit keyboard action.,action_c_s36_a04_v01,Done,Gata,action-c-s36-a04-v01,T-C-S36-A04-V01: exercise this exact variant in its applicable state; inherit parent guards.
C:S36-A04-V02,variant,C:S36-A04,S36,CSV export,docs/product/ServiceLoop_Conceptual_App_Map_v0_1.md,C:S36-A04,implemented,C07,Back,Preparing; writing; ready; partial/failed; no eligible rows,color.action;color.focus;color.disabledText;color.surface,L09,P01,Toolbar Back/Cancel or safe dialog dismissal; obey exact parent save contract.,Variant “Back” of C:S36-A04. Return with truthful outcome; cancelled destination produces no valid copy claim.,Use C07 role/name/state contract; include current record identity where repeated; preserve logical focus and explicit keyboard action.,action_c_s36_a04_v02,Back,Înapoi,action-c-s36-a04-v02,T-C-S36-A04-V02: exercise this exact variant in its applicable state; inherit parent guards.
C:S37-A01-V01,variant,C:S37-A01,S37,Directory import,docs/product/ServiceLoop_Conceptual_App_Map_v0_1.md,C:S37-A01,implemented,C07,Save blank template,Bad format/size; duplicate conflict; explicit skip; valid preview; importing; success/failure,color.action;color.focus;color.disabledText;color.surface,L09,P01,Explicit labelled secondary action in the matching S37 section; infrequent management variants in named More menu per screen composition.,Variant “Save blank template” of C:S37-A01. User-selected CSV destination; fictional example is never automatically imported.,Use C07 role/name/state contract; include current record identity where repeated; preserve logical focus and explicit keyboard action.,action_c_s37_a01_v01,Save blank template,Salvează șablon gol,action-c-s37-a01-v01,T-C-S37-A01-V01: exercise this exact variant in its applicable state; inherit parent guards.
C:S37-A01-V02,variant,C:S37-A01,S37,Directory import,docs/product/ServiceLoop_Conceptual_App_Map_v0_1.md,C:S37-A01,implemented,C07,Save worked example,Bad format/size; duplicate conflict; explicit skip; valid preview; importing; success/failure,color.action;color.focus;color.disabledText;color.surface,L09,P01,Explicit labelled secondary action in the matching S37 section; infrequent management variants in named More menu per screen composition.,Variant “Save worked example” of C:S37-A01. User-selected CSV destination; fictional example is never automatically imported.,Use C07 role/name/state contract; include current record identity where repeated; preserve logical focus and explicit keyboard action.,action_c_s37_a01_v02,Save worked example,Salvează exemplu,action-c-s37-a01-v02,T-C-S37-A01-V02: exercise this exact variant in its applicable state; inherit parent guards.
C:S37-A04-V01,variant,C:S37-A04,S37,Directory import,docs/product/ServiceLoop_Conceptual_App_Map_v0_1.md,C:S37-A04,adopted/pending (partial control exposed),C16,Preview row,Bad format/size; duplicate conflict; explicit skip; valid preview; importing; success/failure,color.selection;color.onSelection;color.selectionOutline;color.surface;color.textPrimary;color.outlineControl;color.focus,L09,P03,List/selector controls immediately below top bar and before result count; never a status badge.,Variant “Preview row” of C:S37-A04. Show row number/proposed hierarchy/exact messages; viewing not commit.,Use C16 role/name/state contract; include current record identity where repeated; preserve logical focus and explicit keyboard action.,action_c_s37_a04_v01,Preview row,Previzualizare,action-c-s37-a04-v01,T-C-S37-A04-V01: exercise this exact variant in its applicable state; inherit parent guards.
C:S37-A04-V02,variant,C:S37-A04,S37,Directory import,docs/product/ServiceLoop_Conceptual_App_Map_v0_1.md,C:S37-A04,adopted/pending (partial control exposed),C16,"filter Errors, Warnings, New, Existing unchanged",Bad format/size; duplicate conflict; explicit skip; valid preview; importing; success/failure,color.selection;color.onSelection;color.selectionOutline;color.surface;color.textPrimary;color.outlineControl;color.focus,L09,P03,List/selector controls immediately below top bar and before result count; never a status badge.,"Variant “filter Errors, Warnings, New, Existing unchanged” of C:S37-A04. Show row number/proposed hierarchy/exact messages; viewing not commit.",Use C16 role/name/state contract; include current record identity where repeated; preserve logical focus and explicit keyboard action.,action_c_s37_a04_v02,"filter Errors, Warnings, New, Existing unchanged","Erori, Avertizări, Noi, Existente nemodificate",action-c-s37-a04-v02,T-C-S37-A04-V02: exercise this exact variant in its applicable state; inherit parent guards.
C:S37-A09-V01,variant,C:S37-A09,S37,Directory import,docs/product/ServiceLoop_Conceptual_App_Map_v0_1.md,C:S37-A09,adopted/pending (partial control exposed),C11,View imported customers,Bad format/size; duplicate conflict; explicit skip; valid preview; importing; success/failure,color.surface;color.canvas;color.textPrimary;color.textSecondary;color.outlineDecorative;color.icon;color.focus,L09,P01,"Named relationship/result row in S37 body, after identity within its labelled section; trailing chevron only when navigable.","Variant “View imported customers” of C:S37-A09. Scoped results, no fabricated prior service or reminders from equipment alone.",Use C11 role/name/state contract; include current record identity where repeated; preserve logical focus and explicit keyboard action.,action_c_s37_a09_v01,View imported customers,Vezi clienții importați,action-c-s37-a09-v01,T-C-S37-A09-V01: exercise this exact variant in its applicable state; inherit parent guards.
C:S37-A09-V02,variant,C:S37-A09,S37,Directory import,docs/product/ServiceLoop_Conceptual_App_Map_v0_1.md,C:S37-A09,adopted/pending (partial control exposed),C11,Equipment without active plans,Bad format/size; duplicate conflict; explicit skip; valid preview; importing; success/failure,color.surface;color.canvas;color.textPrimary;color.textSecondary;color.outlineDecorative;color.icon;color.focus,L09,P01,"Named relationship/result row in S37 body, after identity within its labelled section; trailing chevron only when navigable.","Variant “Equipment without active plans” of C:S37-A09. Scoped results, no fabricated prior service or reminders from equipment alone.",Use C11 role/name/state contract; include current record identity where repeated; preserve logical focus and explicit keyboard action.,action_c_s37_a09_v02,Equipment without active plans,Echipamente fără planuri active,action-c-s37-a09-v02,T-C-S37-A09-V02: exercise this exact variant in its applicable state; inherit parent guards.
C:S37-A10-V01,variant,C:S37-A10,S37,Directory import,docs/product/ServiceLoop_Conceptual_App_Map_v0_1.md,C:S37-A10,implemented,C07,Cancel,Bad format/size; duplicate conflict; explicit skip; valid preview; importing; success/failure,color.action;color.focus;color.disabledText;color.surface,L09,P01,Toolbar Back/Cancel or safe dialog dismissal; obey exact parent save contract.,Variant “Cancel” of C:S37-A10. Before commit remove staging only; current dataset untouched.,Use C07 role/name/state contract; include current record identity where repeated; preserve logical focus and explicit keyboard action.,action_c_s37_a10_v01,Cancel,Renunță,action-c-s37-a10-v01,T-C-S37-A10-V01: exercise this exact variant in its applicable state; inherit parent guards.
C:S37-A10-V02,variant,C:S37-A10,S37,Directory import,docs/product/ServiceLoop_Conceptual_App_Map_v0_1.md,C:S37-A10,implemented,C07,Back,Bad format/size; duplicate conflict; explicit skip; valid preview; importing; success/failure,color.action;color.focus;color.disabledText;color.surface,L09,P01,Toolbar Back/Cancel or safe dialog dismissal; obey exact parent save contract.,Variant “Back” of C:S37-A10. Before commit remove staging only; current dataset untouched.,Use C07 role/name/state contract; include current record identity where repeated; preserve logical focus and explicit keyboard action.,action_c_s37_a10_v02,Back,Înapoi,action-c-s37-a10-v02,T-C-S37-A10-V02: exercise this exact variant in its applicable state; inherit parent guards.
C:S38-A08-V01,variant,C:S38-A08,S38,"Privacy, help and app information",docs/product/ServiceLoop_Conceptual_App_Map_v0_1.md,C:S38-A08,adopted/pending,C10,App information,Offline; external browser unavailable; missing publisher URL before release,color.surfaceSubtle;color.textPrimary;color.textSecondary;color.outlineDecorative,L04,P01,Explicit labelled secondary action in the matching S38 section; infrequent management variants in named More menu per screen composition.,"Variant “App information” of C:S38-A08. Actual installed build/format/publisher/notices, not placeholder certification.",Use C10 role/name/state contract; include current record identity where repeated; preserve logical focus and explicit keyboard action.,action_c_s38_a08_v01,App information,Informații aplicație,action-c-s38-a08-v01,T-C-S38-A08-V01: exercise this exact variant in its applicable state; inherit parent guards.
C:S38-A08-V02,variant,C:S38-A08,S38,"Privacy, help and app information",docs/product/ServiceLoop_Conceptual_App_Map_v0_1.md,C:S38-A08,adopted/pending,C10,third-party notices,Offline; external browser unavailable; missing publisher URL before release,color.surfaceSubtle;color.textPrimary;color.textSecondary;color.outlineDecorative,L04,P01,Explicit labelled secondary action in the matching S38 section; infrequent management variants in named More menu per screen composition.,"Variant “third-party notices” of C:S38-A08. Actual installed build/format/publisher/notices, not placeholder certification.",Use C10 role/name/state contract; include current record identity where repeated; preserve logical focus and explicit keyboard action.,action_c_s38_a08_v02,third-party notices,Mențiuni terți,action-c-s38-a08-v02,T-C-S38-A08-V02: exercise this exact variant in its applicable state; inherit parent guards.
C:S39-A01-V01,variant,C:S39-A01,S39,Customer report,docs/product/ServiceLoop_Conceptual_App_Map_v0_1.md,C:S39-A01,implemented,C31,Previous page,Draft/current/superseded/void notice/voided original; missing/failed photo/PDF; generating,color.photoMat;color.surface;color.textPrimary;color.textSecondary;color.warningInk;color.errorInk;color.action,L10,P01,"Viewer page-control bar: Previous, page/current total and Go to page, Next.","Variant “Previous page” of C:S39-A01. Navigate actual rendered PDF bounds, label current/total; reject invalid page; error offers Retry/Text view.",Use C31 role/name/state contract; include current record identity where repeated; preserve logical focus and explicit keyboard action.,action_c_s39_a01_v01,Previous page,Pagina anterioară,action-c-s39-a01-v01,T-C-S39-A01-V01: exercise this exact variant in its applicable state; inherit parent guards.
C:S39-A01-V02,variant,C:S39-A01,S39,Customer report,docs/product/ServiceLoop_Conceptual_App_Map_v0_1.md,C:S39-A01,implemented,C31,Next page,Draft/current/superseded/void notice/voided original; missing/failed photo/PDF; generating,color.photoMat;color.surface;color.textPrimary;color.textSecondary;color.warningInk;color.errorInk;color.action,L10,P01,"Viewer page-control bar: Previous, page/current total and Go to page, Next.","Variant “Next page” of C:S39-A01. Navigate actual rendered PDF bounds, label current/total; reject invalid page; error offers Retry/Text view.",Use C31 role/name/state contract; include current record identity where repeated; preserve logical focus and explicit keyboard action.,action_c_s39_a01_v02,Next page,Pagina următoare,action-c-s39-a01-v02,T-C-S39-A01-V02: exercise this exact variant in its applicable state; inherit parent guards.
C:S39-A01-V03,variant,C:S39-A01,S39,Customer report,docs/product/ServiceLoop_Conceptual_App_Map_v0_1.md,C:S39-A01,implemented,C31,Go to page,Draft/current/superseded/void notice/voided original; missing/failed photo/PDF; generating,color.photoMat;color.surface;color.textPrimary;color.textSecondary;color.warningInk;color.errorInk;color.action,L10,P01,"Viewer page-control bar: Previous, page/current total and Go to page, Next.","Variant “Go to page” of C:S39-A01. Navigate actual rendered PDF bounds, label current/total; reject invalid page; error offers Retry/Text view.",Use C31 role/name/state contract; include current record identity where repeated; preserve logical focus and explicit keyboard action.,action_c_s39_a01_v03,Go to page,Mergi la pagina,action-c-s39-a01-v03,T-C-S39-A01-V03: exercise this exact variant in its applicable state; inherit parent guards.
C:S39-A02-V01,variant,C:S39-A02,S39,Customer report,docs/product/ServiceLoop_Conceptual_App_Map_v0_1.md,C:S39-A02,adopted/pending (partial control exposed),C31,Zoom in,Draft/current/superseded/void notice/voided original; missing/failed photo/PDF; generating,color.photoMat;color.surface;color.textPrimary;color.textSecondary;color.warningInk;color.errorInk;color.action,L10,P01,Explicit labelled secondary action in the matching S39 section; infrequent management variants in named More menu per screen composition.,"Variant “Zoom in” of C:S39-A02. Inspect rendered layout; gestures are redundant alternatives, never edit file bytes.",Use C07 role/name/state contract; include current record identity where repeated; preserve logical focus and explicit keyboard action.,action_c_s39_a02_v01,Zoom in,Mărește,action-c-s39-a02-v01,T-C-S39-A02-V01: exercise this exact variant in its applicable state; inherit parent guards.
C:S39-A02-V02,variant,C:S39-A02,S39,Customer report,docs/product/ServiceLoop_Conceptual_App_Map_v0_1.md,C:S39-A02,adopted/pending (partial control exposed),C31,Zoom out,Draft/current/superseded/void notice/voided original; missing/failed photo/PDF; generating,color.photoMat;color.surface;color.textPrimary;color.textSecondary;color.warningInk;color.errorInk;color.action,L10,P01,Explicit labelled secondary action in the matching S39 section; infrequent management variants in named More menu per screen composition.,"Variant “Zoom out” of C:S39-A02. Inspect rendered layout; gestures are redundant alternatives, never edit file bytes.",Use C07 role/name/state contract; include current record identity where repeated; preserve logical focus and explicit keyboard action.,action_c_s39_a02_v02,Zoom out,Micșorează,action-c-s39-a02-v02,T-C-S39-A02-V02: exercise this exact variant in its applicable state; inherit parent guards.
C:S39-A02-V03,variant,C:S39-A02,S39,Customer report,docs/product/ServiceLoop_Conceptual_App_Map_v0_1.md,C:S39-A02,adopted/pending (partial control exposed),C31,Fit page,Draft/current/superseded/void notice/voided original; missing/failed photo/PDF; generating,color.photoMat;color.surface;color.textPrimary;color.textSecondary;color.warningInk;color.errorInk;color.action,L10,P01,Explicit labelled secondary action in the matching S39 section; infrequent management variants in named More menu per screen composition.,"Variant “Fit page” of C:S39-A02. Inspect rendered layout; gestures are redundant alternatives, never edit file bytes.",Use C07 role/name/state contract; include current record identity where repeated; preserve logical focus and explicit keyboard action.,action_c_s39_a02_v03,Fit page,Încadrează pagina,action-c-s39-a02-v03,T-C-S39-A02-V03: exercise this exact variant in its applicable state; inherit parent guards.
C:S39-A03-V01,variant,C:S39-A03,S39,Customer report,docs/product/ServiceLoop_Conceptual_App_Map_v0_1.md,C:S39-A03,adopted/pending (partial control exposed),C31,Text view,Draft/current/superseded/void notice/voided original; missing/failed photo/PDF; generating,color.photoMat;color.surface;color.textPrimary;color.textSecondary;color.warningInk;color.errorInk;color.action,L10,P01,Explicit labelled secondary action in the matching S39 section; infrequent management variants in named More menu per screen composition.,Variant “Text view” of C:S39-A03. Same public snapshot versus exact retained page; text alternative is not a claim of accessible tagging in the PDF.,Use C31 role/name/state contract; include current record identity where repeated; preserve logical focus and explicit keyboard action.,action_c_s39_a03_v01,Text view,Vizualizare text,action-c-s39-a03-v01,T-C-S39-A03-V01: exercise this exact variant in its applicable state; inherit parent guards.
C:S39-A03-V02,variant,C:S39-A03,S39,Customer report,docs/product/ServiceLoop_Conceptual_App_Map_v0_1.md,C:S39-A03,adopted/pending (partial control exposed),C31,PDF view,Draft/current/superseded/void notice/voided original; missing/failed photo/PDF; generating,color.photoMat;color.surface;color.textPrimary;color.textSecondary;color.warningInk;color.errorInk;color.action,L10,P01,Explicit labelled secondary action in the matching S39 section; infrequent management variants in named More menu per screen composition.,Variant “PDF view” of C:S39-A03. Same public snapshot versus exact retained page; text alternative is not a claim of accessible tagging in the PDF.,Use C31 role/name/state contract; include current record identity where repeated; preserve logical focus and explicit keyboard action.,action_c_s39_a03_v02,PDF view,Vizualizare PDF,action-c-s39-a03-v02,T-C-S39-A03-V02: exercise this exact variant in its applicable state; inherit parent guards.
C:S39-A09-V01,variant,C:S39-A09,S39,Customer report,docs/product/ServiceLoop_Conceptual_App_Map_v0_1.md,C:S39-A09,implemented,C05,Retry generation,Draft/current/superseded/void notice/voided original; missing/failed photo/PDF; generating,color.action;color.onAction;color.actionPressed;color.surface;color.outlineControl;color.disabledContainer;color.disabledText;color.focus,L10,P01,Primary footer or current review/section commit named Retry generation / Re-create missing PDF; conditional variants never shown simultaneously as competing primary actions.,Variant “Retry generation” of C:S39-A09. New labelled rendition for missing bytes; selected missing photo blocks faithful output unless corrected/recovered.,Use C05 role/name/state contract; include current record identity where repeated; preserve logical focus and explicit keyboard action.,action_c_s39_a09_v01,Retry generation,Reîncearcă generarea,action-c-s39-a09-v01,T-C-S39-A09-V01: exercise this exact variant in its applicable state; inherit parent guards.
C:S39-A09-V02,variant,C:S39-A09,S39,Customer report,docs/product/ServiceLoop_Conceptual_App_Map_v0_1.md,C:S39-A09,implemented,C05,Re-create missing PDF,Draft/current/superseded/void notice/voided original; missing/failed photo/PDF; generating,color.action;color.onAction;color.actionPressed;color.surface;color.outlineControl;color.disabledContainer;color.disabledText;color.focus,L10,P01,Primary footer or current review/section commit named Retry generation / Re-create missing PDF; conditional variants never shown simultaneously as competing primary actions.,Variant “Re-create missing PDF” of C:S39-A09. New labelled rendition for missing bytes; selected missing photo blocks faithful output unless corrected/recovered.,Use C05 role/name/state contract; include current record identity where repeated; preserve logical focus and explicit keyboard action.,action_c_s39_a09_v02,Re-create missing PDF,Recreează PDF lipsă,action-c-s39-a09-v02,T-C-S39-A09-V02: exercise this exact variant in its applicable state; inherit parent guards.
C:S39-A10-V01,variant,C:S39-A10,S39,Customer report,docs/product/ServiceLoop_Conceptual_App_Map_v0_1.md,C:S39-A10,implemented,C07,Back,Draft/current/superseded/void notice/voided original; missing/failed photo/PDF; generating,color.action;color.focus;color.disabledText;color.surface,L10,P01,Toolbar Back/Cancel or safe dialog dismissal; obey exact parent save contract.,Variant “Back” of C:S39-A10. Exact final or draft caller; draft mode has no external export path.,Use C07 role/name/state contract; include current record identity where repeated; preserve logical focus and explicit keyboard action.,action_c_s39_a10_v01,Back,Înapoi,action-c-s39-a10-v01,T-C-S39-A10-V01: exercise this exact variant in its applicable state; inherit parent guards.
C:S39-A10-V02,variant,C:S39-A10,S39,Customer report,docs/product/ServiceLoop_Conceptual_App_Map_v0_1.md,C:S39-A10,implemented,C07,Return to editing,Draft/current/superseded/void notice/voided original; missing/failed photo/PDF; generating,color.action;color.focus;color.disabledText;color.surface,L10,P01,Toolbar Back/Cancel or safe dialog dismissal; obey exact parent save contract.,Variant “Return to editing” of C:S39-A10. Exact final or draft caller; draft mode has no external export path.,Use C07 role/name/state contract; include current record identity where repeated; preserve logical focus and explicit keyboard action.,action_c_s39_a10_v02,Return to editing,Înapoi la editare,action-c-s39-a10-v02,T-C-S39-A10-V02: exercise this exact variant in its applicable state; inherit parent guards.
C:S40-A02-V01,variant,C:S40-A02,S40,History,docs/product/ServiceLoop_Conceptual_App_Map_v0_1.md,C:S40-A02,implemented,C30,Date range,Global/customer/site/equipment; empty/no-match/error; void/superseded/error-marked notes,color.surfaceRaised;color.textPrimary;color.textSecondary;color.action;color.selection;color.outlineControl;color.errorInk;color.focus,L08,P13,Named Date range / Clear field/selector in S40 content order; error directly below; see individual field ledger.,Variant “Date range” of C:S40-A02. Valid From/To only; no silently accepted reversed range.,Use C30 role/name/state contract; include current record identity where repeated; preserve logical focus and explicit keyboard action.,action_c_s40_a02_v01,Date range,Interval de date,action-c-s40-a02-v01,T-C-S40-A02-V01: exercise this exact variant in its applicable state; inherit parent guards.
C:S40-A02-V02,variant,C:S40-A02,S40,History,docs/product/ServiceLoop_Conceptual_App_Map_v0_1.md,C:S40-A02,implemented,C30,Clear,Global/customer/site/equipment; empty/no-match/error; void/superseded/error-marked notes,color.surfaceRaised;color.textPrimary;color.textSecondary;color.action;color.selection;color.outlineControl;color.errorInk;color.focus,L08,P13,Named Date range / Clear field/selector in S40 content order; error directly below; see individual field ledger.,Variant “Clear” of C:S40-A02. Valid From/To only; no silently accepted reversed range.,Use C30 role/name/state contract; include current record identity where repeated; preserve logical focus and explicit keyboard action.,action_c_s40_a02_v02,Clear,Șterge,action-c-s40-a02-v02,T-C-S40-A02-V02: exercise this exact variant in its applicable state; inherit parent guards.
I:X05-A02-V01,variant,I:X05-A02,X05,Outbox,app/src/main/java/com/v16studio/serviceloop/ui/DispatchCoordinatorUiV2.kt,Current source; B-015/adopted supporting behavior,implemented,C17,Search,Empty/no results; selected/unselected; Draft/Dispatched/Concluded; mixed/ineligible,color.surface;color.textPrimary;color.textSecondary;color.icon;color.outlineDecorative;color.focus,L03,P03,Full-width search below toolbar.,Variant “Search” of I:X05-A02. Customer/site/reference filtering; selection intersects visible IDs.,Use C17 role/name/state contract; include current record identity where repeated; preserve logical focus and explicit keyboard action.,action_i_x05_a02_v01,Search,Caută,action-i-x05-a02-v01,T-I-X05-A02-V01: exercise this exact variant in its applicable state; inherit parent guards.
I:X05-A02-V02,variant,I:X05-A02,X05,Outbox,app/src/main/java/com/v16studio/serviceloop/ui/DispatchCoordinatorUiV2.kt,Current source; B-015/adopted supporting behavior,implemented,C17,Clear,Empty/no results; selected/unselected; Draft/Dispatched/Concluded; mixed/ineligible,color.surface;color.textPrimary;color.textSecondary;color.icon;color.outlineDecorative;color.focus,L03,P03,Full-width search below toolbar.,Variant “Clear” of I:X05-A02. Customer/site/reference filtering; selection intersects visible IDs.,Use C17 role/name/state contract; include current record identity where repeated; preserve logical focus and explicit keyboard action.,action_i_x05_a02_v02,Clear,Șterge,action-i-x05-a02-v02,T-I-X05-A02-V02: exercise this exact variant in its applicable state; inherit parent guards.
I:X05-A04-V01,variant,I:X05-A04,X05,Outbox,app/src/main/java/com/v16studio/serviceloop/ui/DispatchCoordinatorUiV2.kt,Current source; B-015/adopted supporting behavior,implemented,C30,Date filter,Empty/no results; selected/unselected; Draft/Dispatched/Concluded; mixed/ineligible,color.surfaceRaised;color.textPrimary;color.textSecondary;color.action;color.selection;color.outlineControl;color.errorInk;color.focus,L03,P13,Right date filter; custom range in its selector.,Variant “Date filter” of I:X05-A04. Today/Tomorrow/ISO week/next7/custom/all; malformed range gets explicit field error.,Use C30 role/name/state contract; include current record identity where repeated; preserve logical focus and explicit keyboard action.,action_i_x05_a04_v01,Date filter,Filtru dată,action-i-x05-a04-v01,T-I-X05-A04-V01: exercise this exact variant in its applicable state; inherit parent guards.
I:X05-A04-V02,variant,I:X05-A04,X05,Outbox,app/src/main/java/com/v16studio/serviceloop/ui/DispatchCoordinatorUiV2.kt,Current source; B-015/adopted supporting behavior,implemented,C30,custom from-through,Empty/no results; selected/unselected; Draft/Dispatched/Concluded; mixed/ineligible,color.surfaceRaised;color.textPrimary;color.textSecondary;color.action;color.selection;color.outlineControl;color.errorInk;color.focus,L03,P13,Right date filter; custom range in its selector.,Variant “custom from-through” of I:X05-A04. Today/Tomorrow/ISO week/next7/custom/all; malformed range gets explicit field error.,Use C30 role/name/state contract; include current record identity where repeated; preserve logical focus and explicit keyboard action.,action_i_x05_a04_v02,custom from-through,de la-până la,action-i-x05-a04-v02,T-I-X05-A04-V02: exercise this exact variant in its applicable state; inherit parent guards.
I:X05-A07-V01,variant,I:X05-A07,X05,Outbox,app/src/main/java/com/v16studio/serviceloop/ui/DispatchCoordinatorUiV2.kt,Current source; B-015/adopted supporting behavior,implemented,C07,Select all shown,Empty/no results; selected/unselected; Draft/Dispatched/Concluded; mixed/ineligible,color.action;color.focus;color.disabledText;color.surface,L03,P01,Count header trailing Select all shown/Deselect all shown.,Variant “Select all shown” of I:X05-A07. Only currently visible; hidden records never targeted.,Use C07 role/name/state contract; include current record identity where repeated; preserve logical focus and explicit keyboard action.,action_i_x05_a07_v01,Select all shown,Selectează toate afișate,action-i-x05-a07-v01,T-I-X05-A07-V01: exercise this exact variant in its applicable state; inherit parent guards.
I:X05-A07-V02,variant,I:X05-A07,X05,Outbox,app/src/main/java/com/v16studio/serviceloop/ui/DispatchCoordinatorUiV2.kt,Current source; B-015/adopted supporting behavior,implemented,C07,Deselect all shown,Empty/no results; selected/unselected; Draft/Dispatched/Concluded; mixed/ineligible,color.action;color.focus;color.disabledText;color.surface,L03,P01,Count header trailing Select all shown/Deselect all shown.,Variant “Deselect all shown” of I:X05-A07. Only currently visible; hidden records never targeted.,Use C07 role/name/state contract; include current record identity where repeated; preserve logical focus and explicit keyboard action.,action_i_x05_a07_v02,Deselect all shown,Deselectează toate afișate,action-i-x05-a07-v02,T-I-X05-A07-V02: exercise this exact variant in its applicable state; inherit parent guards.
I:X06-A03-V01,variant,I:X06-A03,X06,Dispatch visit editor,app/src/main/java/com/v16studio/serviceloop/ui/DispatchCoordinatorUiV2.kt,Current source; B-015/adopted supporting behavior,implemented,C30,Appointment time,New/Draft/Dispatched; itemless draft; Concluded read-only; dirty/error/stale,color.surfaceRaised;color.textPrimary;color.textSecondary;color.action;color.selection;color.outlineControl;color.errorInk;color.focus,L05,P13,Named Appointment time / Clear field/selector in X06 content order; error directly below; see individual field ledger.,"Variant “Appointment time” of I:X06-A03. Optional explicit local time; blank is date-only, not midnight.",Use C30 role/name/state contract; include current record identity where repeated; preserve logical focus and explicit keyboard action.,action_i_x06_a03_v01,Appointment time,Ora programării,action-i-x06-a03-v01,T-I-X06-A03-V01: exercise this exact variant in its applicable state; inherit parent guards.
I:X06-A03-V02,variant,I:X06-A03,X06,Dispatch visit editor,app/src/main/java/com/v16studio/serviceloop/ui/DispatchCoordinatorUiV2.kt,Current source; B-015/adopted supporting behavior,implemented,C30,Clear,New/Draft/Dispatched; itemless draft; Concluded read-only; dirty/error/stale,color.surfaceRaised;color.textPrimary;color.textSecondary;color.action;color.selection;color.outlineControl;color.errorInk;color.focus,L05,P13,Named Appointment time / Clear field/selector in X06 content order; error directly below; see individual field ledger.,"Variant “Clear” of I:X06-A03. Optional explicit local time; blank is date-only, not midnight.",Use C30 role/name/state contract; include current record identity where repeated; preserve logical focus and explicit keyboard action.,action_i_x06_a03_v02,Clear,Șterge,action-i-x06-a03-v02,T-I-X06-A03-V02: exercise this exact variant in its applicable state; inherit parent guards.
I:X06-A04-V01,variant,I:X06-A04,X06,Dispatch visit editor,app/src/main/java/com/v16studio/serviceloop/ui/DispatchCoordinatorUiV2.kt,Current source; B-015/adopted supporting behavior,implemented,C30,Time zone,New/Draft/Dispatched; itemless draft; Concluded read-only; dirty/error/stale,color.surfaceRaised;color.textPrimary;color.textSecondary;color.action;color.selection;color.outlineControl;color.errorInk;color.focus,L05,P13,Named Time zone / Change field/selector in X06 content order; error directly below; see individual field ledger.,"Variant “Time zone” of I:X06-A04. Valid IANA ZoneId; display readable zone, retain stored meaning.",Use C30 role/name/state contract; include current record identity where repeated; preserve logical focus and explicit keyboard action.,action_i_x06_a04_v01,Time zone,Fus orar,action-i-x06-a04-v01,T-I-X06-A04-V01: exercise this exact variant in its applicable state; inherit parent guards.
I:X06-A04-V02,variant,I:X06-A04,X06,Dispatch visit editor,app/src/main/java/com/v16studio/serviceloop/ui/DispatchCoordinatorUiV2.kt,Current source; B-015/adopted supporting behavior,implemented,C30,Change,New/Draft/Dispatched; itemless draft; Concluded read-only; dirty/error/stale,color.surfaceRaised;color.textPrimary;color.textSecondary;color.action;color.selection;color.outlineControl;color.errorInk;color.focus,L05,P13,Named Time zone / Change field/selector in X06 content order; error directly below; see individual field ledger.,"Variant “Change” of I:X06-A04. Valid IANA ZoneId; display readable zone, retain stored meaning.",Use C30 role/name/state contract; include current record identity where repeated; preserve logical focus and explicit keyboard action.,action_i_x06_a04_v02,Change,Schimbă,action-i-x06-a04-v02,T-I-X06-A04-V02: exercise this exact variant in its applicable state; inherit parent guards.
I:X06-A12-V01,variant,I:X06-A12,X06,Dispatch visit editor,app/src/main/java/com/v16studio/serviceloop/ui/DispatchCoordinatorUiV2.kt,Current source; B-015/adopted supporting behavior,implemented,C05,Save draft,New/Draft/Dispatched; itemless draft; Concluded read-only; dirty/error/stale,color.action;color.onAction;color.actionPressed;color.surface;color.outlineControl;color.disabledContainer;color.disabledText;color.focus,L05,P01,Primary footer or current review/section commit named Save draft / Save changes; conditional variants never shown simultaneously as competing primary actions.,Variant “Save draft” of I:X06-A12. Validate site/teams/people/date/time/zone/current freshness; atomically write parent/items/assignees.,Use C05 role/name/state contract; include current record identity where repeated; preserve logical focus and explicit keyboard action.,action_i_x06_a12_v01,Save draft,Salvează ciorna,action-i-x06-a12-v01,T-I-X06-A12-V01: exercise this exact variant in its applicable state; inherit parent guards.
I:X06-A12-V02,variant,I:X06-A12,X06,Dispatch visit editor,app/src/main/java/com/v16studio/serviceloop/ui/DispatchCoordinatorUiV2.kt,Current source; B-015/adopted supporting behavior,implemented,C05,Save changes,New/Draft/Dispatched; itemless draft; Concluded read-only; dirty/error/stale,color.action;color.onAction;color.actionPressed;color.surface;color.outlineControl;color.disabledContainer;color.disabledText;color.focus,L05,P01,Primary footer or current review/section commit named Save draft / Save changes; conditional variants never shown simultaneously as competing primary actions.,Variant “Save changes” of I:X06-A12. Validate site/teams/people/date/time/zone/current freshness; atomically write parent/items/assignees.,Use C05 role/name/state contract; include current record identity where repeated; preserve logical focus and explicit keyboard action.,action_i_x06_a12_v02,Save changes,Salvează modificările,action-i-x06-a12-v02,T-I-X06-A12-V02: exercise this exact variant in its applicable state; inherit parent guards.
I:X06-A15-V01,variant,I:X06-A15,X06,Dispatch visit editor,app/src/main/java/com/v16studio/serviceloop/ui/DispatchCoordinatorUiV2.kt,Current source; B-015/adopted supporting behavior,implemented,C20,Back,New/Draft/Dispatched; itemless draft; Concluded read-only; dirty/error/stale,color.surfaceRaised;color.textPrimary;color.textSecondary;color.action;color.errorInk;color.destructive;color.onDestructive;color.focus,L05,P10,Toolbar Back/Cancel or safe dialog dismissal; obey exact parent save contract.,Variant “Back” of I:X06-A15. Guard unsaved parent staging; no data mutation on open/cancel.,Use C20 role/name/state contract; include current record identity where repeated; preserve logical focus and explicit keyboard action.,action_i_x06_a15_v01,Back,Înapoi,action-i-x06-a15-v01,T-I-X06-A15-V01: exercise this exact variant in its applicable state; inherit parent guards.
I:X06-A15-V02,variant,I:X06-A15,X06,Dispatch visit editor,app/src/main/java/com/v16studio/serviceloop/ui/DispatchCoordinatorUiV2.kt,Current source; B-015/adopted supporting behavior,implemented,C20,Keep editing,New/Draft/Dispatched; itemless draft; Concluded read-only; dirty/error/stale,color.surfaceRaised;color.textPrimary;color.textSecondary;color.action;color.errorInk;color.destructive;color.onDestructive;color.focus,L05,P10,Toolbar Back/Cancel or safe dialog dismissal; obey exact parent save contract.,Variant “Keep editing” of I:X06-A15. Guard unsaved parent staging; no data mutation on open/cancel.,Use C20 role/name/state contract; include current record identity where repeated; preserve logical focus and explicit keyboard action.,action_i_x06_a15_v02,Keep editing,Continuă editarea,action-i-x06-a15-v02,T-I-X06-A15-V02: exercise this exact variant in its applicable state; inherit parent guards.
I:X06-A15-V03,variant,I:X06-A15,X06,Dispatch visit editor,app/src/main/java/com/v16studio/serviceloop/ui/DispatchCoordinatorUiV2.kt,Current source; B-015/adopted supporting behavior,implemented,C20,Discard changes,New/Draft/Dispatched; itemless draft; Concluded read-only; dirty/error/stale,color.surfaceRaised;color.textPrimary;color.textSecondary;color.action;color.errorInk;color.destructive;color.onDestructive;color.focus,L05,P10,Toolbar Back/Cancel or safe dialog dismissal; obey exact parent save contract.,Variant “Discard changes” of I:X06-A15. Guard unsaved parent staging; no data mutation on open/cancel.,Use C20 role/name/state contract; include current record identity where repeated; preserve logical focus and explicit keyboard action.,action_i_x06_a15_v03,Discard changes,Renunță la modificări,action-i-x06-a15-v03,T-I-X06-A15-V03: exercise this exact variant in its applicable state; inherit parent guards.
I:X09-A05-V01,variant,I:X09-A05,X09,Dispatch work-item editor,app/src/main/java/com/v16studio/serviceloop/ui/DispatchCoordinatorUiV2.kt,Current source; B-015/adopted supporting behavior,implemented,C13,Assignee row,New/edit; missing equipment/title; malformed due; everyone/explicit subset,color.action;color.onAction;color.outlineControl;color.textPrimary;color.textSecondary;color.focus;color.disabledText,L05,P04,Labelled choice/selection group named Assignee row / Everyone in X09; option toggles retain group/parent context.,Variant “Assignee row” of I:X09-A05. Explicit selected IDs from parent participants; empty IDs means Everyone on selected Teams.,Use C13 role/name/state contract; include current record identity where repeated; preserve logical focus and explicit keyboard action.,action_i_x09_a05_v01,Assignee row,Responsabil,action-i-x09-a05-v01,T-I-X09-A05-V01: exercise this exact variant in its applicable state; inherit parent guards.
I:X09-A05-V02,variant,I:X09-A05,X09,Dispatch work-item editor,app/src/main/java/com/v16studio/serviceloop/ui/DispatchCoordinatorUiV2.kt,Current source; B-015/adopted supporting behavior,implemented,C13,Everyone,New/edit; missing equipment/title; malformed due; everyone/explicit subset,color.action;color.onAction;color.outlineControl;color.textPrimary;color.textSecondary;color.focus;color.disabledText,L05,P04,Labelled choice/selection group named Assignee row / Everyone in X09; option toggles retain group/parent context.,Variant “Everyone” of I:X09-A05. Explicit selected IDs from parent participants; empty IDs means Everyone on selected Teams.,Use C13 role/name/state contract; include current record identity where repeated; preserve logical focus and explicit keyboard action.,action_i_x09_a05_v02,Everyone,Toți,action-i-x09-a05-v02,T-I-X09-A05-V02: exercise this exact variant in its applicable state; inherit parent guards.
I:X11-A06-V01,variant,I:X11-A06,X11,Import work package,app/src/main/java/com/v16studio/serviceloop/ui/DispatchUi.kt,Current source; B-015/adopted supporting behavior,implemented,C07,Choose another,Invalid/unsupported; not assigned; leader-visible; current/older; conflict; update/withdrawal; mixed safe/blocked,color.action;color.focus;color.disabledText;color.surface,L09,P01,Toolbar Back/Cancel or safe dialog dismissal; obey exact parent save contract.,Variant “Choose another” of I:X11-A06. No mutation before Apply; result navigation never replays import.,Use C07 role/name/state contract; include current record identity where repeated; preserve logical focus and explicit keyboard action.,action_i_x11_a06_v01,Choose another,Alege alt fișier,action-i-x11-a06-v01,T-I-X11-A06-V01: exercise this exact variant in its applicable state; inherit parent guards.
I:X11-A06-V02,variant,I:X11-A06,X11,Import work package,app/src/main/java/com/v16studio/serviceloop/ui/DispatchUi.kt,Current source; B-015/adopted supporting behavior,implemented,C07,Back,Invalid/unsupported; not assigned; leader-visible; current/older; conflict; update/withdrawal; mixed safe/blocked,color.action;color.focus;color.disabledText;color.surface,L09,P01,Toolbar Back/Cancel or safe dialog dismissal; obey exact parent save contract.,Variant “Back” of I:X11-A06. No mutation before Apply; result navigation never replays import.,Use C07 role/name/state contract; include current record identity where repeated; preserve logical focus and explicit keyboard action.,action_i_x11_a06_v02,Back,Înapoi,action-i-x11-a06-v02,T-I-X11-A06-V02: exercise this exact variant in its applicable state; inherit parent guards.
I:X15-A01-V01,variant,I:X15-A01,X15,Conclude/reopen review,app/src/main/java/com/v16studio/serviceloop/ui/DispatchCoordinatorUiV2.kt,Current source; B-015/adopted supporting behavior,implemented,C05,Mark concluded,Eligible; mixed/invalid excluded; committing; failure,color.action;color.onAction;color.actionPressed;color.surface;color.outlineControl;color.disabledContainer;color.disabledText;color.focus,L11,P01,Primary footer or current review/section commit named Mark concluded / Reopen; conditional variants never shown simultaneously as competing primary actions.,Variant “Mark concluded” of I:X15-A01. Revalidate homogeneous selection and apply atomically; no technician-device mutation.,Use C05 role/name/state contract; include current record identity where repeated; preserve logical focus and explicit keyboard action.,action_i_x15_a01_v01,Mark concluded,Marchează ca încheiate,action-i-x15-a01-v01,T-I-X15-A01-V01: exercise this exact variant in its applicable state; inherit parent guards.
I:X15-A01-V02,variant,I:X15-A01,X15,Conclude/reopen review,app/src/main/java/com/v16studio/serviceloop/ui/DispatchCoordinatorUiV2.kt,Current source; B-015/adopted supporting behavior,implemented,C05,Reopen,Eligible; mixed/invalid excluded; committing; failure,color.action;color.onAction;color.actionPressed;color.surface;color.outlineControl;color.disabledContainer;color.disabledText;color.focus,L11,P01,Primary footer or current review/section commit named Mark concluded / Reopen; conditional variants never shown simultaneously as competing primary actions.,Variant “Reopen” of I:X15-A01. Revalidate homogeneous selection and apply atomically; no technician-device mutation.,Use C05 role/name/state contract; include current record identity where repeated; preserve logical focus and explicit keyboard action.,action_i_x15_a01_v02,Reopen,Redeschide,action-i-x15-a01-v02,T-I-X15-A01-V02: exercise this exact variant in its applicable state; inherit parent guards.
I:X20-A02-V01,variant,I:X20-A02,X20,Expanded text editor,app/src/main/java/com/v16studio/serviceloop/ui/DailyOperationsUi.kt,Current source; B-015/adopted supporting behavior,implemented,C07,Done,Focused/dirty; parent explicit-save/autosave; failure,color.action;color.focus;color.disabledText;color.surface,L05,P01,Toolbar Back/Cancel or safe dialog dismissal; obey exact parent save contract.,Variant “Done” of I:X20-A02. Collapse to parent; parent Save or durable checkpoint contract unchanged.,Use C07 role/name/state contract; include current record identity where repeated; preserve logical focus and explicit keyboard action.,action_i_x20_a02_v01,Done,Gata,action-i-x20-a02-v01,T-I-X20-A02-V01: exercise this exact variant in its applicable state; inherit parent guards.
I:X20-A02-V02,variant,I:X20-A02,X20,Expanded text editor,app/src/main/java/com/v16studio/serviceloop/ui/DailyOperationsUi.kt,Current source; B-015/adopted supporting behavior,implemented,C07,Back,Focused/dirty; parent explicit-save/autosave; failure,color.action;color.focus;color.disabledText;color.surface,L05,P01,Toolbar Back/Cancel or safe dialog dismissal; obey exact parent save contract.,Variant “Back” of I:X20-A02. Collapse to parent; parent Save or durable checkpoint contract unchanged.,Use C07 role/name/state contract; include current record identity where repeated; preserve logical focus and explicit keyboard action.,action_i_x20_a02_v02,Back,Înapoi,action-i-x20-a02-v02,T-I-X20-A02-V02: exercise this exact variant in its applicable state; inherit parent guards.
F:S07-name,field,,S07,Customer editor,app/src/main/java/com/v16studio/serviceloop/ui/DailyOperationsUi.kt,C:S07 / CustomerEditorScreen,implemented field,C08,name,Empty/filled/focus/invalid/read-only as applicable; Required,color.surface;color.textPrimary;color.textSecondary;color.outlineControl;color.focus;color.errorInk;color.disabledContainer;color.disabledText,L05,P04,Customer name in listed S07 field order,Trim only at submission; required when marked; adopted general name/title bound120; preserve source-specific stricter rule. Never silently truncate. Save: Explicit parent Save,"Text / words capitalization; Next, last field Done; label/required/helper/error spoken. Public identification",field_s07_name,Customer name,Numele clientului,field-s07-name,"T-F-S07-name: valid/empty/invalid/long Unicode, cancellation and interrupted-save cases."
F:S07-contact,field,,S07,Customer editor,app/src/main/java/com/v16studio/serviceloop/ui/DailyOperationsUi.kt,C:S07 / CustomerEditorScreen,implemented field,C08,name,Empty/filled/focus/invalid/read-only as applicable; Optional,color.surface;color.textPrimary;color.textSecondary;color.outlineControl;color.focus;color.errorInk;color.disabledContainer;color.disabledText,L05,P04,Contact name in listed S07 field order,Trim only at submission; required when marked; adopted general name/title bound120; preserve source-specific stricter rule. Never silently truncate. Save: Explicit parent Save,"Text / words capitalization; Next, last field Done; label/required/helper/error spoken. Contact information",field_s07_contact,Contact name,Numele persoanei de contact,field-s07-contact,"T-F-S07-contact: valid/empty/invalid/long Unicode, cancellation and interrupted-save cases."
F:S07-phone,field,,S07,Customer editor,app/src/main/java/com/v16studio/serviceloop/ui/DailyOperationsUi.kt,C:S07 / CustomerEditorScreen,implemented field,C08,phone,Empty/filled/focus/invalid/read-only as applicable; Optional,color.surface;color.textPrimary;color.textSecondary;color.outlineControl;color.focus;color.errorInk;color.disabledContainer;color.disabledText,L05,P04,Phone in listed S07 field order,"Optional; allow international +, spaces and punctuation; do not promise valid/deliverable contact. Save: Explicit parent Save",Phone keyboard; Next; label/required/helper/error spoken. Contact information,field_s07_phone,Phone,Telefon,field-s07-phone,"T-F-S07-phone: valid/empty/invalid/long Unicode, cancellation and interrupted-save cases."
F:S07-email,field,,S07,Customer editor,app/src/main/java/com/v16studio/serviceloop/ui/DailyOperationsUi.kt,C:S07 / CustomerEditorScreen,implemented field,C08,email,Empty/filled/focus/invalid/read-only as applicable; Optional,color.surface;color.textPrimary;color.textSecondary;color.outlineControl;color.focus;color.errorInk;color.disabledContainer;color.disabledText,L05,P04,Email in listed S07 field order,Optional; basic structure validation only where existing save contract requires it. No lookup or delivery verification. Save: Explicit parent Save,Email keyboard / no autocorrect; Next; label/required/helper/error spoken. Contact information,field_s07_email,Email,E-mail,field-s07-email,"T-F-S07-email: valid/empty/invalid/long Unicode, cancellation and interrupted-save cases."
F:S07-notes,field,,S07,Customer editor,app/src/main/java/com/v16studio/serviceloop/ui/DailyOperationsUi.kt,C:S07 / CustomerEditorScreen,implemented field,C23,note,Empty/filled/focus/invalid/read-only as applicable; Optional,color.surface;color.textPrimary;color.textSecondary;color.outlineControl;color.focus;color.errorInk,L05,P04,Internal notes in listed S07 field order,Adopted notes bound4000; preserve full Unicode and lines; active required reasons nonblank; public/private explicit. Save: Explicit parent Save,Multiline text / sentence capitalization; Newline; label/required/helper/error spoken. Private — not on reports,field_s07_notes,Internal notes,Note interne,field-s07-notes,"T-F-S07-notes: valid/empty/invalid/long Unicode, cancellation and interrupted-save cases."
F:S07-first-site,field,,S07,Customer editor,app/src/main/java/com/v16studio/serviceloop/ui/DailyOperationsUi.kt,C:S07 / CustomerEditorScreen,adopted/pending field,C08,name,Empty/filled/focus/invalid/read-only as applicable; Creation only; required under adopted path,color.surface;color.textPrimary;color.textSecondary;color.outlineControl;color.focus;color.errorInk;color.disabledContainer;color.disabledText,L05,P04,First site name in listed S07 field order,Trim only at submission; required when marked; adopted general name/title bound120; preserve source-specific stricter rule. Never silently truncate. Save: Explicit parent Save,"Text / words capitalization; Next, last field Done; label/required/helper/error spoken. Public identification",field_s07_first-site,First site name,Numele primei locații,field-s07-first-site,"T-F-S07-first-site: valid/empty/invalid/long Unicode, cancellation and interrupted-save cases."
F:S07-address,field,,S07,Customer editor,app/src/main/java/com/v16studio/serviceloop/ui/DailyOperationsUi.kt,C:S07 / CustomerEditorScreen,adopted/pending field,C08,short,Empty/filled/focus/invalid/read-only as applicable; Optional; creation first-site group,color.surface;color.textPrimary;color.textSecondary;color.outlineControl;color.focus;color.errorInk;color.disabledContainer;color.disabledText,L05,P04,Service address in listed S07 field order,Plain text; adopted short explanation/guidance bound500 when that field is governed by U2. No markup execution. Save: Explicit parent Save,Text / sentence capitalization; Next; label/required/helper/error spoken. Public address,field_s07_address,Service address,Adresa locației,field-s07-address,"T-F-S07-address: valid/empty/invalid/long Unicode, cancellation and interrupted-save cases."
F:S09-customer,field,,S09,Site editor,app/src/main/java/com/v16studio/serviceloop/ui/DailyOperationsUi.kt,C:S09 / SiteEditorScreen,adopted/pending field,C09,picker,Empty/filled/focus/invalid/read-only as applicable; Required/new or unused eligible,color.surface;color.textPrimary;color.textSecondary;color.icon;color.outlineDecorative;color.outlineControl;color.focus;color.errorInk,L05,P04,Customer in listed S09 field order,"Choose stable eligible ID, not display string. Clear only for explicitly optional relation; parent validates again at save. Save: Explicit parent Save",No IME until searchable chooser; enter/space opens; label/required/helper/error spoken. Public identification,field_s09_customer,Customer,Client,field-s09-customer,"T-F-S09-customer: valid/empty/invalid/long Unicode, cancellation and interrupted-save cases."
F:S09-name,field,,S09,Site editor,app/src/main/java/com/v16studio/serviceloop/ui/DailyOperationsUi.kt,C:S09 / SiteEditorScreen,implemented field,C08,name,Empty/filled/focus/invalid/read-only as applicable; Required,color.surface;color.textPrimary;color.textSecondary;color.outlineControl;color.focus;color.errorInk;color.disabledContainer;color.disabledText,L05,P04,Site name in listed S09 field order,Trim only at submission; required when marked; adopted general name/title bound120; preserve source-specific stricter rule. Never silently truncate. Save: Explicit parent Save,"Text / words capitalization; Next, last field Done; label/required/helper/error spoken. Public identification",field_s09_name,Site name,Numele locației,field-s09-name,"T-F-S09-name: valid/empty/invalid/long Unicode, cancellation and interrupted-save cases."
F:S09-address,field,,S09,Site editor,app/src/main/java/com/v16studio/serviceloop/ui/DailyOperationsUi.kt,C:S09 / SiteEditorScreen,implemented field,C08,short,Empty/filled/focus/invalid/read-only as applicable; Optional,color.surface;color.textPrimary;color.textSecondary;color.outlineControl;color.focus;color.errorInk;color.disabledContainer;color.disabledText,L05,P04,Address in listed S09 field order,Plain text; adopted short explanation/guidance bound500 when that field is governed by U2. No markup execution. Save: Explicit parent Save,Text / sentence capitalization; Next; label/required/helper/error spoken. Public address,field_s09_address,Address,Adresă,field-s09-address,"T-F-S09-address: valid/empty/invalid/long Unicode, cancellation and interrupted-save cases."
F:S09-inherit,field,,S09,Site editor,app/src/main/java/com/v16studio/serviceloop/ui/DailyOperationsUi.kt,C:S09 / SiteEditorScreen,adopted/pending field,C14,switch,Empty/filled/focus/invalid/read-only as applicable; Explicit mode; source reconciliation E06,color.action;color.onAction;color.surfaceSubtle;color.outlineControl;color.textPrimary;color.textSecondary;color.errorInk;color.focus,L05,P04,Use customer's main contact in listed S09 field order,"Preference intent, not ambiguous record status; show actual external capability separately. Save: Explicit parent Save",Switch / Space toggles; label/required/helper/error spoken. Contact inheritance,field_s09_inherit,Use customer's main contact,Folosește contactul principal al clientului,field-s09-inherit,"T-F-S09-inherit: valid/empty/invalid/long Unicode, cancellation and interrupted-save cases."
F:S09-contact,field,,S09,Site editor,app/src/main/java/com/v16studio/serviceloop/ui/DailyOperationsUi.kt,C:S09 / SiteEditorScreen,implemented field,C08,name,Empty/filled/focus/invalid/read-only as applicable; Optional when independent,color.surface;color.textPrimary;color.textSecondary;color.outlineControl;color.focus;color.errorInk;color.disabledContainer;color.disabledText,L05,P04,Contact name in listed S09 field order,Trim only at submission; required when marked; adopted general name/title bound120; preserve source-specific stricter rule. Never silently truncate. Save: Explicit parent Save,"Text / words capitalization; Next, last field Done; label/required/helper/error spoken. Contact information",field_s09_contact,Contact name,Nume contact,field-s09-contact,"T-F-S09-contact: valid/empty/invalid/long Unicode, cancellation and interrupted-save cases."
F:S09-phone,field,,S09,Site editor,app/src/main/java/com/v16studio/serviceloop/ui/DailyOperationsUi.kt,C:S09 / SiteEditorScreen,implemented field,C08,phone,Empty/filled/focus/invalid/read-only as applicable; Optional when independent,color.surface;color.textPrimary;color.textSecondary;color.outlineControl;color.focus;color.errorInk;color.disabledContainer;color.disabledText,L05,P04,Phone in listed S09 field order,"Optional; allow international +, spaces and punctuation; do not promise valid/deliverable contact. Save: Explicit parent Save",Phone keyboard; Next; label/required/helper/error spoken. Contact information,field_s09_phone,Phone,Telefon,field-s09-phone,"T-F-S09-phone: valid/empty/invalid/long Unicode, cancellation and interrupted-save cases."
F:S09-email,field,,S09,Site editor,app/src/main/java/com/v16studio/serviceloop/ui/DailyOperationsUi.kt,C:S09 / SiteEditorScreen,implemented field,C08,email,Empty/filled/focus/invalid/read-only as applicable; Optional when independent,color.surface;color.textPrimary;color.textSecondary;color.outlineControl;color.focus;color.errorInk;color.disabledContainer;color.disabledText,L05,P04,Email in listed S09 field order,Optional; basic structure validation only where existing save contract requires it. No lookup or delivery verification. Save: Explicit parent Save,Email keyboard / no autocorrect; Next; label/required/helper/error spoken. Contact information,field_s09_email,Email,E-mail,field-s09-email,"T-F-S09-email: valid/empty/invalid/long Unicode, cancellation and interrupted-save cases."
F:S09-access,field,,S09,Site editor,app/src/main/java/com/v16studio/serviceloop/ui/DailyOperationsUi.kt,C:S09 / SiteEditorScreen,implemented field,C23,note,Empty/filled/focus/invalid/read-only as applicable; Optional,color.surface;color.textPrimary;color.textSecondary;color.outlineControl;color.focus;color.errorInk,L05,P04,Access notes in listed S09 field order,Adopted notes bound4000; preserve full Unicode and lines; active required reasons nonblank; public/private explicit. Save: Explicit parent Save,Multiline text / sentence capitalization; Newline; label/required/helper/error spoken. Private — not on reports,field_s09_access,Access notes,Note de acces,field-s09-access,"T-F-S09-access: valid/empty/invalid/long Unicode, cancellation and interrupted-save cases."
F:S09-default,field,,S09,Site editor,app/src/main/java/com/v16studio/serviceloop/ui/DailyOperationsUi.kt,C:S09 / SiteEditorScreen,implemented field,C13,checkbox,Empty/filled/focus/invalid/read-only as applicable; Optional preference in current editor,color.action;color.onAction;color.outlineControl;color.textPrimary;color.textSecondary;color.focus;color.disabledText,L05,P04,Default site in listed S09 field order,Boolean/selection buffer only unless immediate setting explicitly specified; dependent constraints checked before commit. Save: Explicit parent Save,Checkbox / Space toggles; label/required/helper/error spoken. Current master data,field_s09_default,Default site,Locație implicită,field-s09-default,"T-F-S09-default: valid/empty/invalid/long Unicode, cancellation and interrupted-save cases."
F:S11-site,field,,S11,Equipment editor,app/src/main/java/com/v16studio/serviceloop/ui/DailyOperationsUi.kt,C:S11 / EquipmentEditorScreen,implemented field,C09,picker,Empty/filled/focus/invalid/read-only as applicable; Required on create; fixed on edit,color.surface;color.textPrimary;color.textSecondary;color.icon;color.outlineDecorative;color.outlineControl;color.focus;color.errorInk,L05,P04,Site in listed S11 field order,"Choose stable eligible ID, not display string. Clear only for explicitly optional relation; parent validates again at save. Save: Explicit parent Save",No IME until searchable chooser; enter/space opens; label/required/helper/error spoken. Current location,field_s11_site,Site,Locație,field-s11-site,"T-F-S11-site: valid/empty/invalid/long Unicode, cancellation and interrupted-save cases."
F:S11-name,field,,S11,Equipment editor,app/src/main/java/com/v16studio/serviceloop/ui/DailyOperationsUi.kt,C:S11 / EquipmentEditorScreen,implemented field,C08,name,Empty/filled/focus/invalid/read-only as applicable; Required,color.surface;color.textPrimary;color.textSecondary;color.outlineControl;color.focus;color.errorInk;color.disabledContainer;color.disabledText,L05,P04,Equipment name in listed S11 field order,Trim only at submission; required when marked; adopted general name/title bound120; preserve source-specific stricter rule. Never silently truncate. Save: Explicit parent Save,"Text / words capitalization; Next, last field Done; label/required/helper/error spoken. Public identification",field_s11_name,Equipment name,Numele echipamentului,field-s11-name,"T-F-S11-name: valid/empty/invalid/long Unicode, cancellation and interrupted-save cases."
F:S11-type,field,,S11,Equipment editor,app/src/main/java/com/v16studio/serviceloop/ui/DailyOperationsUi.kt,C:S11 / EquipmentEditorScreen,adopted/pending field,C08,short,Empty/filled/focus/invalid/read-only as applicable; Optional adopted field,color.surface;color.textPrimary;color.textSecondary;color.outlineControl;color.focus;color.errorInk;color.disabledContainer;color.disabledText,L05,P04,Type in listed S11 field order,Plain text; adopted short explanation/guidance bound500 when that field is governed by U2. No markup execution. Save: Explicit parent Save,Text / sentence capitalization; Next; label/required/helper/error spoken. Public identification,field_s11_type,Type,Tip,field-s11-type,"T-F-S11-type: valid/empty/invalid/long Unicode, cancellation and interrupted-save cases."
F:S11-make,field,,S11,Equipment editor,app/src/main/java/com/v16studio/serviceloop/ui/DailyOperationsUi.kt,C:S11 / EquipmentEditorScreen,implemented field,C08,short,Empty/filled/focus/invalid/read-only as applicable; Optional,color.surface;color.textPrimary;color.textSecondary;color.outlineControl;color.focus;color.errorInk;color.disabledContainer;color.disabledText,L05,P04,Make in listed S11 field order,Plain text; adopted short explanation/guidance bound500 when that field is governed by U2. No markup execution. Save: Explicit parent Save,Text / sentence capitalization; Next; label/required/helper/error spoken. Public identification,field_s11_make,Make,Marcă,field-s11-make,"T-F-S11-make: valid/empty/invalid/long Unicode, cancellation and interrupted-save cases."
F:S11-model,field,,S11,Equipment editor,app/src/main/java/com/v16studio/serviceloop/ui/DailyOperationsUi.kt,C:S11 / EquipmentEditorScreen,implemented field,C08,short,Empty/filled/focus/invalid/read-only as applicable; Optional,color.surface;color.textPrimary;color.textSecondary;color.outlineControl;color.focus;color.errorInk;color.disabledContainer;color.disabledText,L05,P04,Model in listed S11 field order,Plain text; adopted short explanation/guidance bound500 when that field is governed by U2. No markup execution. Save: Explicit parent Save,Text / sentence capitalization; Next; label/required/helper/error spoken. Public identification,field_s11_model,Model,Model,field-s11-model,"T-F-S11-model: valid/empty/invalid/long Unicode, cancellation and interrupted-save cases."
F:S11-serial,field,,S11,Equipment editor,app/src/main/java/com/v16studio/serviceloop/ui/DailyOperationsUi.kt,C:S11 / EquipmentEditorScreen,implemented field,C08,identifier,Empty/filled/focus/invalid/read-only as applicable; Optional,color.surface;color.textPrimary;color.textSecondary;color.outlineControl;color.focus;color.errorInk;color.disabledContainer;color.disabledText,L05,P04,Serial number in listed S11 field order,"Plain identifier, adopted max120 unless format-specific codec differs; preserve exact identity, never parse as display name. Save: Explicit parent Save",Text / no autocorrect; Next; label/required/helper/error spoken. Public identification,field_s11_serial,Serial number,Număr de serie,field-s11-serial,"T-F-S11-serial: valid/empty/invalid/long Unicode, cancellation and interrupted-save cases."
F:S11-internal-id,field,,S11,Equipment editor,app/src/main/java/com/v16studio/serviceloop/ui/DailyOperationsUi.kt,C:S11 / EquipmentEditorScreen,implemented field,C08,identifier,Empty/filled/focus/invalid/read-only as applicable; Optional,color.surface;color.textPrimary;color.textSecondary;color.outlineControl;color.focus;color.errorInk;color.disabledContainer;color.disabledText,L05,P04,Internal identifier in listed S11 field order,"Plain identifier, adopted max120 unless format-specific codec differs; preserve exact identity, never parse as display name. Save: Explicit parent Save","Text / no autocorrect; Next; label/required/helper/error spoken. Equipment identity, not private narrative",field_s11_internal-id,Internal identifier,Identificator intern,field-s11-internal-id,"T-F-S11-internal-id: valid/empty/invalid/long Unicode, cancellation and interrupted-save cases."
F:S11-photo,field,,S11,Equipment editor,app/src/main/java/com/v16studio/serviceloop/ui/DailyOperationsUi.kt,C:S11 / EquipmentEditorScreen,adopted/pending field,C24,photo,Empty/filled/focus/invalid/read-only as applicable; Optional adopted intake,color.photoMat;color.surface;color.textPrimary;color.textSecondary;color.outlineDecorative;color.selection;color.selectionOutline,L05,P04,Identification photo in listed S11 field order,"Validate bytes/ownership before saved; preserve source normalizer (longest edge2560, no upscale), report inclusion explicit. Save: Explicit parent Save",External camera/selected-media handoff; label/required/helper/error spoken. Owned identification media,field_s11_photo,Identification photo,Fotografie de identificare,field-s11-photo,"T-F-S11-photo: valid/empty/invalid/long Unicode, cancellation and interrupted-save cases."
F:S11-notes,field,,S11,Equipment editor,app/src/main/java/com/v16studio/serviceloop/ui/DailyOperationsUi.kt,C:S11 / EquipmentEditorScreen,implemented field,C23,note,Empty/filled/focus/invalid/read-only as applicable; Optional,color.surface;color.textPrimary;color.textSecondary;color.outlineControl;color.focus;color.errorInk,L05,P04,Internal notes in listed S11 field order,Adopted notes bound4000; preserve full Unicode and lines; active required reasons nonblank; public/private explicit. Save: Explicit parent Save,Multiline text / sentence capitalization; Newline; label/required/helper/error spoken. Private — not on reports,field_s11_notes,Internal notes,Note interne,field-s11-notes,"T-F-S11-notes: valid/empty/invalid/long Unicode, cancellation and interrupted-save cases."
F:S12-destination,field,,S12,Move equipment,app/src/main/java/com/v16studio/serviceloop/ui/Stage4Ui.kt,C:S12 / MoveEquipmentScreen,implemented field,C09,picker,Empty/filled/focus/invalid/read-only as applicable; Required/different eligible site,color.surface;color.textPrimary;color.textSecondary;color.icon;color.outlineDecorative;color.outlineControl;color.focus;color.errorInk,L07,P04,Destination site in listed S12 field order,"Choose stable eligible ID, not display string. Clear only for explicitly optional relation; parent validates again at save. Save: Explicit parent Save",No IME until searchable chooser; enter/space opens; label/required/helper/error spoken. Master current location,field_s12_destination,Destination site,Locație destinație,field-s12-destination,"T-F-S12-destination: valid/empty/invalid/long Unicode, cancellation and interrupted-save cases."
F:S12-date,field,,S12,Move equipment,app/src/main/java/com/v16studio/serviceloop/ui/Stage4Ui.kt,C:S12 / MoveEquipmentScreen,implemented field,C30,pastdate,Empty/filled/focus/invalid/read-only as applicable; Required,color.surfaceRaised;color.textPrimary;color.textSecondary;color.action;color.selection;color.outlineControl;color.errorInk;color.focus,L07,P13,Effective move date in listed S12 field order,Real calendar date not after business Today; history/date eligibility checks remain repository-owned. Save: Explicit parent Save,Date picker / manual alternative; Next; label/required/helper/error spoken. Historical move entry,field_s12_date,Effective move date,Data efectivă a mutării,field-s12-date,"T-F-S12-date: valid/empty/invalid/long Unicode, cancellation and interrupted-save cases."
F:S12-reason,field,,S12,Move equipment,app/src/main/java/com/v16studio/serviceloop/ui/Stage4Ui.kt,C:S12 / MoveEquipmentScreen,implemented field,C23,note,Empty/filled/focus/invalid/read-only as applicable; Required,color.surface;color.textPrimary;color.textSecondary;color.outlineControl;color.focus;color.errorInk,L07,P04,Reason for move in listed S12 field order,Adopted notes bound4000; preserve full Unicode and lines; active required reasons nonblank; public/private explicit. Save: Explicit parent Save,Multiline text / sentence capitalization; Newline; label/required/helper/error spoken. Change record,field_s12_reason,Reason for move,Motivul mutării,field-s12-reason,"T-F-S12-reason: valid/empty/invalid/long Unicode, cancellation and interrupted-save cases."
F:S12-ack,field,,S12,Move equipment,app/src/main/java/com/v16studio/serviceloop/ui/Stage4Ui.kt,C:S12 / MoveEquipmentScreen,implemented field,C13,checkbox,Empty/filled/focus/invalid/read-only as applicable; Required,color.action;color.onAction;color.outlineControl;color.textPrimary;color.textSecondary;color.focus;color.disabledText,L07,P04,Carry plans; retain old history in listed S12 field order,Boolean/selection buffer only unless immediate setting explicitly specified; dependent constraints checked before commit. Save: Explicit parent Save,Checkbox / Space toggles; label/required/helper/error spoken. Explicit loss/consequence acknowledgement,field_s12_ack,Carry plans; retain old history,Transferă planurile; păstrează istoricul,field-s12-ack,"T-F-S12-ack: valid/empty/invalid/long Unicode, cancellation and interrupted-save cases."
F:S14-name,field,,S14,Service-plan editor,app/src/main/java/com/v16studio/serviceloop/ui/DailyOperationsUi.kt,C:S14 / PlanEditorScreen,implemented field,C08,name,Empty/filled/focus/invalid/read-only as applicable; Required/unique active-paused at machine,color.surface;color.textPrimary;color.textSecondary;color.outlineControl;color.focus;color.errorInk;color.disabledContainer;color.disabledText,L05,P04,Service name in listed S14 field order,Trim only at submission; required when marked; adopted general name/title bound120; preserve source-specific stricter rule. Never silently truncate. Save: Explicit parent Save,"Text / words capitalization; Next, last field Done; label/required/helper/error spoken. Public plan identity",field_s14_name,Service name,Numele serviciului,field-s14-name,"T-F-S14-name: valid/empty/invalid/long Unicode, cancellation and interrupted-save cases."
F:S14-interval,field,,S14,Service-plan editor,app/src/main/java/com/v16studio/serviceloop/ui/DailyOperationsUi.kt,C:S14 / PlanEditorScreen,implemented field,C08,positiveint,Empty/filled/focus/invalid/read-only as applicable; Required,color.surface;color.textPrimary;color.textSecondary;color.outlineControl;color.focus;color.errorInk;color.disabledContainer;color.disabledText,L05,P04,Every in listed S14 field order,Positive whole integer within existing domain interval/duration bounds; check overflow before date math; no fractions. Save: Explicit parent Save,Number keyboard; Next; label/required/helper/error spoken. Recurrence definition,field_s14_interval,Every,La fiecare,field-s14-interval,"T-F-S14-interval: valid/empty/invalid/long Unicode, cancellation and interrupted-save cases."
F:S14-unit,field,,S14,Service-plan editor,app/src/main/java/com/v16studio/serviceloop/ui/DailyOperationsUi.kt,C:S14 / PlanEditorScreen,implemented field,C13,choice,Empty/filled/focus/invalid/read-only as applicable; Days/Weeks/Months/Years,color.action;color.onAction;color.outlineControl;color.textPrimary;color.textSecondary;color.focus;color.disabledText,L05,P04,Unit in listed S14 field order,Only declared supported enum values; no free-form arbitrary future interpretation. Save: Explicit parent Save,Radio group / arrows select / Space confirms; label/required/helper/error spoken. Recurrence definition,field_s14_unit,Unit,Unitate,field-s14-unit,"T-F-S14-unit: valid/empty/invalid/long Unicode, cancellation and interrupted-save cases."
F:S14-due,field,,S14,Service-plan editor,app/src/main/java/com/v16studio/serviceloop/ui/DailyOperationsUi.kt,C:S14 / PlanEditorScreen,implemented field,C30,date,Empty/filled/focus/invalid/read-only as applicable; Required,color.surfaceRaised;color.textPrimary;color.textSecondary;color.action;color.selection;color.outlineControl;color.errorInk;color.focus,L05,P13,Next due date in listed S14 field order,Adopted date policy per parent; no future actual date; From<=To; reject invalid calendar values; no invisible date rollover. Save: Explicit parent Save,Date picker plus explicit manual ISO alternative; Next; label/required/helper/error spoken. Business date,field_s14_due,Next due date,Următoarea scadență,field-s14-due,"T-F-S14-due: valid/empty/invalid/long Unicode, cancellation and interrupted-save cases."
F:S14-earlier,field,,S14,Service-plan editor,app/src/main/java/com/v16studio/serviceloop/ui/DailyOperationsUi.kt,C:S14 / PlanEditorScreen,adopted/pending field,C30,optionaldate,Empty/filled/focus/invalid/read-only as applicable; Optional; locked after first fulfillment,color.surfaceRaised;color.textPrimary;color.textSecondary;color.action;color.selection;color.outlineControl;color.errorInk;color.focus,L05,P13,Earlier service date in listed S14 field order,Blank means not supplied; no zero-date or fabricated default; validate nonblank calendar date. Save: Explicit parent Save,"Date picker / Clear / manual alternative; Next; label/required/helper/error spoken. Supplied historical information, not proof of in-app service",field_s14_earlier,Earlier service date,Data serviciului anterior,field-s14-earlier,"T-F-S14-earlier: valid/empty/invalid/long Unicode, cancellation and interrupted-save cases."
F:S14-earlier-source,field,,S14,Service-plan editor,app/src/main/java/com/v16studio/serviceloop/ui/DailyOperationsUi.kt,C:S14 / PlanEditorScreen,adopted/pending field,C08,short,Empty/filled/focus/invalid/read-only as applicable; Optional,color.surface;color.textPrimary;color.textSecondary;color.outlineControl;color.focus;color.errorInk;color.disabledContainer;color.disabledText,L05,P04,Earlier-service source in listed S14 field order,Plain text; adopted short explanation/guidance bound500 when that field is governed by U2. No markup execution. Save: Explicit parent Save,Text / sentence capitalization; Next; label/required/helper/error spoken. Setup provenance,field_s14_earlier-source,Earlier-service source,Sursa serviciului anterior,field-s14-earlier-source,"T-F-S14-earlier-source: valid/empty/invalid/long Unicode, cancellation and interrupted-save cases."
F:S14-template,field,,S14,Service-plan editor,app/src/main/java/com/v16studio/serviceloop/ui/DailyOperationsUi.kt,C:S14 / PlanEditorScreen,implemented field,C09,picker,Empty/filled/focus/invalid/read-only as applicable; Optional/None,color.surface;color.textPrimary;color.textSecondary;color.icon;color.outlineDecorative;color.outlineControl;color.focus;color.errorInk,L05,P04,Inspection template in listed S14 field order,"Choose stable eligible ID, not display string. Clear only for explicitly optional relation; parent validates again at save. Save: Explicit parent Save",No IME until searchable chooser; enter/space opens; label/required/helper/error spoken. Future captured checklist,field_s14_template,Inspection template,Șablon inspecție,field-s14-template,"T-F-S14-template: valid/empty/invalid/long Unicode, cancellation and interrupted-save cases."
F:S14-due-reason,field,,S14,Service-plan editor,app/src/main/java/com/v16studio/serviceloop/ui/DailyOperationsUi.kt,C:S14 / PlanEditorScreen,implemented field,C23,note,Empty/filled/focus/invalid/read-only as applicable; Changed live due only,color.surface;color.textPrimary;color.textSecondary;color.outlineControl;color.focus;color.errorInk,L05,P04,Reason for date change in listed S14 field order,Adopted notes bound4000; preserve full Unicode and lines; active required reasons nonblank; public/private explicit. Save: Explicit parent Save,Multiline text / sentence capitalization; Newline; label/required/helper/error spoken. required history reason,field_s14_due-reason,Reason for date change,Motivul schimbării datei,field-s14-due-reason,"T-F-S14-due-reason: valid/empty/invalid/long Unicode, cancellation and interrupted-save cases."
F:D08-label,field,,D08,Template item editor,app/src/main/java/com/v16studio/serviceloop/ui/DailyOperationsUi.kt,C:D08 / TemplateEditorScreen,implemented inline controls / adopted item-editor pending,C08,name,Empty/filled/focus/invalid/read-only as applicable; Required,color.surface;color.textPrimary;color.textSecondary;color.outlineControl;color.focus;color.errorInk;color.disabledContainer;color.disabledText,L11,P04,Item label in listed D08 field order,Trim only at submission; required when marked; adopted general name/title bound120; preserve source-specific stricter rule. Never silently truncate. Save: Save item stages parent template buffer,"Text / words capitalization; Next, last field Done; label/required/helper/error spoken. Captured checklist question",field_d08_label,Item label,Eticheta elementului,field-d08-label,"T-F-D08-label: valid/empty/invalid/long Unicode, cancellation and interrupted-save cases."
F:D08-type,field,,D08,Template item editor,app/src/main/java/com/v16studio/serviceloop/ui/DailyOperationsUi.kt,C:D08 / TemplateEditorScreen,implemented inline controls / adopted item-editor pending,C13,choice,Empty/filled/focus/invalid/read-only as applicable; Status/Text/Number,color.action;color.onAction;color.outlineControl;color.textPrimary;color.textSecondary;color.focus;color.disabledText,L11,P04,Type in listed D08 field order,Only declared supported enum values; no free-form arbitrary future interpretation. Save: Save item stages parent template buffer,Radio group / arrows select / Space confirms; label/required/helper/error spoken. Template data,field_d08_type,Type,Tip,field-d08-type,"T-F-D08-type: valid/empty/invalid/long Unicode, cancellation and interrupted-save cases."
F:D08-required,field,,D08,Template item editor,app/src/main/java/com/v16studio/serviceloop/ui/DailyOperationsUi.kt,C:D08 / TemplateEditorScreen,implemented inline controls / adopted item-editor pending,C14,switch,Empty/filled/focus/invalid/read-only as applicable; Default On,color.action;color.onAction;color.surfaceSubtle;color.outlineControl;color.textPrimary;color.textSecondary;color.errorInk;color.focus,L11,P04,Required response in listed D08 field order,"Preference intent, not ambiguous record status; show actual external capability separately. Save: Save item stages parent template buffer","Switch / Space toggles; label/required/helper/error spoken. Reviewed constraint, not forced favorable result",field_d08_required,Required response,Răspuns obligatoriu,field-d08-required,"T-F-D08-required: valid/empty/invalid/long Unicode, cancellation and interrupted-save cases."
F:D08-unit,field,,D08,Template item editor,app/src/main/java/com/v16studio/serviceloop/ui/DailyOperationsUi.kt,C:D08 / TemplateEditorScreen,implemented inline controls / adopted item-editor pending,C08,unit,Empty/filled/focus/invalid/read-only as applicable; Number only,color.surface;color.textPrimary;color.textSecondary;color.outlineControl;color.focus;color.errorInk;color.disabledContainer;color.disabledText,L11,P04,Unit in listed D08 field order,Required for numeric template or part; adopted max32; captured inspection unit readonly. Save: Save item stages parent template buffer,Text / no autocorrect; Next; label/required/helper/error spoken. Captured unit,field_d08_unit,Unit,Unitate,field-d08-unit,"T-F-D08-unit: valid/empty/invalid/long Unicode, cancellation and interrupted-save cases."
F:D08-guidance,field,,D08,Template item editor,app/src/main/java/com/v16studio/serviceloop/ui/DailyOperationsUi.kt,C:D08 / TemplateEditorScreen,implemented inline controls / adopted item-editor pending,C08,short,Empty/filled/focus/invalid/read-only as applicable; Optional,color.surface;color.textPrimary;color.textSecondary;color.outlineControl;color.focus;color.errorInk;color.disabledContainer;color.disabledText,L11,P04,Guidance in listed D08 field order,Plain text; adopted short explanation/guidance bound500 when that field is governed by U2. No markup execution. Save: Save item stages parent template buffer,"Text / sentence capitalization; Next; label/required/helper/error spoken. max500; technician guidance, not customer PDF",field_d08_guidance,Guidance,Îndrumare,field-d08-guidance,"T-F-D08-guidance: valid/empty/invalid/long Unicode, cancellation and interrupted-save cases."
F:S17-name,field,,S17,Template editor,app/src/main/java/com/v16studio/serviceloop/ui/DailyOperationsUi.kt,C:S17 / TemplateEditorScreen,implemented field,C08,name,Empty/filled/focus/invalid/read-only as applicable; Required/unique active,color.surface;color.textPrimary;color.textSecondary;color.outlineControl;color.focus;color.errorInk;color.disabledContainer;color.disabledText,L05,P04,Template name in listed S17 field order,Trim only at submission; required when marked; adopted general name/title bound120; preserve source-specific stricter rule. Never silently truncate. Save: Explicit parent Save,"Text / words capitalization; Next, last field Done; label/required/helper/error spoken. Reusable template identity",field_s17_name,Template name,Numele șablonului,field-s17-name,"T-F-S17-name: valid/empty/invalid/long Unicode, cancellation and interrupted-save cases."
F:S18-mode,field,,S18,Visit setup,app/src/main/java/com/v16studio/serviceloop/ui/DailyOperationsUi.kt,C:S18 / NewVisitScreen,implemented field,C13,choice,Empty/filled/focus/invalid/read-only as applicable; Book/Start/Past,color.action;color.onAction;color.outlineControl;color.textPrimary;color.textSecondary;color.focus;color.disabledText,L05,P04,Visit mode in listed S18 field order,Only declared supported enum values; no free-form arbitrary future interpretation. Save: Explicit parent Save,"Radio group / arrows select / Space confirms; label/required/helper/error spoken. Workflow mode, not instant mutation",field_s18_mode,Visit mode,Modul vizitei,field-s18-mode,"T-F-S18-mode: valid/empty/invalid/long Unicode, cancellation and interrupted-save cases."
F:S18-site,field,,S18,Visit setup,app/src/main/java/com/v16studio/serviceloop/ui/DailyOperationsUi.kt,C:S18 / NewVisitScreen,implemented field,C09,picker,Empty/filled/focus/invalid/read-only as applicable; Required,color.surface;color.textPrimary;color.textSecondary;color.icon;color.outlineDecorative;color.outlineControl;color.focus;color.errorInk,L05,P04,Customer & site in listed S18 field order,"Choose stable eligible ID, not display string. Clear only for explicitly optional relation; parent validates again at save. Save: Explicit parent Save",No IME until searchable chooser; enter/space opens; label/required/helper/error spoken. One site only,field_s18_site,Customer & site,Client și locație,field-s18-site,"T-F-S18-site: valid/empty/invalid/long Unicode, cancellation and interrupted-save cases."
F:S18-work,field,,S18,Visit setup,app/src/main/java/com/v16studio/serviceloop/ui/DailyOperationsUi.kt,C:S18 / NewVisitScreen,implemented field,C09,picker,Empty/filled/focus/invalid/read-only as applicable; One or more valid lines,color.surface;color.textPrimary;color.textSecondary;color.icon;color.outlineDecorative;color.outlineControl;color.focus;color.errorInk,L05,P04,Equipment & work in listed S18 field order,"Choose stable eligible ID, not display string. Clear only for explicitly optional relation; parent validates again at save. Save: Explicit parent Save",No IME until searchable chooser; enter/space opens; label/required/helper/error spoken. Staged plan/one-off scope,field_s18_work,Equipment & work,Echipamente și lucrări,field-s18-work,"T-F-S18-work: valid/empty/invalid/long Unicode, cancellation and interrupted-save cases."
F:S18-oneoff,field,,S18,Visit setup,app/src/main/java/com/v16studio/serviceloop/ui/DailyOperationsUi.kt,C:S18 / NewVisitScreen,implemented field,C08,name,Empty/filled/focus/invalid/read-only as applicable; Required for one-off,color.surface;color.textPrimary;color.textSecondary;color.outlineControl;color.focus;color.errorInk;color.disabledContainer;color.disabledText,L05,P04,One-off service title in listed S18 field order,Trim only at submission; required when marked; adopted general name/title bound120; preserve source-specific stricter rule. Never silently truncate. Save: Explicit parent Save,"Text / words capitalization; Next, last field Done; label/required/helper/error spoken. Public service title",field_s18_oneoff,One-off service title,Titlul lucrării ocazionale,field-s18-oneoff,"T-F-S18-oneoff: valid/empty/invalid/long Unicode, cancellation and interrupted-save cases."
F:S18-template,field,,S18,Visit setup,app/src/main/java/com/v16studio/serviceloop/ui/DailyOperationsUi.kt,C:S18 / NewVisitScreen,adopted/pending field,C09,picker,Empty/filled/focus/invalid/read-only as applicable; Optional,color.surface;color.textPrimary;color.textSecondary;color.icon;color.outlineDecorative;color.outlineControl;color.focus;color.errorInk,L05,P04,One-off checklist in listed S18 field order,"Choose stable eligible ID, not display string. Clear only for explicitly optional relation; parent validates again at save. Save: Explicit parent Save",No IME until searchable chooser; enter/space opens; label/required/helper/error spoken. Captured when work starts,field_s18_template,One-off checklist,Lista lucrării ocazionale,field-s18-template,"T-F-S18-template: valid/empty/invalid/long Unicode, cancellation and interrupted-save cases."
F:S18-date,field,,S18,Visit setup,app/src/main/java/com/v16studio/serviceloop/ui/DailyOperationsUi.kt,C:S18 / NewVisitScreen,implemented field,C30,date,Empty/filled/focus/invalid/read-only as applicable; Required per mode,color.surfaceRaised;color.textPrimary;color.textSecondary;color.action;color.selection;color.outlineControl;color.errorInk;color.focus,L05,P13,Appointment / service date in listed S18 field order,Adopted date policy per parent; no future actual date; From<=To; reject invalid calendar values; no invisible date rollover. Save: Explicit parent Save,Date picker plus explicit manual ISO alternative; Next; label/required/helper/error spoken. Business/local date,field_s18_date,Appointment / service date,Data programării / serviciului,field-s18-date,"T-F-S18-date: valid/empty/invalid/long Unicode, cancellation and interrupted-save cases."
F:S18-time,field,,S18,Visit setup,app/src/main/java/com/v16studio/serviceloop/ui/DailyOperationsUi.kt,C:S18 / NewVisitScreen,adopted/pending field,C30,optionaltime,Empty/filled/focus/invalid/read-only as applicable; Booked optional,color.surfaceRaised;color.textPrimary;color.textSecondary;color.action;color.selection;color.outlineControl;color.errorInk;color.focus,L05,P13,Appointment time in listed S18 field order,"Blank is date-only, never00:00. Nonblank real local time with parent zone and ambiguity policy. Save: Explicit parent Save",Time picker / Clear / manual alternative; Next; label/required/helper/error spoken. Stored appointment local time/zone,field_s18_time,Appointment time,Ora programării,field-s18-time,"T-F-S18-time: valid/empty/invalid/long Unicode, cancellation and interrupted-save cases."
F:S18-duration,field,,S18,Visit setup,app/src/main/java/com/v16studio/serviceloop/ui/DailyOperationsUi.kt,C:S18 / NewVisitScreen,adopted/pending field,C08,positiveint,Empty/filled/focus/invalid/read-only as applicable; Optional only when time supplied,color.surface;color.textPrimary;color.textSecondary;color.outlineControl;color.focus;color.errorInk;color.disabledContainer;color.disabledText,L05,P04,Estimated duration in listed S18 field order,Positive whole integer within existing domain interval/duration bounds; check overflow before date math; no fractions. Save: Explicit parent Save,Number keyboard; Next; label/required/helper/error spoken. Appointment display; not work timer,field_s18_duration,Estimated duration,Durată estimată,field-s18-duration,"T-F-S18-duration: valid/empty/invalid/long Unicode, cancellation and interrupted-save cases."
F:S18-reminder,field,,S18,Visit setup,app/src/main/java/com/v16studio/serviceloop/ui/DailyOperationsUi.kt,C:S18 / NewVisitScreen,adopted/pending field,C13,choice,Empty/filled/focus/invalid/read-only as applicable; Default/Off/2h/1day,color.action;color.onAction;color.outlineControl;color.textPrimary;color.textSecondary;color.focus;color.disabledText,L05,P04,Reminder lead in listed S18 field order,Only declared supported enum values; no free-form arbitrary future interpretation. Save: Explicit parent Save,Radio group / arrows select / Space confirms; label/required/helper/error spoken. Local reminder preference,field_s18_reminder,Reminder lead,Avans memento,field-s18-reminder,"T-F-S18-reminder: valid/empty/invalid/long Unicode, cancellation and interrupted-save cases."
F:S18-note,field,,S18,Visit setup,app/src/main/java/com/v16studio/serviceloop/ui/DailyOperationsUi.kt,C:S18 / NewVisitScreen,adopted/pending field,C23,note,Empty/filled/focus/invalid/read-only as applicable; Optional,color.surface;color.textPrimary;color.textSecondary;color.outlineControl;color.focus;color.errorInk,L05,P04,Appointment note in listed S18 field order,Adopted notes bound4000; preserve full Unicode and lines; active required reasons nonblank; public/private explicit. Save: Explicit parent Save,Multiline text / sentence capitalization; Newline; label/required/helper/error spoken. Private — not on reports,field_s18_note,Appointment note,Notă programare,field-s18-note,"T-F-S18-note: valid/empty/invalid/long Unicode, cancellation and interrupted-save cases."
F:S18-followups,field,,S18,Visit setup,app/src/main/java/com/v16studio/serviceloop/ui/DailyOperationsUi.kt,C:S18 / NewVisitScreen,adopted/pending field,C09,picker,Empty/filled/focus/invalid/read-only as applicable; Optional same-context open,color.surface;color.textPrimary;color.textSecondary;color.icon;color.outlineDecorative;color.outlineControl;color.focus;color.errorInk,L05,P04,Linked follow-ups in listed S18 field order,"Choose stable eligible ID, not display string. Clear only for explicitly optional relation; parent validates again at save. Save: Explicit parent Save",No IME until searchable chooser; enter/space opens; label/required/helper/error spoken. No automatic closure,field_s18_followups,Linked follow-ups,Acțiuni asociate,field-s18-followups,"T-F-S18-followups: valid/empty/invalid/long Unicode, cancellation and interrupted-save cases."
F:S19-date,field,,S19,Visit,app/src/main/java/com/v16studio/serviceloop/ui/DailyOperationsUi.kt,C:S19 / VisitDetailScreen,implemented field,C30,futuredate,Empty/filled/focus/invalid/read-only as applicable; Required for reschedule/restore,color.surfaceRaised;color.textPrimary;color.textSecondary;color.action;color.selection;color.outlineControl;color.errorInk;color.focus,L04,P13,New appointment date in listed S19 field order,Nonpast new appointment under adopted contract; historical work uses distinct mode; enforce source guard on save. Save: Explicit parent Save,"Date picker / manual alternative; Next; label/required/helper/error spoken. Appointment, not due date",field_s19_date,New appointment date,Noua dată a programării,field-s19-date,"T-F-S19-date: valid/empty/invalid/long Unicode, cancellation and interrupted-save cases."
F:S19-reason,field,,S19,Visit,app/src/main/java/com/v16studio/serviceloop/ui/DailyOperationsUi.kt,C:S19 / VisitDetailScreen,implemented field,C23,note,Empty/filled/focus/invalid/read-only as applicable; Required for changed booking,color.surface;color.textPrimary;color.textSecondary;color.outlineControl;color.focus;color.errorInk,L04,P04,Rescheduling reason in listed S19 field order,Adopted notes bound4000; preserve full Unicode and lines; active required reasons nonblank; public/private explicit. Save: Explicit parent Save,Multiline text / sentence capitalization; Newline; label/required/helper/error spoken. Change history,field_s19_reason,Rescheduling reason,Motivul reprogramării,field-s19-reason,"T-F-S19-reason: valid/empty/invalid/long Unicode, cancellation and interrupted-save cases."
F:S19-cancel,field,,S19,Visit,app/src/main/java/com/v16studio/serviceloop/ui/DailyOperationsUi.kt,C:S19 / VisitDetailScreen,implemented field,C23,note,Empty/filled/focus/invalid/read-only as applicable; Required for cancellation,color.surface;color.textPrimary;color.textSecondary;color.outlineControl;color.focus;color.errorInk,L04,P04,Cancellation reason in listed S19 field order,Adopted notes bound4000; preserve full Unicode and lines; active required reasons nonblank; public/private explicit. Save: Explicit parent Save,Multiline text / sentence capitalization; Newline; label/required/helper/error spoken. Retained booking history,field_s19_cancel,Cancellation reason,Motivul anulării,field-s19-cancel,"T-F-S19-cancel: valid/empty/invalid/long Unicode, cancellation and interrupted-save cases."
F:S19-reminder,field,,S19,Visit,app/src/main/java/com/v16studio/serviceloop/ui/DailyOperationsUi.kt,C:S19 / VisitDetailScreen,implemented field,C13,choice,Empty/filled/focus/invalid/read-only as applicable; Default/Off/2h/1day,color.action;color.onAction;color.outlineControl;color.textPrimary;color.textSecondary;color.focus;color.disabledText,L04,P04,Appointment reminder in listed S19 field order,Only declared supported enum values; no free-form arbitrary future interpretation. Save: Explicit parent Save,Radio group / arrows select / Space confirms; label/required/helper/error spoken. Local override; current immediate vs adopted Save E05,field_s19_reminder,Appointment reminder,Memento programare,field-s19-reminder,"T-F-S19-reminder: valid/empty/invalid/long Unicode, cancellation and interrupted-save cases."
F:S20-date,field,,S20,Working visit,app/src/main/java/com/v16studio/serviceloop/ui/DailyOperationsUi.kt,C:S20 / VisitDetailScreen / InspectionScreen,adopted/pending field,C30,pastdate,Empty/filled/focus/invalid/read-only as applicable; Required,color.surfaceRaised;color.textPrimary;color.textSecondary;color.action;color.selection;color.outlineControl;color.errorInk;color.focus,L06,P13,Actual service date in listed S20 field order,Real calendar date not after business Today; history/date eligibility checks remain repository-owned. Save: Durable Working checkpoint,Date picker / manual alternative; Next; label/required/helper/error spoken. Visit actual day,field_s20_date,Actual service date,Data efectivă a serviciului,field-s20-date,"T-F-S20-date: valid/empty/invalid/long Unicode, cancellation and interrupted-save cases."
F:S20-identity,field,,S20,Working visit,app/src/main/java/com/v16studio/serviceloop/ui/DailyOperationsUi.kt,C:S20 / VisitDetailScreen / InspectionScreen,adopted/pending field,C08,short,Empty/filled/focus/invalid/read-only as applicable; Explicit review/refresh,color.surface;color.textPrimary;color.textSecondary;color.outlineControl;color.focus;color.errorInk;color.disabledContainer;color.disabledText,L06,P04,Captured identification in listed S20 field order,Plain text; adopted short explanation/guidance bound500 when that field is governed by U2. No markup execution. Save: Durable Working checkpoint,Text / sentence capitalization; Next; label/required/helper/error spoken. Immutable subject links; snapshot text corrections only,field_s20_identity,Captured identification,Identificare capturată,field-s20-identity,"T-F-S20-identity: valid/empty/invalid/long Unicode, cancellation and interrupted-save cases."
F:S21-observation,field,,S21,Equipment in visit,app/src/main/java/com/v16studio/serviceloop/ui/DailyOperationsUi.kt,C:S21 / FieldEvidenceScreen / InspectionScreen,adopted/pending field,C13,choice,Empty/filled/focus/invalid/read-only as applicable; Not assessed / No issue observed / Issue observed,color.action;color.onAction;color.outlineControl;color.textPrimary;color.textSecondary;color.focus;color.disabledText,L06,P04,Observation in listed S21 field order,Only declared supported enum values; no free-form arbitrary future interpretation. Save: Durable Working checkpoint,Radio group / arrows select / Space confirms; label/required/helper/error spoken. Dated human observation,field_s21_observation,Observation,Observație,field-s21-observation,"T-F-S21-observation: valid/empty/invalid/long Unicode, cancellation and interrupted-save cases."
F:S21-public,field,,S21,Equipment in visit,app/src/main/java/com/v16studio/serviceloop/ui/DailyOperationsUi.kt,C:S21 / FieldEvidenceScreen / InspectionScreen,adopted/pending field,C23,note,Empty/filled/focus/invalid/read-only as applicable; Optional,color.surface;color.textPrimary;color.textSecondary;color.outlineControl;color.focus;color.errorInk,L06,P04,Customer observations in listed S21 field order,Adopted notes bound4000; preserve full Unicode and lines; active required reasons nonblank; public/private explicit. Save: Durable Working checkpoint,Multiline text / sentence capitalization; Newline; label/required/helper/error spoken. Public,field_s21_public,Customer observations,Observații pentru client,field-s21-public,"T-F-S21-public: valid/empty/invalid/long Unicode, cancellation and interrupted-save cases."
F:S21-private,field,,S21,Equipment in visit,app/src/main/java/com/v16studio/serviceloop/ui/DailyOperationsUi.kt,C:S21 / FieldEvidenceScreen / InspectionScreen,adopted/pending field,C23,note,Empty/filled/focus/invalid/read-only as applicable; Optional,color.surface;color.textPrimary;color.textSecondary;color.outlineControl;color.focus;color.errorInk,L06,P04,Internal notes in listed S21 field order,Adopted notes bound4000; preserve full Unicode and lines; active required reasons nonblank; public/private explicit. Save: Durable Working checkpoint,Multiline text / sentence capitalization; Newline; label/required/helper/error spoken. Private — not on reports,field_s21_private,Internal notes,Note interne,field-s21-private,"T-F-S21-private: valid/empty/invalid/long Unicode, cancellation and interrupted-save cases."
F:S22-work,field,,S22,Work item and checklist,app/src/main/java/com/v16studio/serviceloop/ui/ServiceLoopApp.kt,C:S22 / InspectionScreen / QuestionBlock / ValueQuestion,implemented field,C23,note,Empty/filled/focus/invalid/read-only as applicable; Required for Performed/Partly at finalization,color.surface;color.textPrimary;color.textSecondary;color.outlineControl;color.focus;color.errorInk,L06,P04,Work performed in listed S22 field order,Adopted notes bound4000; preserve full Unicode and lines; active required reasons nonblank; public/private explicit. Save: Current explicit Save work/Save response plus disposition save; adopted autosave reconciliation E05,Multiline text / sentence capitalization; Newline; label/required/helper/error spoken. Public,field_s22_work,Work performed,Lucrare efectuată,field-s22-work,"T-F-S22-work: valid/empty/invalid/long Unicode, cancellation and interrupted-save cases."
F:S22-status,field,,S22,Work item and checklist,app/src/main/java/com/v16studio/serviceloop/ui/ServiceLoopApp.kt,C:S22 / InspectionScreen / QuestionBlock / ValueQuestion,implemented field,C13,choice,Empty/filled/focus/invalid/read-only as applicable; OK/Issue/NA/Not checked,color.action;color.onAction;color.outlineControl;color.textPrimary;color.textSecondary;color.focus;color.disabledText,L06,P04,Status response in listed S22 field order,Only declared supported enum values; no free-form arbitrary future interpretation. Save: Current explicit Save work/Save response plus disposition save; adopted autosave reconciliation E05,Radio group / arrows select / Space confirms; label/required/helper/error spoken. Only active disposition reports,field_s22_status,Status response,Răspuns stare,field-s22-status,"T-F-S22-status: valid/empty/invalid/long Unicode, cancellation and interrupted-save cases."
F:S22-issue,field,,S22,Work item and checklist,app/src/main/java/com/v16studio/serviceloop/ui/ServiceLoopApp.kt,C:S22 / InspectionScreen / QuestionBlock / ValueQuestion,implemented field,C23,note,Empty/filled/focus/invalid/read-only as applicable; Active Issue requires text,color.surface;color.textPrimary;color.textSecondary;color.outlineControl;color.focus;color.errorInk,L06,P04,Issue found description in listed S22 field order,Adopted notes bound4000; preserve full Unicode and lines; active required reasons nonblank; public/private explicit. Save: Current explicit Save work/Save response plus disposition save; adopted autosave reconciliation E05,Multiline text / sentence capitalization; Newline; label/required/helper/error spoken. Public; retained separate draft B-014,field_s22_issue,Issue found description,Descriere problemă constatată,field-s22-issue,"T-F-S22-issue: valid/empty/invalid/long Unicode, cancellation and interrupted-save cases."
F:S22-na,field,,S22,Work item and checklist,app/src/main/java/com/v16studio/serviceloop/ui/ServiceLoopApp.kt,C:S22 / InspectionScreen / QuestionBlock / ValueQuestion,implemented field,C23,note,Empty/filled/focus/invalid/read-only as applicable; Active NA requires text,color.surface;color.textPrimary;color.textSecondary;color.outlineControl;color.focus;color.errorInk,L06,P04,Not-applicable reason in listed S22 field order,Adopted notes bound4000; preserve full Unicode and lines; active required reasons nonblank; public/private explicit. Save: Current explicit Save work/Save response plus disposition save; adopted autosave reconciliation E05,Multiline text / sentence capitalization; Newline; label/required/helper/error spoken. Public; retained separate draft B-014,field_s22_na,Not-applicable reason,Motiv Nu se aplică,field-s22-na,"T-F-S22-na: valid/empty/invalid/long Unicode, cancellation and interrupted-save cases."
F:S22-text,field,,S22,Work item and checklist,app/src/main/java/com/v16studio/serviceloop/ui/ServiceLoopApp.kt,C:S22 / InspectionScreen / QuestionBlock / ValueQuestion,implemented field,C08,short,Empty/filled/focus/invalid/read-only as applicable; Required item/value mode,color.surface;color.textPrimary;color.textSecondary;color.outlineControl;color.focus;color.errorInk;color.disabledContainer;color.disabledText,L06,P04,Text response in listed S22 field order,Plain text; adopted short explanation/guidance bound500 when that field is governed by U2. No markup execution. Save: Current explicit Save work/Save response plus disposition save; adopted autosave reconciliation E05,Text / sentence capitalization; Next; label/required/helper/error spoken. Public; inactive draft retained,field_s22_text,Text response,Răspuns text,field-s22-text,"T-F-S22-text: valid/empty/invalid/long Unicode, cancellation and interrupted-save cases."
F:S22-number,field,,S22,Work item and checklist,app/src/main/java/com/v16studio/serviceloop/ui/ServiceLoopApp.kt,C:S22 / InspectionScreen / QuestionBlock / ValueQuestion,implemented field,C08,number,Empty/filled/focus/invalid/read-only as applicable; Required item/value mode,color.surface;color.textPrimary;color.textSecondary;color.outlineControl;color.focus;color.errorInk;color.disabledContainer;color.disabledText,L06,P13,Number response in listed S22 field order,"Finite signed decimal; no NaN/infinity; comma/dot handling per P13, captured unit fixed; invalid draft not0. Save: Current explicit Save work/Save response plus disposition save; adopted autosave reconciliation E05","Signed decimal keyboard where available, explicit minus allowed; Done; label/required/helper/error spoken. Public; unit captured readonly",field_s22_number,Number response,Răspuns numeric,field-s22-number,"T-F-S22-number: valid/empty/invalid/long Unicode, cancellation and interrupted-save cases."
F:S23-kind,field,,S23,Finding,app/src/main/java/com/v16studio/serviceloop/ui/ServiceLoopApp.kt,C:S23 / QuestionBlock / FieldEvidenceScreen,adopted/pending field,C13,choice,Empty/filled/focus/invalid/read-only as applicable; Observation/Issue,color.action;color.onAction;color.outlineControl;color.textPrimary;color.textSecondary;color.focus;color.disabledText,L05,P04,Finding kind in listed S23 field order,Only declared supported enum values; no free-form arbitrary future interpretation. Save: Explicit finding Save to parent Working/correction draft,Radio group / arrows select / Space confirms; label/required/helper/error spoken. Public,field_s23_kind,Finding kind,Tip constatare,field-s23-kind,"T-F-S23-kind: valid/empty/invalid/long Unicode, cancellation and interrupted-save cases."
F:S23-text,field,,S23,Finding,app/src/main/java/com/v16studio/serviceloop/ui/ServiceLoopApp.kt,C:S23 / QuestionBlock / FieldEvidenceScreen,adopted/pending field,C23,note,Empty/filled/focus/invalid/read-only as applicable; Required,color.surface;color.textPrimary;color.textSecondary;color.outlineControl;color.focus;color.errorInk,L05,P04,Finding description in listed S23 field order,Adopted notes bound4000; preserve full Unicode and lines; active required reasons nonblank; public/private explicit. Save: Explicit finding Save to parent Working/correction draft,Multiline text / sentence capitalization; Newline; label/required/helper/error spoken. Public; supplies corrective task public description B-007,field_s23_text,Finding description,Descriere constatare,field-s23-text,"T-F-S23-text: valid/empty/invalid/long Unicode, cancellation and interrupted-save cases."
F:S23-disposition,field,,S23,Finding,app/src/main/java/com/v16studio/serviceloop/ui/ServiceLoopApp.kt,C:S23 / QuestionBlock / FieldEvidenceScreen,adopted/pending field,C13,choice,Empty/filled/focus/invalid/read-only as applicable; Resolved during visit / Follow-up / No action,color.action;color.onAction;color.outlineControl;color.textPrimary;color.textSecondary;color.focus;color.disabledText,L05,P04,Disposition in listed S23 field order,Only declared supported enum values; no free-form arbitrary future interpretation. Save: Explicit finding Save to parent Working/correction draft,"Radio group / arrows select / Space confirms; label/required/helper/error spoken. Human judgement, not app endorsement",field_s23_disposition,Disposition,Dispoziție,field-s23-disposition,"T-F-S23-disposition: valid/empty/invalid/long Unicode, cancellation and interrupted-save cases."
F:S23-resolution,field,,S23,Finding,app/src/main/java/com/v16studio/serviceloop/ui/ServiceLoopApp.kt,C:S23 / QuestionBlock / FieldEvidenceScreen,adopted/pending field,C23,note,Empty/filled/focus/invalid/read-only as applicable; Resolved only,color.surface;color.textPrimary;color.textSecondary;color.outlineControl;color.focus;color.errorInk,L05,P04,Resolution/work note in listed S23 field order,Adopted notes bound4000; preserve full Unicode and lines; active required reasons nonblank; public/private explicit. Save: Explicit finding Save to parent Working/correction draft,Multiline text / sentence capitalization; Newline; label/required/helper/error spoken. required public explanation,field_s23_resolution,Resolution/work note,Notă rezolvare/lucrare,field-s23-resolution,"T-F-S23-resolution: valid/empty/invalid/long Unicode, cancellation and interrupted-save cases."
F:S23-reason,field,,S23,Finding,app/src/main/java/com/v16studio/serviceloop/ui/ServiceLoopApp.kt,C:S23 / QuestionBlock / FieldEvidenceScreen,adopted/pending field,C23,note,Empty/filled/focus/invalid/read-only as applicable; No action only,color.surface;color.textPrimary;color.textSecondary;color.outlineControl;color.focus;color.errorInk,L05,P04,No-further-action reason in listed S23 field order,Adopted notes bound4000; preserve full Unicode and lines; active required reasons nonblank; public/private explicit. Save: Explicit finding Save to parent Working/correction draft,Multiline text / sentence capitalization; Newline; label/required/helper/error spoken. Public judgement,field_s23_reason,No-further-action reason,Motiv fără acțiuni suplimentare,field-s23-reason,"T-F-S23-reason: valid/empty/invalid/long Unicode, cancellation and interrupted-save cases."
F:S23-link,field,,S23,Finding,app/src/main/java/com/v16studio/serviceloop/ui/ServiceLoopApp.kt,C:S23 / QuestionBlock / FieldEvidenceScreen,adopted/pending field,C09,picker,Empty/filled/focus/invalid/read-only as applicable; Required when follow-up needed,color.surface;color.textPrimary;color.textSecondary;color.icon;color.outlineDecorative;color.outlineControl;color.focus;color.errorInk,L05,P04,Corrective follow-up in listed S23 field order,"Choose stable eligible ID, not display string. Clear only for explicitly optional relation; parent validates again at save. Save: Explicit finding Save to parent Working/correction draft",No IME until searchable chooser; enter/space opens; label/required/helper/error spoken. Existing link or staged new proposal,field_s23_link,Corrective follow-up,Acțiune corectivă,field-s23-link,"T-F-S23-link: valid/empty/invalid/long Unicode, cancellation and interrupted-save cases."
F:S23-photos,field,,S23,Finding,app/src/main/java/com/v16studio/serviceloop/ui/ServiceLoopApp.kt,C:S23 / QuestionBlock / FieldEvidenceScreen,adopted/pending field,C24,photo,Empty/filled/focus/invalid/read-only as applicable; Optional,color.photoMat;color.surface;color.textPrimary;color.textSecondary;color.outlineDecorative;color.selection;color.selectionOutline,L05,P04,Finding photos in listed S23 field order,"Validate bytes/ownership before saved; preserve source normalizer (longest edge2560, no upscale), report inclusion explicit. Save: Explicit finding Save to parent Working/correction draft",External camera/selected-media handoff; label/required/helper/error spoken. Saved evidence; report inclusion separate,field_s23_photos,Finding photos,Fotografii constatare,field-s23-photos,"T-F-S23-photos: valid/empty/invalid/long Unicode, cancellation and interrupted-save cases."
F:D09-description,field,,D09,Part entry,app/src/main/java/com/v16studio/serviceloop/ui/DailyOperationsUi.kt,C:D09 / FieldEvidenceScreen,implemented field,C08,name,Empty/filled/focus/invalid/read-only as applicable; Required,color.surface;color.textPrimary;color.textSecondary;color.outlineControl;color.focus;color.errorInk;color.disabledContainer;color.disabledText,L11,P04,Part description in listed D09 field order,Trim only at submission; required when marked; adopted general name/title bound120; preserve source-specific stricter rule. Never silently truncate. Save: Explicit draft part Save,"Text / words capitalization; Next, last field Done; label/required/helper/error spoken. Public",field_d09_description,Part description,Descriere piesă,field-d09-description,"T-F-D09-description: valid/empty/invalid/long Unicode, cancellation and interrupted-save cases."
F:D09-quantity,field,,D09,Part entry,app/src/main/java/com/v16studio/serviceloop/ui/DailyOperationsUi.kt,C:D09 / FieldEvidenceScreen,implemented field,C08,quantity,Empty/filled/focus/invalid/read-only as applicable; Required default1,color.surface;color.textPrimary;color.textSecondary;color.outlineControl;color.focus;color.errorInk;color.disabledContainer;color.disabledText,L11,P13,Quantity in listed D09 field order,"Positive finite decimal, up to3 decimal places under adopted parts contract; locale comma accepted with unambiguous canonicalization. Save: Explicit draft part Save",Decimal numeric keyboard; Next; label/required/helper/error spoken. Public,field_d09_quantity,Quantity,Cantitate,field-d09-quantity,"T-F-D09-quantity: valid/empty/invalid/long Unicode, cancellation and interrupted-save cases."
F:D09-unit,field,,D09,Part entry,app/src/main/java/com/v16studio/serviceloop/ui/DailyOperationsUi.kt,C:D09 / FieldEvidenceScreen,implemented field,C08,unit,Empty/filled/focus/invalid/read-only as applicable; Required default piece/item per current saved default,color.surface;color.textPrimary;color.textSecondary;color.outlineControl;color.focus;color.errorInk;color.disabledContainer;color.disabledText,L11,P04,Unit in listed D09 field order,Required for numeric template or part; adopted max32; captured inspection unit readonly. Save: Explicit draft part Save,Text / no autocorrect; Next; label/required/helper/error spoken. Public,field_d09_unit,Unit,Unitate,field-d09-unit,"T-F-D09-unit: valid/empty/invalid/long Unicode, cancellation and interrupted-save cases."
F:D09-note,field,,D09,Part entry,app/src/main/java/com/v16studio/serviceloop/ui/DailyOperationsUi.kt,C:D09 / FieldEvidenceScreen,adopted/pending field,C08,short,Empty/filled/focus/invalid/read-only as applicable; Optional,color.surface;color.textPrimary;color.textSecondary;color.outlineControl;color.focus;color.errorInk;color.disabledContainer;color.disabledText,L11,P04,Part note in listed D09 field order,Plain text; adopted short explanation/guidance bound500 when that field is governed by U2. No markup execution. Save: Explicit draft part Save,Text / sentence capitalization; Next; label/required/helper/error spoken. max500/public,field_d09_note,Part note,Notă piesă,field-d09-note,"T-F-D09-note: valid/empty/invalid/long Unicode, cancellation and interrupted-save cases."
F:D04-caption,field,,D04,Photo workspace,app/src/main/java/com/v16studio/serviceloop/ui/DailyOperationsUi.kt,C:D04 / FieldEvidenceScreen / CorrectionScreen,implemented field,C08,short,Empty/filled/focus/invalid/read-only as applicable; Optional/max500,color.surface;color.textPrimary;color.textSecondary;color.outlineControl;color.focus;color.errorInk;color.disabledContainer;color.disabledText,L11,P04,Caption in listed D04 field order,"Plain text; adopted short explanation/guidance bound500 when that field is governed by U2. No markup execution. Save: Parent explicit-save or Working checkpoint, never viewer-close guessing",Text / sentence capitalization; Next; label/required/helper/error spoken. Public only when included,field_d04_caption,Caption,Legendă,field-d04-caption,"T-F-D04-caption: valid/empty/invalid/long Unicode, cancellation and interrupted-save cases."
F:D04-include,field,,D04,Photo workspace,app/src/main/java/com/v16studio/serviceloop/ui/DailyOperationsUi.kt,C:D04 / FieldEvidenceScreen / CorrectionScreen,implemented field,C13,checkbox,Empty/filled/focus/invalid/read-only as applicable; Default Off for working evidence,color.action;color.onAction;color.outlineControl;color.textPrimary;color.textSecondary;color.focus;color.disabledText,L11,P04,Include in customer report in listed D04 field order,"Boolean/selection buffer only unless immediate setting explicitly specified; dependent constraints checked before commit. Save: Parent explicit-save or Working checkpoint, never viewer-close guessing",Checkbox / Space toggles; label/required/helper/error spoken. Separate from image ownership,field_d04_include,Include in customer report,Include în raportul pentru client,field-d04-include,"T-F-D04-include: valid/empty/invalid/long Unicode, cancellation and interrupted-save cases."
F:S24-outcome,field,,S24,Review completion,app/src/main/java/com/v16studio/serviceloop/ui/ServiceLoopApp.kt,C:S24 / CompletionReviewScreen / CompletionLineCard,implemented field,C13,choice,Empty/filled/focus/invalid/read-only as applicable; Performed/Partly/Not performed required,color.action;color.onAction;color.outlineControl;color.textPrimary;color.textSecondary;color.focus;color.disabledText,L07,P04,Work outcome in listed S24 field order,"Only declared supported enum values; no free-form arbitrary future interpretation. Save: Saved review choices, business effects only at Finalize",Radio group / arrows select / Space confirms; label/required/helper/error spoken. No auto-fulfillment,field_s24_outcome,Work outcome,Rezultatul lucrării,field-s24-outcome,"T-F-S24-outcome: valid/empty/invalid/long Unicode, cancellation and interrupted-save cases."
F:S24-reason,field,,S24,Review completion,app/src/main/java/com/v16studio/serviceloop/ui/ServiceLoopApp.kt,C:S24 / CompletionReviewScreen / CompletionLineCard,implemented field,C23,note,Empty/filled/focus/invalid/read-only as applicable; Required where active validation demands,color.surface;color.textPrimary;color.textSecondary;color.outlineControl;color.focus;color.errorInk,L07,P04,Incomplete/not-performed reason in listed S24 field order,"Adopted notes bound4000; preserve full Unicode and lines; active required reasons nonblank; public/private explicit. Save: Saved review choices, business effects only at Finalize",Multiline text / sentence capitalization; Newline; label/required/helper/error spoken. Public,field_s24_reason,Incomplete/not-performed reason,Motiv lucrare incompletă/neefectuată,field-s24-reason,"T-F-S24-reason: valid/empty/invalid/long Unicode, cancellation and interrupted-save cases."
F:S24-fulfill,field,,S24,Review completion,app/src/main/java/com/v16studio/serviceloop/ui/ServiceLoopApp.kt,C:S24 / CompletionReviewScreen / CompletionLineCard,implemented field,C13,checkbox,Empty/filled/focus/invalid/read-only as applicable; Initially Off; only eligible,color.action;color.onAction;color.outlineControl;color.textPrimary;color.textSecondary;color.focus;color.disabledText,L07,P04,Fulfills current obligation in listed S24 field order,"Boolean/selection buffer only unless immediate setting explicitly specified; dependent constraints checked before commit. Save: Saved review choices, business effects only at Finalize",Checkbox / Space toggles; label/required/helper/error spoken. Explicit recurrence effect,field_s24_fulfill,Fulfills current obligation,Îndeplinește obligația curentă,field-s24-fulfill,"T-F-S24-fulfill: valid/empty/invalid/long Unicode, cancellation and interrupted-save cases."
F:S24-next,field,,S24,Review completion,app/src/main/java/com/v16studio/serviceloop/ui/ServiceLoopApp.kt,C:S24 / CompletionReviewScreen / CompletionLineCard,implemented field,C30,date,Empty/filled/focus/invalid/read-only as applicable; When fulfilling,color.surfaceRaised;color.textPrimary;color.textSecondary;color.action;color.selection;color.outlineControl;color.errorInk;color.focus,L07,P13,Confirmed next due in listed S24 field order,"Adopted date policy per parent; no future actual date; From<=To; reject invalid calendar values; no invisible date rollover. Save: Saved review choices, business effects only at Finalize",Date picker plus explicit manual ISO alternative; Next; label/required/helper/error spoken. Actual+captured interval or reasoned override,field_s24_next,Confirmed next due,Următoarea scadență confirmată,field-s24-next,"T-F-S24-next: valid/empty/invalid/long Unicode, cancellation and interrupted-save cases."
F:S24-override,field,,S24,Review completion,app/src/main/java/com/v16studio/serviceloop/ui/ServiceLoopApp.kt,C:S24 / CompletionReviewScreen / CompletionLineCard,implemented field,C23,note,Empty/filled/focus/invalid/read-only as applicable; Manual next-date only,color.surface;color.textPrimary;color.textSecondary;color.outlineControl;color.focus;color.errorInk,L07,P04,Override reason in listed S24 field order,"Adopted notes bound4000; preserve full Unicode and lines; active required reasons nonblank; public/private explicit. Save: Saved review choices, business effects only at Finalize",Multiline text / sentence capitalization; Newline; label/required/helper/error spoken. Retained history,field_s24_override,Override reason,Motiv derogare,field-s24-override,"T-F-S24-override: valid/empty/invalid/long Unicode, cancellation and interrupted-save cases."
F:S24-followup,field,,S24,Review completion,app/src/main/java/com/v16studio/serviceloop/ui/ServiceLoopApp.kt,C:S24 / CompletionReviewScreen / CompletionLineCard,adopted/pending field,C13,choice,Empty/filled/focus/invalid/read-only as applicable; Default Keep open,color.action;color.onAction;color.outlineControl;color.textPrimary;color.textSecondary;color.focus;color.disabledText,L07,P04,Keep open / Resolve in listed S24 field order,"Only declared supported enum values; no free-form arbitrary future interpretation. Save: Saved review choices, business effects only at Finalize","Radio group / arrows select / Space confirms; label/required/helper/error spoken. Staged effect, not standalone completion",field_s24_followup,Keep open / Resolve,Lasă deschisă / Rezolvă,field-s24-followup,"T-F-S24-followup: valid/empty/invalid/long Unicode, cancellation and interrupted-save cases."
F:S24-photos,field,,S24,Review completion,app/src/main/java/com/v16studio/serviceloop/ui/ServiceLoopApp.kt,C:S24 / CompletionReviewScreen / CompletionLineCard,adopted/pending field,C13,checkbox,Empty/filled/focus/invalid/read-only as applicable; Per eligible saved photo,color.action;color.onAction;color.outlineControl;color.textPrimary;color.textSecondary;color.focus;color.disabledText,L07,P04,Report photo selection in listed S24 field order,"Boolean/selection buffer only unless immediate setting explicitly specified; dependent constraints checked before commit. Save: Saved review choices, business effects only at Finalize",Checkbox / Space toggles; label/required/helper/error spoken. Public selection only,field_s24_photos,Report photo selection,Selecție fotografii raport,field-s24-photos,"T-F-S24-photos: valid/empty/invalid/long Unicode, cancellation and interrupted-save cases."
F:S26-reason,field,,S26,Correction and void,app/src/main/java/com/v16studio/serviceloop/ui/Stage4Ui.kt,C:S26 / CorrectionScreen,implemented field,C23,note,Empty/filled/focus/invalid/read-only as applicable; Required,color.surface;color.textPrimary;color.textSecondary;color.outlineControl;color.focus;color.errorInk,L06,P04,Correction reason in listed S26 field order,Adopted notes bound4000; preserve full Unicode and lines; active required reasons nonblank; public/private explicit. Save: Durable correction draft; Commit applies revision/effects,Multiline text / sentence capitalization; Newline; label/required/helper/error spoken. Version history,field_s26_reason,Correction reason,Motivul corecției,field-s26-reason,"T-F-S26-reason: valid/empty/invalid/long Unicode, cancellation and interrupted-save cases."
F:S26-actual,field,,S26,Correction and void,app/src/main/java/com/v16studio/serviceloop/ui/Stage4Ui.kt,C:S26 / CorrectionScreen,implemented field,C30,pastdate,Empty/filled/focus/invalid/read-only as applicable; Required,color.surfaceRaised;color.textPrimary;color.textSecondary;color.action;color.selection;color.outlineControl;color.errorInk;color.focus,L06,P13,Actual service date in listed S26 field order,Real calendar date not after business Today; history/date eligibility checks remain repository-owned. Save: Durable correction draft; Commit applies revision/effects,Date picker / manual alternative; Next; label/required/helper/error spoken. Captured historical date with ordering guards,field_s26_actual,Actual service date,Data efectivă a serviciului,field-s26-actual,"T-F-S26-actual: valid/empty/invalid/long Unicode, cancellation and interrupted-save cases."
F:S26-customer,field,,S26,Correction and void,app/src/main/java/com/v16studio/serviceloop/ui/Stage4Ui.kt,C:S26 / CorrectionScreen,implemented field,C08,name,Empty/filled/focus/invalid/read-only as applicable; Required identity text,color.surface;color.textPrimary;color.textSecondary;color.outlineControl;color.focus;color.errorInk;color.disabledContainer;color.disabledText,L06,P04,Historical customer text in listed S26 field order,Trim only at submission; required when marked; adopted general name/title bound120; preserve source-specific stricter rule. Never silently truncate. Save: Durable correction draft; Commit applies revision/effects,"Text / words capitalization; Next, last field Done; label/required/helper/error spoken. Subject link fixed",field_s26_customer,Historical customer text,Text istoric client,field-s26-customer,"T-F-S26-customer: valid/empty/invalid/long Unicode, cancellation and interrupted-save cases."
F:S26-site,field,,S26,Correction and void,app/src/main/java/com/v16studio/serviceloop/ui/Stage4Ui.kt,C:S26 / CorrectionScreen,implemented field,C08,name,Empty/filled/focus/invalid/read-only as applicable; Required identity text,color.surface;color.textPrimary;color.textSecondary;color.outlineControl;color.focus;color.errorInk;color.disabledContainer;color.disabledText,L06,P04,Historical site text in listed S26 field order,Trim only at submission; required when marked; adopted general name/title bound120; preserve source-specific stricter rule. Never silently truncate. Save: Durable correction draft; Commit applies revision/effects,"Text / words capitalization; Next, last field Done; label/required/helper/error spoken. Subject link fixed",field_s26_site,Historical site text,Text istoric locație,field-s26-site,"T-F-S26-site: valid/empty/invalid/long Unicode, cancellation and interrupted-save cases."
F:S26-address,field,,S26,Correction and void,app/src/main/java/com/v16studio/serviceloop/ui/Stage4Ui.kt,C:S26 / CorrectionScreen,implemented field,C08,short,Empty/filled/focus/invalid/read-only as applicable; Optional,color.surface;color.textPrimary;color.textSecondary;color.outlineControl;color.focus;color.errorInk;color.disabledContainer;color.disabledText,L06,P04,Historical address in listed S26 field order,Plain text; adopted short explanation/guidance bound500 when that field is governed by U2. No markup execution. Save: Durable correction draft; Commit applies revision/effects,Text / sentence capitalization; Next; label/required/helper/error spoken. Snapshot only,field_s26_address,Historical address,Adresă istorică,field-s26-address,"T-F-S26-address: valid/empty/invalid/long Unicode, cancellation and interrupted-save cases."
F:S26-work,field,,S26,Correction and void,app/src/main/java/com/v16studio/serviceloop/ui/Stage4Ui.kt,C:S26 / CorrectionScreen,implemented field,C23,note,Empty/filled/focus/invalid/read-only as applicable; Outcome-dependent,color.surface;color.textPrimary;color.textSecondary;color.outlineControl;color.focus;color.errorInk,L06,P04,Corrected public work in listed S26 field order,Adopted notes bound4000; preserve full Unicode and lines; active required reasons nonblank; public/private explicit. Save: Durable correction draft; Commit applies revision/effects,Multiline text / sentence capitalization; Newline; label/required/helper/error spoken. Public,field_s26_work,Corrected public work,Lucrare publică corectată,field-s26-work,"T-F-S26-work: valid/empty/invalid/long Unicode, cancellation and interrupted-save cases."
F:S26-private,field,,S26,Correction and void,app/src/main/java/com/v16studio/serviceloop/ui/Stage4Ui.kt,C:S26 / CorrectionScreen,implemented field,C23,note,Empty/filled/focus/invalid/read-only as applicable; Optional,color.surface;color.textPrimary;color.textSecondary;color.outlineControl;color.focus;color.errorInk,L06,P04,Internal correction note in listed S26 field order,Adopted notes bound4000; preserve full Unicode and lines; active required reasons nonblank; public/private explicit. Save: Durable correction draft; Commit applies revision/effects,Multiline text / sentence capitalization; Newline; label/required/helper/error spoken. Private,field_s26_private,Internal correction note,Notă internă corecție,field-s26-private,"T-F-S26-private: valid/empty/invalid/long Unicode, cancellation and interrupted-save cases."
F:S26-next,field,,S26,Correction and void,app/src/main/java/com/v16studio/serviceloop/ui/Stage4Ui.kt,C:S26 / CorrectionScreen,implemented field,C30,date,Empty/filled/focus/invalid/read-only as applicable; Only relevant reconciliation,color.surfaceRaised;color.textPrimary;color.textSecondary;color.action;color.selection;color.outlineControl;color.errorInk;color.focus,L06,P13,Proposed next due in listed S26 field order,Adopted date policy per parent; no future actual date; From<=To; reject invalid calendar values; no invisible date rollover. Save: Durable correction draft; Commit applies revision/effects,Date picker plus explicit manual ISO alternative; Next; label/required/helper/error spoken. No consume-next-obligation shortcut,field_s26_next,Proposed next due,Următoarea scadență propusă,field-s26-next,"T-F-S26-next: valid/empty/invalid/long Unicode, cancellation and interrupted-save cases."
F:S26-retain,field,,S26,Correction and void,app/src/main/java/com/v16studio/serviceloop/ui/Stage4Ui.kt,C:S26 / CorrectionScreen,implemented field,C13,choice,Empty/filled/focus/invalid/read-only as applicable; Explicit per affected plan,color.action;color.onAction;color.outlineControl;color.textPrimary;color.textSecondary;color.focus;color.disabledText,L06,P04,Calculate / Retain-manual in listed S26 field order,Only declared supported enum values; no free-form arbitrary future interpretation. Save: Durable correction draft; Commit applies revision/effects,Radio group / arrows select / Space confirms; label/required/helper/error spoken. Guards block unavailable effects,field_s26_retain,Calculate / Retain-manual,Calculează / Păstrează-manual,field-s26-retain,"T-F-S26-retain: valid/empty/invalid/long Unicode, cancellation and interrupted-save cases."
F:S26-override,field,,S26,Correction and void,app/src/main/java/com/v16studio/serviceloop/ui/Stage4Ui.kt,C:S26 / CorrectionScreen,implemented field,C23,note,Empty/filled/focus/invalid/read-only as applicable; Manual retention/override,color.surface;color.textPrimary;color.textSecondary;color.outlineControl;color.focus;color.errorInk,L06,P04,Reconciliation reason in listed S26 field order,Adopted notes bound4000; preserve full Unicode and lines; active required reasons nonblank; public/private explicit. Save: Durable correction draft; Commit applies revision/effects,Multiline text / sentence capitalization; Newline; label/required/helper/error spoken. Retained history,field_s26_override,Reconciliation reason,Motiv reconciliere,field-s26-override,"T-F-S26-override: valid/empty/invalid/long Unicode, cancellation and interrupted-save cases."
F:S26-ack,field,,S26,Correction and void,app/src/main/java/com/v16studio/serviceloop/ui/Stage4Ui.kt,C:S26 / CorrectionScreen,implemented field,C13,checkbox,Empty/filled/focus/invalid/read-only as applicable; Required as adopted,color.action;color.onAction;color.outlineControl;color.textPrimary;color.textSecondary;color.focus;color.disabledText,L06,P04,Reviewed schedule effect in listed S26 field order,Boolean/selection buffer only unless immediate setting explicitly specified; dependent constraints checked before commit. Save: Durable correction draft; Commit applies revision/effects,Checkbox / Space toggles; label/required/helper/error spoken. Not generic all-completed,field_s26_ack,Reviewed schedule effect,Am revizuit efectul asupra planului,field-s26-ack,"T-F-S26-ack: valid/empty/invalid/long Unicode, cancellation and interrupted-save cases."
F:S26-voidpublic,field,,S26,Correction and void,app/src/main/java/com/v16studio/serviceloop/ui/Stage4Ui.kt,C:S26 / CorrectionScreen,adopted/pending field,C23,note,Empty/filled/focus/invalid/read-only as applicable; Void required,color.surface;color.textPrimary;color.textSecondary;color.outlineControl;color.focus;color.errorInk,L06,P04,Public void explanation in listed S26 field order,Adopted notes bound4000; preserve full Unicode and lines; active required reasons nonblank; public/private explicit. Save: Durable correction draft; Commit applies revision/effects,Multiline text / sentence capitalization; Newline; label/required/helper/error spoken. Public notice,field_s26_voidpublic,Public void explanation,Explicație publică invalidare,field-s26-voidpublic,"T-F-S26-voidpublic: valid/empty/invalid/long Unicode, cancellation and interrupted-save cases."
F:S26-voidprivate,field,,S26,Correction and void,app/src/main/java/com/v16studio/serviceloop/ui/Stage4Ui.kt,C:S26 / CorrectionScreen,adopted/pending field,C23,note,Empty/filled/focus/invalid/read-only as applicable; Optional,color.surface;color.textPrimary;color.textSecondary;color.outlineControl;color.focus;color.errorInk,L06,P04,Private void detail in listed S26 field order,Adopted notes bound4000; preserve full Unicode and lines; active required reasons nonblank; public/private explicit. Save: Durable correction draft; Commit applies revision/effects,Multiline text / sentence capitalization; Newline; label/required/helper/error spoken. Never implicitly copied to public,field_s26_voidprivate,Private void detail,Detalii private invalidare,field-s26-voidprivate,"T-F-S26-voidprivate: valid/empty/invalid/long Unicode, cancellation and interrupted-save cases."
F:S28-type,field,,S28,Follow-up editor,app/src/main/java/com/v16studio/serviceloop/ui/DailyOperationsUi.kt,C:S28 / FollowUpEditorScreen,implemented field,C13,choice,Empty/filled/focus/invalid/read-only as applicable; Contact/Corrective,color.action;color.onAction;color.outlineControl;color.textPrimary;color.textSecondary;color.focus;color.disabledText,L05,P04,Follow-up type in listed S28 field order,Only declared supported enum values; no free-form arbitrary future interpretation. Save: Standalone Save commits; child Use follow-up stages parent,Radio group / arrows select / Space confirms; label/required/helper/error spoken. No arbitrary categories,field_s28_type,Follow-up type,Tip acțiune de urmărire,field-s28-type,"T-F-S28-type: valid/empty/invalid/long Unicode, cancellation and interrupted-save cases."
F:S28-name,field,,S28,Follow-up editor,app/src/main/java/com/v16studio/serviceloop/ui/DailyOperationsUi.kt,C:S28 / FollowUpEditorScreen,implemented field,C08,name,Empty/filled/focus/invalid/read-only as applicable; Required,color.surface;color.textPrimary;color.textSecondary;color.outlineControl;color.focus;color.errorInk;color.disabledContainer;color.disabledText,L05,P04,Title in listed S28 field order,Trim only at submission; required when marked; adopted general name/title bound120; preserve source-specific stricter rule. Never silently truncate. Save: Standalone Save commits; child Use follow-up stages parent,"Text / words capitalization; Next, last field Done; label/required/helper/error spoken. Task identity",field_s28_name,Title,Titlu,field-s28-name,"T-F-S28-name: valid/empty/invalid/long Unicode, cancellation and interrupted-save cases."
F:S28-due,field,,S28,Follow-up editor,app/src/main/java/com/v16studio/serviceloop/ui/DailyOperationsUi.kt,C:S28 / FollowUpEditorScreen,implemented field,C30,date,Empty/filled/focus/invalid/read-only as applicable; Required; past allowed with warning,color.surfaceRaised;color.textPrimary;color.textSecondary;color.action;color.selection;color.outlineControl;color.errorInk;color.focus,L05,P13,Follow-up date in listed S28 field order,Adopted date policy per parent; no future actual date; From<=To; reject invalid calendar values; no invisible date rollover. Save: Standalone Save commits; child Use follow-up stages parent,"Date picker plus explicit manual ISO alternative; Next; label/required/helper/error spoken. Task date, not service-plan date",field_s28_due,Follow-up date,Data acțiunii,field-s28-due,"T-F-S28-due: valid/empty/invalid/long Unicode, cancellation and interrupted-save cases."
F:S28-customer,field,,S28,Follow-up editor,app/src/main/java/com/v16studio/serviceloop/ui/DailyOperationsUi.kt,C:S28 / FollowUpEditorScreen,adopted/pending field,C09,picker,Empty/filled/focus/invalid/read-only as applicable; Required,color.surface;color.textPrimary;color.textSecondary;color.icon;color.outlineDecorative;color.outlineControl;color.focus;color.errorInk,L05,P04,Customer in listed S28 field order,"Choose stable eligible ID, not display string. Clear only for explicitly optional relation; parent validates again at save. Save: Standalone Save commits; child Use follow-up stages parent",No IME until searchable chooser; enter/space opens; label/required/helper/error spoken. Context,field_s28_customer,Customer,Client,field-s28-customer,"T-F-S28-customer: valid/empty/invalid/long Unicode, cancellation and interrupted-save cases."
F:S28-site,field,,S28,Follow-up editor,app/src/main/java/com/v16studio/serviceloop/ui/DailyOperationsUi.kt,C:S28 / FollowUpEditorScreen,adopted/pending field,C09,picker,Empty/filled/focus/invalid/read-only as applicable; Corrective required; Contact optional,color.surface;color.textPrimary;color.textSecondary;color.icon;color.outlineDecorative;color.outlineControl;color.focus;color.errorInk,L05,P04,Site in listed S28 field order,"Choose stable eligible ID, not display string. Clear only for explicitly optional relation; parent validates again at save. Save: Standalone Save commits; child Use follow-up stages parent",No IME until searchable chooser; enter/space opens; label/required/helper/error spoken. Context,field_s28_site,Site,Locație,field-s28-site,"T-F-S28-site: valid/empty/invalid/long Unicode, cancellation and interrupted-save cases."
F:S28-equipment,field,,S28,Follow-up editor,app/src/main/java/com/v16studio/serviceloop/ui/DailyOperationsUi.kt,C:S28 / FollowUpEditorScreen,adopted/pending field,C09,picker,Empty/filled/focus/invalid/read-only as applicable; Corrective required; Contact optional,color.surface;color.textPrimary;color.textSecondary;color.icon;color.outlineDecorative;color.outlineControl;color.focus;color.errorInk,L05,P04,Equipment in listed S28 field order,"Choose stable eligible ID, not display string. Clear only for explicitly optional relation; parent validates again at save. Save: Standalone Save commits; child Use follow-up stages parent",No IME until searchable chooser; enter/space opens; label/required/helper/error spoken. Context,field_s28_equipment,Equipment,Echipament,field-s28-equipment,"T-F-S28-equipment: valid/empty/invalid/long Unicode, cancellation and interrupted-save cases."
F:S28-notes,field,,S28,Follow-up editor,app/src/main/java/com/v16studio/serviceloop/ui/DailyOperationsUi.kt,C:S28 / FollowUpEditorScreen,implemented field,C23,note,Empty/filled/focus/invalid/read-only as applicable; Optional,color.surface;color.textPrimary;color.textSecondary;color.outlineControl;color.focus;color.errorInk,L05,P04,Internal task notes in listed S28 field order,Adopted notes bound4000; preserve full Unicode and lines; active required reasons nonblank; public/private explicit. Save: Standalone Save commits; child Use follow-up stages parent,Multiline text / sentence capitalization; Newline; label/required/helper/error spoken. Private,field_s28_notes,Internal task notes,Note interne acțiune,field-s28-notes,"T-F-S28-notes: valid/empty/invalid/long Unicode, cancellation and interrupted-save cases."
F:S28-reason,field,,S28,Follow-up editor,app/src/main/java/com/v16studio/serviceloop/ui/DailyOperationsUi.kt,C:S28 / FollowUpEditorScreen,adopted/pending field,C23,note,Empty/filled/focus/invalid/read-only as applicable; Changed existing due,color.surface;color.textPrimary;color.textSecondary;color.outlineControl;color.focus;color.errorInk,L05,P04,Reason for date change in listed S28 field order,Adopted notes bound4000; preserve full Unicode and lines; active required reasons nonblank; public/private explicit. Save: Standalone Save commits; child Use follow-up stages parent,Multiline text / sentence capitalization; Newline; label/required/helper/error spoken. History,field_s28_reason,Reason for date change,Motivul schimbării datei,field-s28-reason,"T-F-S28-reason: valid/empty/invalid/long Unicode, cancellation and interrupted-save cases."
F:D07-outcome,field,,D07,Close or reopen follow-up,app/src/main/java/com/v16studio/serviceloop/ui/DailyOperationsUi.kt,C:D07 / FollowUpDetailScreen,implemented field,C23,note,Empty/filled/focus/invalid/read-only as applicable; Resolve required,color.surface;color.textPrimary;color.textSecondary;color.outlineControl;color.focus;color.errorInk,L11,P04,Outcome note in listed D07 field order,Adopted notes bound4000; preserve full Unicode and lines; active required reasons nonblank; public/private explicit. Save: Standalone writes immediately; parent review stages effect,Multiline text / sentence capitalization; Newline; label/required/helper/error spoken. Closure history,field_d07_outcome,Outcome note,Notă rezultat,field-d07-outcome,"T-F-D07-outcome: valid/empty/invalid/long Unicode, cancellation and interrupted-save cases."
F:D07-date,field,,D07,Close or reopen follow-up,app/src/main/java/com/v16studio/serviceloop/ui/DailyOperationsUi.kt,C:D07 / FollowUpDetailScreen,adopted/pending field,C30,pastdate,Empty/filled/focus/invalid/read-only as applicable; Resolve required,color.surfaceRaised;color.textPrimary;color.textSecondary;color.action;color.selection;color.outlineControl;color.errorInk;color.focus,L11,P13,Resolved date in listed D07 field order,Real calendar date not after business Today; history/date eligibility checks remain repository-owned. Save: Standalone writes immediately; parent review stages effect,"Date picker / manual alternative; Next; label/required/helper/error spoken. Task closure, not service date",field_d07_date,Resolved date,Data rezolvării,field-d07-date,"T-F-D07-date: valid/empty/invalid/long Unicode, cancellation and interrupted-save cases."
F:D07-cancel,field,,D07,Close or reopen follow-up,app/src/main/java/com/v16studio/serviceloop/ui/DailyOperationsUi.kt,C:D07 / FollowUpDetailScreen,implemented field,C23,note,Empty/filled/focus/invalid/read-only as applicable; Cancel required,color.surface;color.textPrimary;color.textSecondary;color.outlineControl;color.focus;color.errorInk,L11,P04,Cancellation reason in listed D07 field order,Adopted notes bound4000; preserve full Unicode and lines; active required reasons nonblank; public/private explicit. Save: Standalone writes immediately; parent review stages effect,Multiline text / sentence capitalization; Newline; label/required/helper/error spoken. History,field_d07_cancel,Cancellation reason,Motiv anulare,field-d07-cancel,"T-F-D07-cancel: valid/empty/invalid/long Unicode, cancellation and interrupted-save cases."
F:D07-reopen,field,,D07,Close or reopen follow-up,app/src/main/java/com/v16studio/serviceloop/ui/DailyOperationsUi.kt,C:D07 / FollowUpDetailScreen,implemented field,C23,note,Empty/filled/focus/invalid/read-only as applicable; Reopen required,color.surface;color.textPrimary;color.textSecondary;color.outlineControl;color.focus;color.errorInk,L11,P04,Reopen reason in listed D07 field order,Adopted notes bound4000; preserve full Unicode and lines; active required reasons nonblank; public/private explicit. Save: Standalone writes immediately; parent review stages effect,Multiline text / sentence capitalization; Newline; label/required/helper/error spoken. History,field_d07_reopen,Reopen reason,Motiv redeschidere,field-d07-reopen,"T-F-D07-reopen: valid/empty/invalid/long Unicode, cancellation and interrupted-save cases."
F:D07-next,field,,D07,Close or reopen follow-up,app/src/main/java/com/v16studio/serviceloop/ui/DailyOperationsUi.kt,C:D07 / FollowUpDetailScreen,implemented field,C30,date,Empty/filled/focus/invalid/read-only as applicable; Reopen required,color.surfaceRaised;color.textPrimary;color.textSecondary;color.action;color.selection;color.outlineControl;color.errorInk;color.focus,L11,P13,New follow-up date in listed D07 field order,Adopted date policy per parent; no future actual date; From<=To; reject invalid calendar values; no invisible date rollover. Save: Standalone writes immediately; parent review stages effect,Date picker plus explicit manual ISO alternative; Next; label/required/helper/error spoken. Task date,field_d07_next,New follow-up date,Noua dată a acțiunii,field-d07-next,"T-F-D07-next: valid/empty/invalid/long Unicode, cancellation and interrupted-save cases."
F:S29-customer,field,,S29,Contact or sharing note,app/src/main/java/com/v16studio/serviceloop/ui/DailyOperationsUi.kt,C:S29 / ContactNoteEditorScreen / ContactNoteScreen,implemented field,C09,picker,Empty/filled/focus/invalid/read-only as applicable; Required,color.surface;color.textPrimary;color.textSecondary;color.icon;color.outlineDecorative;color.outlineControl;color.focus;color.errorInk,L05,P04,Customer in listed S29 field order,"Choose stable eligible ID, not display string. Clear only for explicitly optional relation; parent validates again at save. Save: Explicit parent Save",No IME until searchable chooser; enter/space opens; label/required/helper/error spoken. Actual contact context,field_s29_customer,Customer,Client,field-s29-customer,"T-F-S29-customer: valid/empty/invalid/long Unicode, cancellation and interrupted-save cases."
F:S29-links,field,,S29,Contact or sharing note,app/src/main/java/com/v16studio/serviceloop/ui/DailyOperationsUi.kt,C:S29 / ContactNoteEditorScreen / ContactNoteScreen,adopted/pending field,C09,picker,Empty/filled/focus/invalid/read-only as applicable; Optional actual context,color.surface;color.textPrimary;color.textSecondary;color.icon;color.outlineDecorative;color.outlineControl;color.focus;color.errorInk,L05,P04,Related records in listed S29 field order,"Choose stable eligible ID, not display string. Clear only for explicitly optional relation; parent validates again at save. Save: Explicit parent Save",No IME until searchable chooser; enter/space opens; label/required/helper/error spoken. No fabricated record link,field_s29_links,Related records,Înregistrări asociate,field-s29-links,"T-F-S29-links: valid/empty/invalid/long Unicode, cancellation and interrupted-save cases."
F:S29-channel,field,,S29,Contact or sharing note,app/src/main/java/com/v16studio/serviceloop/ui/DailyOperationsUi.kt,C:S29 / ContactNoteEditorScreen / ContactNoteScreen,implemented field,C13,choice,Empty/filled/focus/invalid/read-only as applicable; Call/Text/Email/In person/Other,color.action;color.onAction;color.outlineControl;color.textPrimary;color.textSecondary;color.focus;color.disabledText,L05,P04,Contact channel in listed S29 field order,Only declared supported enum values; no free-form arbitrary future interpretation. Save: Explicit parent Save,Radio group / arrows select / Space confirms; label/required/helper/error spoken. Manual event,field_s29_channel,Contact channel,Canal contactare,field-s29-channel,"T-F-S29-channel: valid/empty/invalid/long Unicode, cancellation and interrupted-save cases."
F:S29-occurred,field,,S29,Contact or sharing note,app/src/main/java/com/v16studio/serviceloop/ui/DailyOperationsUi.kt,C:S29 / ContactNoteEditorScreen / ContactNoteScreen,adopted/pending field,C30,pastdate,Empty/filled/focus/invalid/read-only as applicable; Nonfuture actual date/time,color.surfaceRaised;color.textPrimary;color.textSecondary;color.action;color.selection;color.outlineControl;color.errorInk;color.focus,L05,P13,Occurred on in listed S29 field order,Real calendar date not after business Today; history/date eligibility checks remain repository-owned. Save: Explicit parent Save,Date picker / manual alternative; Next; label/required/helper/error spoken. Event timestamp separate from created timestamp,field_s29_occurred,Occurred on,A avut loc la,field-s29-occurred,"T-F-S29-occurred: valid/empty/invalid/long Unicode, cancellation and interrupted-save cases."
F:S29-outcome,field,,S29,Contact or sharing note,app/src/main/java/com/v16studio/serviceloop/ui/DailyOperationsUi.kt,C:S29 / ContactNoteEditorScreen / ContactNoteScreen,implemented field,C23,note,Empty/filled/focus/invalid/read-only as applicable; Required,color.surface;color.textPrimary;color.textSecondary;color.outlineControl;color.focus;color.errorInk,L05,P04,Actual outcome in listed S29 field order,Adopted notes bound4000; preserve full Unicode and lines; active required reasons nonblank; public/private explicit. Save: Explicit parent Save,"Multiline text / sentence capitalization; Newline; label/required/helper/error spoken. Manual statement, not app verification",field_s29_outcome,Actual outcome,Rezultat efectiv,field-s29-outcome,"T-F-S29-outcome: valid/empty/invalid/long Unicode, cancellation and interrupted-save cases."
F:S29-notes,field,,S29,Contact or sharing note,app/src/main/java/com/v16studio/serviceloop/ui/DailyOperationsUi.kt,C:S29 / ContactNoteEditorScreen / ContactNoteScreen,implemented field,C23,note,Empty/filled/focus/invalid/read-only as applicable; Optional except Other explanation,color.surface;color.textPrimary;color.textSecondary;color.outlineControl;color.focus;color.errorInk,L05,P04,Internal details in listed S29 field order,Adopted notes bound4000; preserve full Unicode and lines; active required reasons nonblank; public/private explicit. Save: Explicit parent Save,Multiline text / sentence capitalization; Newline; label/required/helper/error spoken. Private,field_s29_notes,Internal details,Detalii interne,field-s29-notes,"T-F-S29-notes: valid/empty/invalid/long Unicode, cancellation and interrupted-save cases."
F:S29-followup,field,,S29,Contact or sharing note,app/src/main/java/com/v16studio/serviceloop/ui/DailyOperationsUi.kt,C:S29 / ContactNoteEditorScreen / ContactNoteScreen,adopted/pending field,C13,checkbox,Empty/filled/focus/invalid/read-only as applicable; Default Off,color.action;color.onAction;color.outlineControl;color.textPrimary;color.textSecondary;color.focus;color.disabledText,L05,P04,Create follow-up in listed S29 field order,Boolean/selection buffer only unless immediate setting explicitly specified; dependent constraints checked before commit. Save: Explicit parent Save,Checkbox / Space toggles; label/required/helper/error spoken. Stages child until contact Save,field_s29_followup,Create follow-up,Creează acțiune de urmărire,field-s29-followup,"T-F-S29-followup: valid/empty/invalid/long Unicode, cancellation and interrupted-save cases."
F:S29-error,field,,S29,Contact or sharing note,app/src/main/java/com/v16studio/serviceloop/ui/DailyOperationsUi.kt,C:S29 / ContactNoteEditorScreen / ContactNoteScreen,implemented field,C23,note,Empty/filled/focus/invalid/read-only as applicable; When marking saved note erroneous,color.surface;color.textPrimary;color.textSecondary;color.outlineControl;color.focus;color.errorInk,L05,P04,Entered-in-error reason in listed S29 field order,Adopted notes bound4000; preserve full Unicode and lines; active required reasons nonblank; public/private explicit. Save: Explicit parent Save,Multiline text / sentence capitalization; Newline; label/required/helper/error spoken. Historical correction; no hard delete,field_s29_error,Entered-in-error reason,Motiv introducere eronată,field-s29-error,"T-F-S29-error: valid/empty/invalid/long Unicode, cancellation and interrupted-save cases."
F:S31-business,field,,S31,Business and report identity,app/src/main/java/com/v16studio/serviceloop/ui/ServiceLoopApp.kt,C:S31 / BusinessProfileScreen,implemented field,C08,name,Empty/filled/focus/invalid/read-only as applicable; Required before finalization,color.surface;color.textPrimary;color.textSecondary;color.outlineControl;color.focus;color.errorInk;color.disabledContainer;color.disabledText,L05,P04,Business/display name in listed S31 field order,Trim only at submission; required when marked; adopted general name/title bound120; preserve source-specific stricter rule. Never silently truncate. Save: Explicit parent Save,"Text / words capitalization; Next, last field Done; label/required/helper/error spoken. Report identity",field_s31_business,Business/display name,Denumire firmă/nume afișat,field-s31-business,"T-F-S31-business: valid/empty/invalid/long Unicode, cancellation and interrupted-save cases."
F:S31-technician,field,,S31,Business and report identity,app/src/main/java/com/v16studio/serviceloop/ui/ServiceLoopApp.kt,C:S31 / BusinessProfileScreen,implemented field,C08,name,Empty/filled/focus/invalid/read-only as applicable; Required before finalization,color.surface;color.textPrimary;color.textSecondary;color.outlineControl;color.focus;color.errorInk;color.disabledContainer;color.disabledText,L05,P04,Technician name in listed S31 field order,Trim only at submission; required when marked; adopted general name/title bound120; preserve source-specific stricter rule. Never silently truncate. Save: Explicit parent Save,"Text / words capitalization; Next, last field Done; label/required/helper/error spoken. Report identity distinct from Dispatch ID",field_s31_technician,Technician name,Numele tehnicianului,field-s31-technician,"T-F-S31-technician: valid/empty/invalid/long Unicode, cancellation and interrupted-save cases."
F:S31-phone,field,,S31,Business and report identity,app/src/main/java/com/v16studio/serviceloop/ui/ServiceLoopApp.kt,C:S31 / BusinessProfileScreen,implemented field,C08,phone,Empty/filled/focus/invalid/read-only as applicable; Optional,color.surface;color.textPrimary;color.textSecondary;color.outlineControl;color.focus;color.errorInk;color.disabledContainer;color.disabledText,L05,P04,Business phone in listed S31 field order,"Optional; allow international +, spaces and punctuation; do not promise valid/deliverable contact. Save: Explicit parent Save",Phone keyboard; Next; label/required/helper/error spoken. Public contact,field_s31_phone,Business phone,Telefon firmă,field-s31-phone,"T-F-S31-phone: valid/empty/invalid/long Unicode, cancellation and interrupted-save cases."
F:S31-email,field,,S31,Business and report identity,app/src/main/java/com/v16studio/serviceloop/ui/ServiceLoopApp.kt,C:S31 / BusinessProfileScreen,implemented field,C08,email,Empty/filled/focus/invalid/read-only as applicable; Optional,color.surface;color.textPrimary;color.textSecondary;color.outlineControl;color.focus;color.errorInk;color.disabledContainer;color.disabledText,L05,P04,Business email in listed S31 field order,Optional; basic structure validation only where existing save contract requires it. No lookup or delivery verification. Save: Explicit parent Save,Email keyboard / no autocorrect; Next; label/required/helper/error spoken. Public contact,field_s31_email,Business email,E-mail firmă,field-s31-email,"T-F-S31-email: valid/empty/invalid/long Unicode, cancellation and interrupted-save cases."
F:S31-address,field,,S31,Business and report identity,app/src/main/java/com/v16studio/serviceloop/ui/ServiceLoopApp.kt,C:S31 / BusinessProfileScreen,implemented field,C08,short,Empty/filled/focus/invalid/read-only as applicable; Optional,color.surface;color.textPrimary;color.textSecondary;color.outlineControl;color.focus;color.errorInk;color.disabledContainer;color.disabledText,L05,P04,Business address in listed S31 field order,Plain text; adopted short explanation/guidance bound500 when that field is governed by U2. No markup execution. Save: Explicit parent Save,Text / sentence capitalization; Next; label/required/helper/error spoken. Public contact,field_s31_address,Business address,Adresă firmă,field-s31-address,"T-F-S31-address: valid/empty/invalid/long Unicode, cancellation and interrupted-save cases."
F:S31-logo,field,,S31,Business and report identity,app/src/main/java/com/v16studio/serviceloop/ui/ServiceLoopApp.kt,C:S31 / BusinessProfileScreen,adopted/pending field,C24,photo,Empty/filled/focus/invalid/read-only as applicable; Optional adopted slot,color.photoMat;color.surface;color.textPrimary;color.textSecondary;color.outlineDecorative;color.selection;color.selectionOutline,L05,P04,Report logo in listed S31 field order,"Validate bytes/ownership before saved; preserve source normalizer (longest edge2560, no upscale), report inclusion explicit. Save: Explicit parent Save","External camera/selected-media handoff; label/required/helper/error spoken. Company brand, not app logo",field_s31_logo,Report logo,Siglă raport,field-s31-logo,"T-F-S31-logo: valid/empty/invalid/long Unicode, cancellation and interrupted-save cases."
F:S31-zone,field,,S31,Business and report identity,app/src/main/java/com/v16studio/serviceloop/ui/ServiceLoopApp.kt,C:S31 / BusinessProfileScreen,implemented field,C30,zone,Empty/filled/focus/invalid/read-only as applicable; Required initialized device zone,color.surfaceRaised;color.textPrimary;color.textSecondary;color.action;color.selection;color.outlineControl;color.errorInk;color.focus,L05,P13,Business time zone in listed S31 field order,"IANA ZoneId, valid supplied zone retained. Display city label plus ID/detail; no location permission. Save: Explicit parent Save",Searchable named-zone picker; no keyboard after choice; label/required/helper/error spoken. Changes future defaults/Today only,field_s31_zone,Business time zone,Fusul orar al firmei,field-s31-zone,"T-F-S31-zone: valid/empty/invalid/long Unicode, cancellation and interrupted-save cases."
F:S32-delivery,field,,S32,Reminders,app/src/main/java/com/v16studio/serviceloop/ui/ServiceLoopApp.kt,C:S32 / ReminderSettingsScreen,implemented field,C14,switch,Empty/filled/focus/invalid/read-only as applicable; Off initially,color.action;color.onAction;color.surfaceSubtle;color.outlineControl;color.textPrimary;color.textSecondary;color.errorInk;color.focus,L05,P04,Request local reminders in listed S32 field order,"Preference intent, not ambiguous record status; show actual external capability separately. Save: Explicit Save; OS permission change external and not undone by Cancel",Switch / Space toggles; label/required/helper/error spoken. Device-local intent,field_s32_delivery,Request local reminders,Solicită mementouri locale,field-s32-delivery,"T-F-S32-delivery: valid/empty/invalid/long Unicode, cancellation and interrupted-save cases."
F:S32-summary,field,,S32,Reminders,app/src/main/java/com/v16studio/serviceloop/ui/ServiceLoopApp.kt,C:S32 / ReminderSettingsScreen,implemented field,C14,switch,Empty/filled/focus/invalid/read-only as applicable; Stored default On,color.action;color.onAction;color.surfaceSubtle;color.outlineControl;color.textPrimary;color.textSecondary;color.errorInk;color.focus,L05,P04,Daily summary in listed S32 field order,"Preference intent, not ambiguous record status; show actual external capability separately. Save: Explicit Save; OS permission change external and not undone by Cancel","Switch / Space toggles; label/required/helper/error spoken. Preference, not active permission",field_s32_summary,Daily summary,Rezumat zilnic,field-s32-summary,"T-F-S32-summary: valid/empty/invalid/long Unicode, cancellation and interrupted-save cases."
F:S32-time,field,,S32,Reminders,app/src/main/java/com/v16studio/serviceloop/ui/ServiceLoopApp.kt,C:S32 / ReminderSettingsScreen,implemented field,C30,time,Empty/filled/focus/invalid/read-only as applicable; Required when enabled,color.surfaceRaised;color.textPrimary;color.textSecondary;color.action;color.selection;color.outlineControl;color.errorInk;color.focus,L05,P13,Summary time in listed S32 field order,00:00–23:59 canonical minute precision; required only when parent requests time. Do not infer device time zone. Save: Explicit Save; OS permission change external and not undone by Cancel,Time picker / manual locale12/24 alternative; Next; label/required/helper/error spoken. Business-zone time,field_s32_time,Summary time,Ora rezumatului,field-s32-time,"T-F-S32-time: valid/empty/invalid/long Unicode, cancellation and interrupted-save cases."
F:S32-days,field,,S32,Reminders,app/src/main/java/com/v16studio/serviceloop/ui/ServiceLoopApp.kt,C:S32 / ReminderSettingsScreen,implemented field,C13,checkbox,Empty/filled/focus/invalid/read-only as applicable; At least1 when enabled,color.action;color.onAction;color.outlineControl;color.textPrimary;color.textSecondary;color.focus;color.disabledText,L05,P04,Summary days in listed S32 field order,Boolean/selection buffer only unless immediate setting explicitly specified; dependent constraints checked before commit. Save: Explicit Save; OS permission change external and not undone by Cancel,Checkbox / Space toggles; label/required/helper/error spoken. Seven weekday choices,field_s32_days,Summary days,Zilele rezumatului,field-s32-days,"T-F-S32-days: valid/empty/invalid/long Unicode, cancellation and interrupted-save cases."
F:S32-horizon,field,,S32,Reminders,app/src/main/java/com/v16studio/serviceloop/ui/ServiceLoopApp.kt,C:S32 / ReminderSettingsScreen,implemented field,C13,choice,Empty/filled/focus/invalid/read-only as applicable; 0/7/14/30 default14,color.action;color.onAction;color.outlineControl;color.textPrimary;color.textSecondary;color.focus;color.disabledText,L05,P04,Due-soon horizon in listed S32 field order,Only declared supported enum values; no free-form arbitrary future interpretation. Save: Explicit Save; OS permission change external and not undone by Cancel,Radio group / arrows select / Space confirms; label/required/helper/error spoken. Shared Home/Due/reminder horizon,field_s32_horizon,Due-soon horizon,Orizont scadențe apropiate,field-s32-horizon,"T-F-S32-horizon: valid/empty/invalid/long Unicode, cancellation and interrupted-save cases."
F:S32-due,field,,S32,Reminders,app/src/main/java/com/v16studio/serviceloop/ui/ServiceLoopApp.kt,C:S32 / ReminderSettingsScreen,implemented field,C14,switch,Empty/filled/focus/invalid/read-only as applicable; Default On,color.action;color.onAction;color.surfaceSubtle;color.outlineControl;color.textPrimary;color.textSecondary;color.errorInk;color.focus,L05,P04,Include due services in listed S32 field order,"Preference intent, not ambiguous record status; show actual external capability separately. Save: Explicit Save; OS permission change external and not undone by Cancel",Switch / Space toggles; label/required/helper/error spoken. Generic counts,field_s32_due,Include due services,Include servicii scadente,field-s32-due,"T-F-S32-due: valid/empty/invalid/long Unicode, cancellation and interrupted-save cases."
F:S32-visits,field,,S32,Reminders,app/src/main/java/com/v16studio/serviceloop/ui/ServiceLoopApp.kt,C:S32 / ReminderSettingsScreen,implemented field,C14,switch,Empty/filled/focus/invalid/read-only as applicable; Default On,color.action;color.onAction;color.surfaceSubtle;color.outlineControl;color.textPrimary;color.textSecondary;color.errorInk;color.focus,L05,P04,Include visits in listed S32 field order,"Preference intent, not ambiguous record status; show actual external capability separately. Save: Explicit Save; OS permission change external and not undone by Cancel",Switch / Space toggles; label/required/helper/error spoken. Generic counts,field_s32_visits,Include visits,Include vizite,field-s32-visits,"T-F-S32-visits: valid/empty/invalid/long Unicode, cancellation and interrupted-save cases."
F:S32-followups,field,,S32,Reminders,app/src/main/java/com/v16studio/serviceloop/ui/ServiceLoopApp.kt,C:S32 / ReminderSettingsScreen,implemented field,C14,switch,Empty/filled/focus/invalid/read-only as applicable; Default On,color.action;color.onAction;color.surfaceSubtle;color.outlineControl;color.textPrimary;color.textSecondary;color.errorInk;color.focus,L05,P04,Include follow-ups in listed S32 field order,"Preference intent, not ambiguous record status; show actual external capability separately. Save: Explicit Save; OS permission change external and not undone by Cancel",Switch / Space toggles; label/required/helper/error spoken. Generic counts,field_s32_followups,Include follow-ups,Include acțiuni de urmărire,field-s32-followups,"T-F-S32-followups: valid/empty/invalid/long Unicode, cancellation and interrupted-save cases."
F:S32-unfinished,field,,S32,Reminders,app/src/main/java/com/v16studio/serviceloop/ui/ServiceLoopApp.kt,C:S32 / ReminderSettingsScreen,implemented field,C14,switch,Empty/filled/focus/invalid/read-only as applicable; Default On,color.action;color.onAction;color.surfaceSubtle;color.outlineControl;color.textPrimary;color.textSecondary;color.errorInk;color.focus,L05,P04,Include unfinished work in listed S32 field order,"Preference intent, not ambiguous record status; show actual external capability separately. Save: Explicit Save; OS permission change external and not undone by Cancel",Switch / Space toggles; label/required/helper/error spoken. Generic counts,field_s32_unfinished,Include unfinished work,Include lucrări nefinalizate,field-s32-unfinished,"T-F-S32-unfinished: valid/empty/invalid/long Unicode, cancellation and interrupted-save cases."
F:S32-backup,field,,S32,Reminders,app/src/main/java/com/v16studio/serviceloop/ui/ServiceLoopApp.kt,C:S32 / ReminderSettingsScreen,implemented field,C14,switch,Empty/filled/focus/invalid/read-only as applicable; Default On,color.action;color.onAction;color.surfaceSubtle;color.outlineControl;color.textPrimary;color.textSecondary;color.errorInk;color.focus,L05,P04,Include backup reminder in listed S32 field order,"Preference intent, not ambiguous record status; show actual external capability separately. Save: Explicit Save; OS permission change external and not undone by Cancel",Switch / Space toggles; label/required/helper/error spoken. Backup age configured S33,field_s32_backup,Include backup reminder,Include memento copie siguranță,field-s32-backup,"T-F-S32-backup: valid/empty/invalid/long Unicode, cancellation and interrupted-save cases."
F:S32-appointments,field,,S32,Reminders,app/src/main/java/com/v16studio/serviceloop/ui/ServiceLoopApp.kt,C:S32 / ReminderSettingsScreen,implemented field,C14,switch,Empty/filled/focus/invalid/read-only as applicable; Default Off,color.action;color.onAction;color.surfaceSubtle;color.outlineControl;color.textPrimary;color.textSecondary;color.errorInk;color.focus,L05,P04,Appointment alerts in listed S32 field order,"Preference intent, not ambiguous record status; show actual external capability separately. Save: Explicit Save; OS permission change external and not undone by Cancel",Switch / Space toggles; label/required/helper/error spoken. Approximate only,field_s32_appointments,Appointment alerts,Alerte programări,field-s32-appointments,"T-F-S32-appointments: valid/empty/invalid/long Unicode, cancellation and interrupted-save cases."
F:S32-lead,field,,S32,Reminders,app/src/main/java/com/v16studio/serviceloop/ui/ServiceLoopApp.kt,C:S32 / ReminderSettingsScreen,implemented field,C13,choice,Empty/filled/focus/invalid/read-only as applicable; 2h/1day default2h,color.action;color.onAction;color.outlineControl;color.textPrimary;color.textSecondary;color.focus;color.disabledText,L05,P04,Default lead in listed S32 field order,Only declared supported enum values; no free-form arbitrary future interpretation. Save: Explicit Save; OS permission change external and not undone by Cancel,Radio group / arrows select / Space confirms; label/required/helper/error spoken. Explicit Visit override unchanged,field_s32_lead,Default lead,Avans implicit,field-s32-lead,"T-F-S32-lead: valid/empty/invalid/long Unicode, cancellation and interrupted-save cases."
F:S33-age,field,,S33,Data and recovery,app/src/main/java/com/v16studio/serviceloop/ui/Stage4Ui.kt,C:S33 / DataRecoveryScreen,implemented field,C13,choice,Empty/filled/focus/invalid/read-only as applicable; Off/1/7/30 default7,color.action;color.onAction;color.outlineControl;color.textPrimary;color.textSecondary;color.focus;color.disabledText,L04,P04,Backup reminder age in listed S33 field order,Only declared supported enum values; no free-form arbitrary future interpretation. Save: Immediate preference save with actual acknowledgement,Radio group / arrows select / Space confirms; label/required/helper/error spoken. Changed-data/age rule only,field_s33_age,Backup reminder age,Interval memento copie siguranță,field-s33-age,"T-F-S33-age: valid/empty/invalid/long Unicode, cancellation and interrupted-save cases."
F:S34-passphrase,field,,S34,Create backup,app/src/main/java/com/v16studio/serviceloop/ui/Stage4Ui.kt,C:S34 / BackupScreen(create),implemented field,C08,passphrase,Empty/filled/focus/invalid/read-only as applicable; Required12+,color.surface;color.textPrimary;color.textSecondary;color.outlineControl;color.focus;color.errorInk;color.disabledContainer;color.disabledText,L09,P04,Passphrase in listed S34 field order,"At least12 characters including spaces; do not trim, persist, log or rescue-copy; confirm exact match. Save: Explicit parent Save","Password text / no suggestions / Next; label/required/helper/error spoken. Secret, memory only",field_s34_passphrase,Passphrase,Frază secretă,field-s34-passphrase,"T-F-S34-passphrase: valid/empty/invalid/long Unicode, cancellation and interrupted-save cases."
F:S34-confirm,field,,S34,Create backup,app/src/main/java/com/v16studio/serviceloop/ui/Stage4Ui.kt,C:S34 / BackupScreen(create),implemented field,C08,passphrase,Empty/filled/focus/invalid/read-only as applicable; Required exact match,color.surface;color.textPrimary;color.textSecondary;color.outlineControl;color.focus;color.errorInk;color.disabledContainer;color.disabledText,L09,P04,Confirm passphrase in listed S34 field order,"At least12 characters including spaces; do not trim, persist, log or rescue-copy; confirm exact match. Save: Explicit parent Save","Password text / no suggestions / Next; label/required/helper/error spoken. Secret, memory only",field_s34_confirm,Confirm passphrase,Confirmă fraza secretă,field-s34-confirm,"T-F-S34-confirm: valid/empty/invalid/long Unicode, cancellation and interrupted-save cases."
F:S34-incomplete,field,,S34,Create backup,app/src/main/java/com/v16studio/serviceloop/ui/Stage4Ui.kt,C:S34 / BackupScreen(create),implemented field,C13,checkbox,Empty/filled/focus/invalid/read-only as applicable; Only named missing files,color.action;color.onAction;color.outlineControl;color.textPrimary;color.textSecondary;color.focus;color.disabledText,L09,P04,Incomplete recovery copy in listed S34 field order,Boolean/selection buffer only unless immediate setting explicitly specified; dependent constraints checked before commit. Save: Explicit parent Save,Checkbox / Space toggles; label/required/helper/error spoken. Never Full backup,field_s34_incomplete,Incomplete recovery copy,Copie de recuperare incompletă,field-s34-incomplete,"T-F-S34-incomplete: valid/empty/invalid/long Unicode, cancellation and interrupted-save cases."
F:S34-ack,field,,S34,Create backup,app/src/main/java/com/v16studio/serviceloop/ui/Stage4Ui.kt,C:S34 / BackupScreen(create),adopted/pending field,C13,checkbox,Empty/filled/focus/invalid/read-only as applicable; Adopted acknowledgement,color.action;color.onAction;color.outlineControl;color.textPrimary;color.textSecondary;color.focus;color.disabledText,L09,P04,I understand there is no reset in listed S34 field order,Boolean/selection buffer only unless immediate setting explicitly specified; dependent constraints checked before commit. Save: Explicit parent Save,Checkbox / Space toggles; label/required/helper/error spoken. No passphrase backdoor,field_s34_ack,I understand there is no reset,Înțeleg că nu există resetare,field-s34-ack,"T-F-S34-ack: valid/empty/invalid/long Unicode, cancellation and interrupted-save cases."
F:S35-passphrase,field,,S35,Inspect or restore backup,app/src/main/java/com/v16studio/serviceloop/ui/Stage4Ui.kt,C:S35 / BackupScreen(inspect/restore),implemented field,C08,passphrase,Empty/filled/focus/invalid/read-only as applicable; Required unlock,color.surface;color.textPrimary;color.textSecondary;color.outlineControl;color.focus;color.errorInk;color.disabledContainer;color.disabledText,L09,P04,Passphrase in listed S35 field order,"At least12 characters including spaces; do not trim, persist, log or rescue-copy; confirm exact match. Save: Explicit parent Save","Password text / no suggestions / Next; label/required/helper/error spoken. Secret, memory only",field_s35_passphrase,Passphrase,Frază secretă,field-s35-passphrase,"T-F-S35-passphrase: valid/empty/invalid/long Unicode, cancellation and interrupted-save cases."
F:S35-loss,field,,S35,Inspect or restore backup,app/src/main/java/com/v16studio/serviceloop/ui/Stage4Ui.kt,C:S35 / BackupScreen(inspect/restore),adopted/pending field,C13,checkbox,Empty/filled/focus/invalid/read-only as applicable; Required before replacement,color.action;color.onAction;color.outlineControl;color.textPrimary;color.textSecondary;color.focus;color.disabledText,L09,P04,Replace all current local data in listed S35 field order,Boolean/selection buffer only unless immediate setting explicitly specified; dependent constraints checked before commit. Save: Explicit parent Save,Checkbox / Space toggles; label/required/helper/error spoken. Loss review,field_s35_loss,Replace all current local data,Înlocuiește toate datele locale curente,field-s35-loss,"T-F-S35-loss: valid/empty/invalid/long Unicode, cancellation and interrupted-save cases."
F:S35-incomplete,field,,S35,Inspect or restore backup,app/src/main/java/com/v16studio/serviceloop/ui/Stage4Ui.kt,C:S35 / BackupScreen(inspect/restore),implemented field,C13,checkbox,Empty/filled/focus/invalid/read-only as applicable; Incomplete only,color.action;color.onAction;color.outlineControl;color.textPrimary;color.textSecondary;color.focus;color.disabledText,L09,P04,Accept listed missing files in listed S35 field order,Boolean/selection buffer only unless immediate setting explicitly specified; dependent constraints checked before commit. Save: Explicit parent Save,Checkbox / Space toggles; label/required/helper/error spoken. required limitation,field_s35_incomplete,Accept listed missing files,Accept fișierele lipsă indicate,field-s35-incomplete,"T-F-S35-incomplete: valid/empty/invalid/long Unicode, cancellation and interrupted-save cases."
F:S35-skipbackup,field,,S35,Inspect or restore backup,app/src/main/java/com/v16studio/serviceloop/ui/Stage4Ui.kt,C:S35 / BackupScreen(inspect/restore),adopted/pending field,C13,checkbox,Empty/filled/focus/invalid/read-only as applicable; When current backup skipped,color.action;color.onAction;color.outlineControl;color.textPrimary;color.textSecondary;color.focus;color.disabledText,L09,P04,Proceed without new backup in listed S35 field order,Boolean/selection buffer only unless immediate setting explicitly specified; dependent constraints checked before commit. Save: Explicit parent Save,Checkbox / Space toggles; label/required/helper/error spoken. Explicit loss choice,field_s35_skipbackup,Proceed without new backup,Continuă fără copie nouă,field-s35-skipbackup,"T-F-S35-skipbackup: valid/empty/invalid/long Unicode, cancellation and interrupted-save cases."
F:S35-token,field,,S35,Inspect or restore backup,app/src/main/java/com/v16studio/serviceloop/ui/Stage4Ui.kt,C:S35 / BackupScreen(inspect/restore),implemented field,C08,confirmtoken,Empty/filled/focus/invalid/read-only as applicable; Required final switch,color.surface;color.textPrimary;color.textSecondary;color.outlineControl;color.focus;color.errorInk;color.disabledContainer;color.disabledText,L09,P04,Type REPLACE in listed S35 field order,Exact literal ERASE or REPLACE displayed and validated; keep token unchanged across languages; acknowledgement required separately. Save: Explicit parent Save,ASCII text / no autocorrect / Done; label/required/helper/error spoken. Literal token not translated,field_s35_token,Type REPLACE,Tastează REPLACE,field-s35-token,"T-F-S35-token: valid/empty/invalid/long Unicode, cancellation and interrupted-save cases."
F:D12-loss,field,,D12,Erase local dataset,app/src/main/java/com/v16studio/serviceloop/ui/Stage4Ui.kt,C:D12 / EraseScreen,implemented field,C13,checkbox,Empty/filled/focus/invalid/read-only as applicable; Required,color.action;color.onAction;color.outlineControl;color.textPrimary;color.textSecondary;color.focus;color.disabledText,L11,P04,I understand local data will be erased in listed D12 field order,Boolean/selection buffer only unless immediate setting explicitly specified; dependent constraints checked before commit. Save: Explicit parent Save,Checkbox / Space toggles; label/required/helper/error spoken. Loss acknowledgement,field_d12_loss,I understand local data will be erased,Înțeleg că datele locale vor fi șterse,field-d12-loss,"T-F-D12-loss: valid/empty/invalid/long Unicode, cancellation and interrupted-save cases."
F:D12-token,field,,D12,Erase local dataset,app/src/main/java/com/v16studio/serviceloop/ui/Stage4Ui.kt,C:D12 / EraseScreen,implemented field,C08,confirmtoken,Empty/filled/focus/invalid/read-only as applicable; Required,color.surface;color.textPrimary;color.textSecondary;color.outlineControl;color.focus;color.errorInk;color.disabledContainer;color.disabledText,L11,P04,Type ERASE in listed D12 field order,Exact literal ERASE or REPLACE displayed and validated; keep token unchanged across languages; acknowledgement required separately. Save: Explicit parent Save,ASCII text / no autocorrect / Done; label/required/helper/error spoken. Literal token not translated,field_d12_token,Type ERASE,Tastează ERASE,field-d12-token,"T-F-D12-token: valid/empty/invalid/long Unicode, cancellation and interrupted-save cases."
F:S36-type,field,,S36,CSV export,app/src/main/java/com/v16studio/serviceloop/ui/Stage4Ui.kt,C:S36 / CsvExportScreen,implemented field,C13,choice,Empty/filled/focus/invalid/read-only as applicable; Directory/Records,color.action;color.onAction;color.outlineControl;color.textPrimary;color.textSecondary;color.focus;color.disabledText,L09,P04,Export type in listed S36 field order,Only declared supported enum values; no free-form arbitrary future interpretation. Save: Explicit parent Save,Radio group / arrows select / Space confirms; label/required/helper/error spoken. Not complete backup,field_s36_type,Export type,Tip export,field-s36-type,"T-F-S36-type: valid/empty/invalid/long Unicode, cancellation and interrupted-save cases."
F:S36-scope,field,,S36,CSV export,app/src/main/java/com/v16studio/serviceloop/ui/Stage4Ui.kt,C:S36 / CsvExportScreen,implemented field,C09,picker,Empty/filled/focus/invalid/read-only as applicable; All/one customer,color.surface;color.textPrimary;color.textSecondary;color.icon;color.outlineDecorative;color.outlineControl;color.focus;color.errorInk,L09,P04,Customer scope in listed S36 field order,"Choose stable eligible ID, not display string. Clear only for explicitly optional relation; parent validates again at save. Save: Explicit parent Save",No IME until searchable chooser; enter/space opens; label/required/helper/error spoken. Exact export scope,field_s36_scope,Customer scope,Domeniu clienți,field-s36-scope,"T-F-S36-scope: valid/empty/invalid/long Unicode, cancellation and interrupted-save cases."
F:S36-inactive,field,,S36,CSV export,app/src/main/java/com/v16studio/serviceloop/ui/Stage4Ui.kt,C:S36 / CsvExportScreen,implemented field,C13,checkbox,Empty/filled/focus/invalid/read-only as applicable; Default On adopted,color.action;color.onAction;color.outlineControl;color.textPrimary;color.textSecondary;color.focus;color.disabledText,L09,P04,Include archived/retired/ended in listed S36 field order,Boolean/selection buffer only unless immediate setting explicitly specified; dependent constraints checked before commit. Save: Explicit parent Save,Checkbox / Space toggles; label/required/helper/error spoken. Retained records,field_s36_inactive,Include archived/retired/ended,Include arhivate/retrase/încheiate,field-s36-inactive,"T-F-S36-inactive: valid/empty/invalid/long Unicode, cancellation and interrupted-save cases."
F:S36-private,field,,S36,CSV export,app/src/main/java/com/v16studio/serviceloop/ui/Stage4Ui.kt,C:S36 / CsvExportScreen,implemented field,C13,checkbox,Empty/filled/focus/invalid/read-only as applicable; Default Off,color.action;color.onAction;color.outlineControl;color.textPrimary;color.textSecondary;color.focus;color.disabledText,L09,P04,Include private/access notes in listed S36 field order,Boolean/selection buffer only unless immediate setting explicitly specified; dependent constraints checked before commit. Save: Explicit parent Save,Checkbox / Space toggles; label/required/helper/error spoken. Plaintext warning required,field_s36_private,Include private/access notes,Include note private/de acces,field-s36-private,"T-F-S36-private: valid/empty/invalid/long Unicode, cancellation and interrupted-save cases."
F:S36-old,field,,S36,CSV export,app/src/main/java/com/v16studio/serviceloop/ui/Stage4Ui.kt,C:S36 / CsvExportScreen,implemented field,C13,checkbox,Empty/filled/focus/invalid/read-only as applicable; Records only/default Off,color.action;color.onAction;color.outlineControl;color.textPrimary;color.textSecondary;color.focus;color.disabledText,L09,P04,Include previous revisions in listed S36 field order,Boolean/selection buffer only unless immediate setting explicitly specified; dependent constraints checked before commit. Save: Explicit parent Save,Checkbox / Space toggles; label/required/helper/error spoken. History export,field_s36_old,Include previous revisions,Include versiuni anterioare,field-s36-old,"T-F-S36-old: valid/empty/invalid/long Unicode, cancellation and interrupted-save cases."
F:X06-site,field,,X06,Dispatch visit editor,app/src/main/java/com/v16studio/serviceloop/ui/DispatchCoordinatorUiV2.kt,B-015/B-016 and current source / DispatchVisitEditorScreen,implemented field,C09,picker,Empty/filled/focus/invalid/read-only as applicable; Required,color.surface;color.textPrimary;color.textSecondary;color.icon;color.outlineDecorative;color.outlineControl;color.focus;color.errorInk,L05,P04,Customer & site in listed X06 field order,"Choose stable eligible ID, not display string. Clear only for explicitly optional relation; parent validates again at save. Save: Explicit parent Save",No IME until searchable chooser; enter/space opens; label/required/helper/error spoken. Actual site,field_x06_site,Customer & site,Client și locație,field-x06-site,"T-F-X06-site: valid/empty/invalid/long Unicode, cancellation and interrupted-save cases."
F:X06-service-date,field,,X06,Dispatch visit editor,app/src/main/java/com/v16studio/serviceloop/ui/DispatchCoordinatorUiV2.kt,B-015/B-016 and current source / DispatchVisitEditorScreen,implemented field,C30,date,Empty/filled/focus/invalid/read-only as applicable; Required,color.surfaceRaised;color.textPrimary;color.textSecondary;color.action;color.selection;color.outlineControl;color.errorInk;color.focus,L05,P13,Service date in listed X06 field order,Adopted date policy per parent; no future actual date; From<=To; reject invalid calendar values; no invisible date rollover. Save: Explicit parent Save,Date picker plus explicit manual ISO alternative; Next; label/required/helper/error spoken. Dispatch schedule,field_x06_service-date,Service date,Data serviciului,field-x06-service-date,"T-F-X06-service-date: valid/empty/invalid/long Unicode, cancellation and interrupted-save cases."
F:X06-time,field,,X06,Dispatch visit editor,app/src/main/java/com/v16studio/serviceloop/ui/DispatchCoordinatorUiV2.kt,B-015/B-016 and current source / DispatchVisitEditorScreen,implemented field,C30,optionaltime,Empty/filled/focus/invalid/read-only as applicable; Optional,color.surfaceRaised;color.textPrimary;color.textSecondary;color.action;color.selection;color.outlineControl;color.errorInk;color.focus,L05,P13,Appointment time in listed X06 field order,"Blank is date-only, never00:00. Nonblank real local time with parent zone and ambiguity policy. Save: Explicit parent Save",Time picker / Clear / manual alternative; Next; label/required/helper/error spoken. Date-only if blank,field_x06_time,Appointment time,Ora programării,field-x06-time,"T-F-X06-time: valid/empty/invalid/long Unicode, cancellation and interrupted-save cases."
F:X06-zone,field,,X06,Dispatch visit editor,app/src/main/java/com/v16studio/serviceloop/ui/DispatchCoordinatorUiV2.kt,B-015/B-016 and current source / DispatchVisitEditorScreen,implemented field,C30,zone,Empty/filled/focus/invalid/read-only as applicable; Required,color.surfaceRaised;color.textPrimary;color.textSecondary;color.action;color.selection;color.outlineControl;color.errorInk;color.focus,L05,P13,Time zone in listed X06 field order,"IANA ZoneId, valid supplied zone retained. Display city label plus ID/detail; no location permission. Save: Explicit parent Save",Searchable named-zone picker; no keyboard after choice; label/required/helper/error spoken. Package IANA ZoneId,field_x06_zone,Time zone,Fus orar,field-x06-zone,"T-F-X06-zone: valid/empty/invalid/long Unicode, cancellation and interrupted-save cases."
F:X06-teams,field,,X06,Dispatch visit editor,app/src/main/java/com/v16studio/serviceloop/ui/DispatchCoordinatorUiV2.kt,B-015/B-016 and current source / DispatchVisitEditorScreen,implemented field,C09,picker,Empty/filled/focus/invalid/read-only as applicable; At least1 with participant,color.surface;color.textPrimary;color.textSecondary;color.icon;color.outlineDecorative;color.outlineControl;color.focus;color.errorInk,L05,P04,Teams in listed X06 field order,"Choose stable eligible ID, not display string. Clear only for explicitly optional relation; parent validates again at save. Save: Explicit parent Save",No IME until searchable chooser; enter/space opens; label/required/helper/error spoken. Staged set,field_x06_teams,Teams,Echipe,field-x06-teams,"T-F-X06-teams: valid/empty/invalid/long Unicode, cancellation and interrupted-save cases."
F:X06-reference,field,,X06,Dispatch visit editor,app/src/main/java/com/v16studio/serviceloop/ui/DispatchCoordinatorUiV2.kt,B-015/B-016 and current source / DispatchVisitEditorScreen,implemented field,C08,identifier,Empty/filled/focus/invalid/read-only as applicable; Optional,color.surface;color.textPrimary;color.textSecondary;color.outlineControl;color.focus;color.errorInk;color.disabledContainer;color.disabledText,L05,P04,Reference in listed X06 field order,"Plain identifier, adopted max120 unless format-specific codec differs; preserve exact identity, never parse as display name. Save: Explicit parent Save",Text / no autocorrect; Next; label/required/helper/error spoken. Manager reference,field_x06_reference,Reference,Referință,field-x06-reference,"T-F-X06-reference: valid/empty/invalid/long Unicode, cancellation and interrupted-save cases."
F:X06-instructions,field,,X06,Dispatch visit editor,app/src/main/java/com/v16studio/serviceloop/ui/DispatchCoordinatorUiV2.kt,B-015/B-016 and current source / DispatchVisitEditorScreen,implemented field,C23,note,Empty/filled/focus/invalid/read-only as applicable; Optional; codec bound4000,color.surface;color.textPrimary;color.textSecondary;color.outlineControl;color.focus;color.errorInk,L05,P04,Instructions in listed X06 field order,Adopted notes bound4000; preserve full Unicode and lines; active required reasons nonblank; public/private explicit. Save: Explicit parent Save,Multiline text / sentence capitalization; Newline; label/required/helper/error spoken. Readable shared package,field_x06_instructions,Instructions,Instrucțiuni,field-x06-instructions,"T-F-X06-instructions: valid/empty/invalid/long Unicode, cancellation and interrupted-save cases."
F:X09-equipment,field,,X09,Dispatch work-item editor,app/src/main/java/com/v16studio/serviceloop/ui/DispatchCoordinatorUiV2.kt,B-015/B-016 and current source / DispatchWorkItemDialog,implemented field,C09,picker,Empty/filled/focus/invalid/read-only as applicable; Required at chosen site,color.surface;color.textPrimary;color.textSecondary;color.icon;color.outlineDecorative;color.outlineControl;color.focus;color.errorInk,L05,P04,Equipment in listed X09 field order,"Choose stable eligible ID, not display string. Clear only for explicitly optional relation; parent validates again at save. Save: Save item stages parent visit, not Room commit",No IME until searchable chooser; enter/space opens; label/required/helper/error spoken. Parent staged work,field_x09_equipment,Equipment,Echipament,field-x09-equipment,"T-F-X09-equipment: valid/empty/invalid/long Unicode, cancellation and interrupted-save cases."
F:X09-task,field,,X09,Dispatch work-item editor,app/src/main/java/com/v16studio/serviceloop/ui/DispatchCoordinatorUiV2.kt,B-015/B-016 and current source / DispatchWorkItemDialog,implemented field,C08,name,Empty/filled/focus/invalid/read-only as applicable; Required; preserve codec-specific bound at import,color.surface;color.textPrimary;color.textSecondary;color.outlineControl;color.focus;color.errorInk;color.disabledContainer;color.disabledText,L05,P04,Task name in listed X09 field order,"Trim only at submission; required when marked; adopted general name/title bound120; preserve source-specific stricter rule. Never silently truncate. Save: Save item stages parent visit, not Room commit","Text / words capitalization; Next, last field Done; label/required/helper/error spoken. Public shared assignment",field_x09_task,Task name,Nume lucrare,field-x09-task,"T-F-X09-task: valid/empty/invalid/long Unicode, cancellation and interrupted-save cases."
F:X09-plan,field,,X09,Dispatch work-item editor,app/src/main/java/com/v16studio/serviceloop/ui/DispatchCoordinatorUiV2.kt,B-015/B-016 and current source / DispatchWorkItemDialog,implemented field,C08,identifier,Empty/filled/focus/invalid/read-only as applicable; Optional,color.surface;color.textPrimary;color.textSecondary;color.outlineControl;color.focus;color.errorInk;color.disabledContainer;color.disabledText,L05,P04,Local plan reference in listed X09 field order,"Plain identifier, adopted max120 unless format-specific codec differs; preserve exact identity, never parse as display name. Save: Save item stages parent visit, not Room commit",Text / no autocorrect; Next; label/required/helper/error spoken. Matching hint only,field_x09_plan,Local plan reference,Referință plan local,field-x09-plan,"T-F-X09-plan: valid/empty/invalid/long Unicode, cancellation and interrupted-save cases."
F:X09-due,field,,X09,Dispatch work-item editor,app/src/main/java/com/v16studio/serviceloop/ui/DispatchCoordinatorUiV2.kt,B-015/B-016 and current source / DispatchWorkItemDialog,implemented field,C30,optionaldate,Empty/filled/focus/invalid/read-only as applicable; Optional,color.surfaceRaised;color.textPrimary;color.textSecondary;color.action;color.selection;color.outlineControl;color.errorInk;color.focus,L05,P13,Due snapshot in listed X09 field order,"Blank means not supplied; no zero-date or fabricated default; validate nonblank calendar date. Save: Save item stages parent visit, not Room commit",Date picker / Clear / manual alternative; Next; label/required/helper/error spoken. Captured source date,field_x09_due,Due snapshot,Scadență capturată,field-x09-due,"T-F-X09-due: valid/empty/invalid/long Unicode, cancellation and interrupted-save cases."
F:X09-assignees,field,,X09,Dispatch work-item editor,app/src/main/java/com/v16studio/serviceloop/ui/DispatchCoordinatorUiV2.kt,B-015/B-016 and current source / DispatchWorkItemDialog,implemented field,C13,checkbox,Empty/filled/focus/invalid/read-only as applicable; Empty means Everyone,color.action;color.onAction;color.outlineControl;color.textPrimary;color.textSecondary;color.focus;color.disabledText,L05,P04,Assigned technicians in listed X09 field order,"Boolean/selection buffer only unless immediate setting explicitly specified; dependent constraints checked before commit. Save: Save item stages parent visit, not Room commit",Checkbox / Space toggles; label/required/helper/error spoken. Only selected-team participants,field_x09_assignees,Assigned technicians,Tehnicieni repartizați,field-x09-assignees,"T-F-X09-assignees: valid/empty/invalid/long Unicode, cancellation and interrupted-save cases."
F:X10-sender,field,,X10,Review export,app/src/main/java/com/v16studio/serviceloop/ui/DispatchCoordinatorUiV2.kt,B-015/B-016 and current source / DispatchExportReviewScreen,implemented field,C08,identityname,"Empty/filled/focus/invalid/read-only as applicable; Required; package codec accepts up to4000, no silent truncation",color.surface;color.textPrimary;color.textSecondary;color.outlineControl;color.focus;color.errorInk;color.disabledContainer;color.disabledText,L07,P04,Sender name in listed X10 field order,Required nonblank sender label; preserve package MAX_STRING=4000 inbound compatibility. Do not silently apply identity-codec200 or generic-title120 limit. Save: Invalidates preparation; only final artifact commit updates export state,Text / words capitalization; Done; label/required/helper/error spoken. Self-declared readable label,field_x10_sender,Sender name,Numele expeditorului,field-x10-sender,"T-F-X10-sender: valid/empty/invalid/long Unicode, cancellation and interrupted-save cases."
F:X02-name,field,,X02,Technician identity,app/src/main/java/com/v16studio/serviceloop/ui/DispatchUi.kt,B-015/B-016 and current source / TechnicianIdentityScreen,implemented field,C08,identityname,Empty/filled/focus/invalid/read-only as applicable; Required,color.surface;color.textPrimary;color.textSecondary;color.outlineControl;color.focus;color.errorInk;color.disabledContainer;color.disabledText,L05,P04,Technician name in listed X02 field order,Nonblank; identity codec accepts1–200 characters; do not apply generic120 cap to existing identity payloads. Save: Explicit Save name,Text / words capitalization; Done; label/required/helper/error spoken. Self-declared stable-ID label,field_x02_name,Technician name,Numele tehnicianului,field-x02-name,"T-F-X02-name: valid/empty/invalid/long Unicode, cancellation and interrupted-save cases."
F:X03-id,field,,X03,Technicians,app/src/main/java/com/v16studio/serviceloop/ui/DispatchUi.kt,B-015/B-016 and current source / DispatchTechniciansScreen,implemented field,C08,identifier,Empty/filled/focus/invalid/read-only as applicable; Required canonical manual ID,color.surface;color.textPrimary;color.textSecondary;color.outlineControl;color.focus;color.errorInk;color.disabledContainer;color.disabledText,L03,P04,Technician ID in listed X03 field order,"Plain identifier, adopted max120 unless format-specific codec differs; preserve exact identity, never parse as display name. Save: Add manually/import with explicit rename review",Text / no autocorrect; Next; label/required/helper/error spoken. Checksum valid does not authenticate,field_x03_id,Technician ID,ID tehnician,field-x03-id,"T-F-X03-id: valid/empty/invalid/long Unicode, cancellation and interrupted-save cases."
F:X03-name,field,,X03,Technicians,app/src/main/java/com/v16studio/serviceloop/ui/DispatchUi.kt,B-015/B-016 and current source / DispatchTechniciansScreen,implemented field,C08,identityname,Empty/filled/focus/invalid/read-only as applicable; Required,color.surface;color.textPrimary;color.textSecondary;color.outlineControl;color.focus;color.errorInk;color.disabledContainer;color.disabledText,L03,P04,Name in listed X03 field order,Nonblank; identity codec accepts1–200 characters; do not apply generic120 cap to existing identity payloads. Save: Add manually/import with explicit rename review,Text / words capitalization; Done; label/required/helper/error spoken. Local directory label,field_x03_name,Name,Nume,field-x03-name,"T-F-X03-name: valid/empty/invalid/long Unicode, cancellation and interrupted-save cases."
F:X04-name,field,,X04,Teams,app/src/main/java/com/v16studio/serviceloop/ui/DispatchUi.kt,B-015/B-016 and current source / DispatchTeamsScreen,implemented field,C08,name,Empty/filled/focus/invalid/read-only as applicable; Required,color.surface;color.textPrimary;color.textSecondary;color.outlineControl;color.focus;color.errorInk;color.disabledContainer;color.disabledText,L04,P04,New team name in listed X04 field order,Trim only at submission; required when marked; adopted general name/title bound120; preserve source-specific stricter rule. Never silently truncate. Save: Create team explicit; membership/leader immediate,"Text / words capitalization; Next, last field Done; label/required/helper/error spoken. Local coordinator team",field_x04_name,New team name,Nume echipă nouă,field-x04-name,"T-F-X04-name: valid/empty/invalid/long Unicode, cancellation and interrupted-save cases."
F:X04-member,field,,X04,Teams,app/src/main/java/com/v16studio/serviceloop/ui/DispatchUi.kt,B-015/B-016 and current source / DispatchTeamsScreen,implemented field,C13,checkbox,Empty/filled/focus/invalid/read-only as applicable; Per technician,color.action;color.onAction;color.outlineControl;color.textPrimary;color.textSecondary;color.focus;color.disabledText,L04,P04,Member in listed X04 field order,Boolean/selection buffer only unless immediate setting explicitly specified; dependent constraints checked before commit. Save: Create team explicit; membership/leader immediate,Checkbox / Space toggles; label/required/helper/error spoken. Immediate membership mutation,field_x04_member,Member,Membru,field-x04-member,"T-F-X04-member: valid/empty/invalid/long Unicode, cancellation and interrupted-save cases."
F:X04-leader,field,,X04,Teams,app/src/main/java/com/v16studio/serviceloop/ui/DispatchUi.kt,B-015/B-016 and current source / DispatchTeamsScreen,implemented field,C13,checkbox,Empty/filled/focus/invalid/read-only as applicable; Per existing membership,color.action;color.onAction;color.outlineControl;color.textPrimary;color.textSecondary;color.focus;color.disabledText,L04,P04,Leader in listed X04 field order,Boolean/selection buffer only unless immediate setting explicitly specified; dependent constraints checked before commit. Save: Create team explicit; membership/leader immediate,Checkbox / Space toggles; label/required/helper/error spoken. Immediate role mutation; multiple allowed,field_x04_leader,Leader,Lider,field-x04-leader,"T-F-X04-leader: valid/empty/invalid/long Unicode, cancellation and interrupted-save cases."
F:X01-enabled,field,,X01,Coordinator tools,app/src/main/java/com/v16studio/serviceloop/ui/DispatchUi.kt,B-015/B-016 and current source / DispatchSettings,implemented field,C14,switch,Empty/filled/focus/invalid/read-only as applicable; Default Off,color.action;color.onAction;color.surfaceSubtle;color.outlineControl;color.textPrimary;color.textSecondary;color.errorInk;color.focus,L04,P04,Coordinator tools in listed X01 field order,"Preference intent, not ambiguous record status; show actual external capability separately. Save: Current immediate local preference write; do not invent unsaved Save semantics","Switch / Space toggles; label/required/helper/error spoken. Local UI enablement, no remote control",field_x01_enabled,Coordinator tools,Instrumente de coordonare,field-x01-enabled,"T-F-X01-enabled: valid/empty/invalid/long Unicode, cancellation and interrupted-save cases."
F:X01-office,field,,X01,Coordinator tools,app/src/main/java/com/v16studio/serviceloop/ui/DispatchUi.kt,B-015/B-016 and current source / DispatchSettings,implemented field,C08,email,Empty/filled/focus/invalid/read-only as applicable; Optional,color.surface;color.textPrimary;color.textSecondary;color.outlineControl;color.focus;color.errorInk;color.disabledContainer;color.disabledText,L04,P04,Office report recipient in listed X01 field order,Optional; basic structure validation only where existing save contract requires it. No lookup or delivery verification. Save: Current immediate local preference write; do not invent unsaved Save semantics,"Email keyboard / no autocorrect; Next; label/required/helper/error spoken. External share suggestion, no delivery verification",field_x01_office,Office report recipient,Destinatar rapoarte la birou,field-x01-office,"T-F-X01-office: valid/empty/invalid/long Unicode, cancellation and interrupted-save cases."
F:X16-enabled,field,,X16,Calendar integration,app/src/main/java/com/v16studio/serviceloop/ui/ServiceLoopApp.kt,B-015/B-016 and current source / CalendarSettingsScreen,implemented field,C14,switch,Empty/filled/focus/invalid/read-only as applicable; Default Off,color.action;color.onAction;color.surfaceSubtle;color.outlineControl;color.textPrimary;color.textSecondary;color.errorInk;color.focus,L04,P04,Calendar integration in listed X16 field order,"Preference intent, not ambiguous record status; show actual external capability separately. Save: Explicit user action changes device-local state; provider failure separate",Switch / Space toggles; label/required/helper/error spoken. Device-local,field_x16_enabled,Calendar integration,Integrare calendar,field-x16-enabled,"T-F-X16-enabled: valid/empty/invalid/long Unicode, cancellation and interrupted-save cases."
F:X16-calendar,field,,X16,Calendar integration,app/src/main/java/com/v16studio/serviceloop/ui/ServiceLoopApp.kt,B-015/B-016 and current source / CalendarSettingsScreen,implemented field,C09,picker,Empty/filled/focus/invalid/read-only as applicable; Required for new automatic links,color.surface;color.textPrimary;color.textSecondary;color.icon;color.outlineDecorative;color.outlineControl;color.focus;color.errorInk,L04,P04,Preferred calendar in listed X16 field order,"Choose stable eligible ID, not display string. Clear only for explicitly optional relation; parent validates again at save. Save: Explicit user action changes device-local state; provider failure separate",No IME until searchable chooser; enter/space opens; label/required/helper/error spoken. Actual writable calendar/account label,field_x16_calendar,Preferred calendar,Calendar preferat,field-x16-calendar,"T-F-X16-calendar: valid/empty/invalid/long Unicode, cancellation and interrupted-save cases."
F:S39-page,field,,S39,Customer report,app/src/main/java/com/v16studio/serviceloop/ui/ServiceLoopApp.kt,C:S39-A01 / ReportPreviewScreen,adopted/pending,C08,positiveint,Empty/filled/focus/invalid/read-only as applicable; 1 through current PDF page count,color.surface;color.textPrimary;color.textSecondary;color.outlineControl;color.focus;color.errorInk;color.disabledContainer;color.disabledText,L10,P04,Go to page in listed S39 field order,"Whole integer in1..actual page count; empty/invalid/out-of-range rejected, not clamped silently. Save: Confirm navigates to the chosen actual page; Cancel leaves page unchanged","Number keyboard; Next; label/required/helper/error spoken. Navigation only, not PDF modification",field_s39_page,Go to page,Mergi la pagina,field-s39-page,"T-F-S39-page: valid/empty/invalid/long Unicode, cancellation and interrupted-save cases."
